transaction,symbol,buyer,seller,quantity,rate,amount,date
2026030905001212,PPL,11,68,20.0,424.0,8480.0,2026-03-09
2026030905001211,HRL,58,33,86.0,944.7,81244.2,2026-03-09
2026030905001210,HRL,58,43,400.0,944.0,377600.0,2026-03-09
2026030905001209,HRL,58,21,14.0,943.5,13209.0,2026-03-09
2026030905001208,NIFRA,60,58,50.0,294.5,14725.0,2026-03-09
2026030904001404,AKPL,58,46,300.0,299.0,89700.0,2026-03-09
2026030904001403,AKPL,58,41,100.0,299.0,29900.0,2026-03-09
2026030904001402,HDHPC,58,36,227.0,221.9,50371.3,2026-03-09
2026030904001401,RIDI,58,58,130.0,342.0,44460.0,2026-03-09
2026030905001207,SHIVM,58,33,12.0,675.0,8100.0,2026-03-09
2026030905001206,CKHL,58,33,10.0,766.0,7660.0,2026-03-09
2026030905001205,CKHL,58,96,20.0,766.0,15320.0,2026-03-09
2026030904001400,UPPER,58,78,300.0,208.6,62580.0,2026-03-09
2026030905001204,MEL,58,40,10.0,314.0,3140.0,2026-03-09
2026030905001203,PHCL,17,47,70.0,327.0,22890.0,2026-03-09
2026030904001399,UPCL,18,93,395.0,414.8,163846.0,2026-03-09
2026030905001202,SHIVM,57,33,30.0,675.0,20250.0,2026-03-09
2026030905001201,BHPL,49,48,10.0,614.0,6140.0,2026-03-09
2026030904001398,BARUN,32,96,375.0,389.0,145875.0,2026-03-09
2026030903000533,ALBSL,38,86,21.0,1190.5,25000.5,2026-03-09
2026030905001200,SMHL,40,41,400.0,509.0,203600.0,2026-03-09
2026030905001199,SMHL,44,41,40.0,509.0,20360.0,2026-03-09
2026030901000902,SRLI,33,74,500.0,420.0,210000.0,2026-03-09
2026030904001397,API,63,26,15.0,340.0,5100.0,2026-03-09
2026030904001396,API,42,26,285.0,342.0,97470.0,2026-03-09
2026030905001198,TVCL,69,68,10.0,676.0,6760.0,2026-03-09
2026030905001197,HDL,6,75,20.0,1270.0,25400.0,2026-03-09
2026030901000901,SAIL,57,81,180.0,1466.0,263880.0,2026-03-09
2026030901000900,SAIL,57,48,10.0,1460.0,14600.0,2026-03-09
2026030901000899,SAIL,57,56,60.0,1455.0,87300.0,2026-03-09
2026030901000898,MBL,14,51,50.0,255.6,12780.0,2026-03-09
2026030905001196,SMHL,49,16,723.0,505.0,365115.0,2026-03-09
2026030905001195,SMHL,19,16,60.0,505.0,30300.0,2026-03-09
2026030905001194,SMHL,1,16,69.0,505.0,34845.0,2026-03-09
2026030905001193,SMHL,6,16,148.0,506.0,74888.0,2026-03-09
2026030903000532,FMDBL,19,6,60.0,880.0,52800.0,2026-03-09
2026030903000531,NMFBS,49,14,10.0,1167.9,11679.0,2026-03-09
2026030903000530,ILBS,62,48,10.0,987.0,9870.0,2026-03-09
2026030904001395,BARUN,42,29,1000.0,385.0,385000.0,2026-03-09
2026030904001394,RIDI,65,58,900.0,342.0,307800.0,2026-03-09
2026030904001393,RIDI,65,40,100.0,339.9,33990.0,2026-03-09
2026030905001192,MCHL,7,74,10.0,447.1,4471.0,2026-03-09
2026030901000897,PRVU,38,74,10.0,213.0,2130.0,2026-03-09
2026030905001191,SHIVM,45,33,10.0,675.0,6750.0,2026-03-09
2026030904001392,UPCL,48,93,500.0,414.8,207400.0,2026-03-09
2026030904001391,API,42,49,215.0,342.0,73530.0,2026-03-09
2026030903000529,HLI,59,22,61.0,397.8,24265.8,2026-03-09
2026030903000528,HLI,52,22,100.0,397.8,39780.0,2026-03-09
2026030903000527,HLI,16,22,50.0,397.8,19890.0,2026-03-09
2026030903000526,HLI,58,22,122.0,397.8,48531.6,2026-03-09
2026030903000525,HLI,48,22,10.0,397.8,3978.0,2026-03-09
2026030903000524,HLI,58,22,122.0,397.8,48531.6,2026-03-09
2026030903000523,HLI,32,22,10.0,397.8,3978.0,2026-03-09
2026030903000522,HLI,44,22,122.0,397.8,48531.6,2026-03-09
2026030903000521,HLI,16,22,200.0,397.8,79560.0,2026-03-09
2026030903000520,HLI,61,22,125.0,397.8,49725.0,2026-03-09
2026030903000519,HLI,14,22,78.0,397.8,31028.4,2026-03-09
2026030905001190,BHL,6,91,200.0,225.3,45060.0,2026-03-09
2026030901000896,SRLI,49,74,440.0,420.0,184800.0,2026-03-09
2026030905001189,SHIVM,45,33,1000.0,675.0,675000.0,2026-03-09
2026030903000518,GFCL,77,22,90.0,715.7,64413.0,2026-03-09
2026030905001188,SMHL,49,41,100.0,509.0,50900.0,2026-03-09
2026030903000517,PMLI,28,64,10.0,531.0,5310.0,2026-03-09
2026030904001390,RIDI,17,58,124.0,342.0,42408.0,2026-03-09
2026030904001389,RIDI,17,48,490.0,342.0,167580.0,2026-03-09
2026030904001388,RIDI,17,43,200.0,340.0,68000.0,2026-03-09
2026030904001387,RIDI,17,82,186.0,340.0,63240.0,2026-03-09
2026030901000895,MABEL,13,36,52.0,816.0,42432.0,2026-03-09
2026030901000894,MABEL,13,48,126.0,816.0,102816.0,2026-03-09
2026030901000893,TTL,14,44,80.0,999.0,79920.0,2026-03-09
2026030901000892,BHCL,33,66,10.0,639.0,6390.0,2026-03-09
2026030905001187,NYADI,41,41,75.0,429.0,32175.0,2026-03-09
2026030904001386,LEC,1,51,14.0,243.0,3402.0,2026-03-09
2026030905001186,SPHL,33,44,10.0,561.0,5610.0,2026-03-09
2026030905001185,NRIC,55,58,100.0,1340.0,134000.0,2026-03-09
2026030903000516,NFS,47,48,150.0,695.0,104250.0,2026-03-09
2026030905001184,SMHL,54,41,300.0,509.0,152700.0,2026-03-09
2026030905001183,SHIVM,58,21,500.0,686.0,343000.0,2026-03-09
2026030901000891,BANDIPUR,58,3,10.0,1038.0,10380.0,2026-03-09
2026030901000890,BANDIPUR,58,42,10.0,1035.0,10350.0,2026-03-09
2026030905001182,BHPL,58,48,50.0,614.0,30700.0,2026-03-09
2026030905001181,PHCL,17,58,90.0,327.0,29430.0,2026-03-09
2026030905001180,PHCL,39,58,460.0,327.0,150420.0,2026-03-09
2026030905001179,PHCL,52,58,50.0,327.0,16350.0,2026-03-09
2026030905001178,EHPL,50,58,10.0,436.0,4360.0,2026-03-09
2026030903000515,GUFL,58,60,90.0,603.5,54315.0,2026-03-09
2026030904001385,AHPC,58,16,10.0,310.0,3100.0,2026-03-09
2026030904001384,UPPER,58,78,80.0,208.6,16688.0,2026-03-09
2026030904001383,UPPER,49,78,100.0,208.6,20860.0,2026-03-09
2026030904001382,UPPER,48,78,500.0,208.6,104300.0,2026-03-09
2026030904001381,UPPER,13,78,100.0,208.6,20860.0,2026-03-09
2026030904001380,UPPER,11,78,750.0,208.6,156450.0,2026-03-09
2026030904001379,UPPER,6,78,300.0,208.6,62580.0,2026-03-09
2026030904001378,UPPER,33,78,200.0,208.6,41720.0,2026-03-09
2026030904001377,UPPER,62,78,150.0,208.6,31290.0,2026-03-09
2026030904001376,UPPER,48,78,200.0,208.6,41720.0,2026-03-09
2026030904001375,UPPER,51,78,1110.0,208.6,231546.0,2026-03-09
2026030904001374,UPPER,10,78,60.0,208.6,12516.0,2026-03-09
2026030904001373,UPPER,58,78,36.0,208.6,7509.6,2026-03-09
2026030905001177,SMHL,48,41,30.0,509.0,15270.0,2026-03-09
2026030904001372,UNHPL,51,80,100.0,525.0,52500.0,2026-03-09
2026030905001176,PPL,28,41,1000.0,423.0,423000.0,2026-03-09
2026030904001371,KPCL,57,22,10.0,564.0,5640.0,2026-03-09
2026030904001370,RIDI,41,82,1000.0,340.0,340000.0,2026-03-09
2026030904001369,IGI,10,91,10.0,470.0,4700.0,2026-03-09
2026030904001368,RIDI,29,82,1000.0,340.0,340000.0,2026-03-09
2026030904001367,SPDL,53,16,300.0,430.0,129000.0,2026-03-09
2026030903000514,PMLI,33,29,10.0,521.2,5212.0,2026-03-09
2026030904001366,API,10,40,6486.0,345.0,2237670.0,2026-03-09
2026030904001365,API,10,57,50.0,345.0,17250.0,2026-03-09
2026030904001364,API,10,51,75.0,345.0,25875.0,2026-03-09
2026030904001363,API,10,34,200.0,343.1,68620.0,2026-03-09
2026030904001362,API,10,45,500.0,343.0,171500.0,2026-03-09
2026030904001361,API,10,13,10.0,342.9,3429.0,2026-03-09
2026030904001360,API,10,49,1050.0,342.0,359100.0,2026-03-09
2026030904001359,API,10,49,174.0,342.0,59508.0,2026-03-09
2026030904001358,API,10,56,2828.0,342.0,967176.0,2026-03-09
2026030901000889,KBL,64,17,67.0,216.1,14478.7,2026-03-09
2026030901000888,KBL,16,17,43.0,216.5,9309.5,2026-03-09
2026030905001175,DOLTI,49,55,60.0,530.0,31800.0,2026-03-09
2026030901000887,HIMSTAR,60,41,10.0,1117.0,11170.0,2026-03-09
2026030905001174,TSHL,28,50,10.0,802.2,8022.0,2026-03-09
2026030901000886,KBL,16,51,80.0,216.5,17320.0,2026-03-09
2026030901000885,BUNGAL,65,95,50.0,713.0,35650.0,2026-03-09
2026030904001357,SHPC,4,99,50.0,579.0,28950.0,2026-03-09
2026030903000513,LBBL,59,89,1930.0,524.0,1011320.0,2026-03-09
2026030903000512,LBBL,59,60,3070.0,522.0,1602540.0,2026-03-09
2026030904001356,API,48,56,347.0,342.0,118674.0,2026-03-09
2026030904001355,API,48,44,105.0,341.0,35805.0,2026-03-09
2026030904001354,API,48,61,525.0,341.0,179025.0,2026-03-09
2026030904001353,API,48,99,500.0,341.0,170500.0,2026-03-09
2026030904001352,API,48,17,2005.0,341.0,683705.0,2026-03-09
2026030904001351,API,48,8,1000.0,340.0,340000.0,2026-03-09
2026030904001350,API,48,29,100.0,340.0,34000.0,2026-03-09
2026030904001349,API,48,25,418.0,340.0,142120.0,2026-03-09
2026030905001173,DOLTI,44,55,24.0,530.6,12734.4,2026-03-09
2026030905001172,DOLTI,35,55,10.0,530.6,5306.0,2026-03-09
2026030905001171,DOLTI,58,55,30.0,530.6,15918.0,2026-03-09
2026030905001170,AHL,95,33,10.0,525.1,5251.0,2026-03-09
2026030904001348,PMHPL,14,48,200.0,399.9,79980.0,2026-03-09
2026030903000511,GBBL,95,55,200.0,424.4,84880.0,2026-03-09
2026030905001169,NRIC,40,32,415.0,1290.0,535350.0,2026-03-09
2026030905001168,NRIC,19,32,500.0,1300.0,650000.0,2026-03-09
2026030905001167,NRIC,62,32,500.0,1300.0,650000.0,2026-03-09
2026030905001166,NRIC,34,32,500.0,1300.5,650250.0,2026-03-09
2026030905001165,NRIC,34,32,50.0,1300.7,65035.0,2026-03-09
2026030905001164,NRIC,39,32,1000.0,1325.0,1325000.0,2026-03-09
2026030905001163,NRIC,32,32,50.0,1326.0,66300.0,2026-03-09
2026030905001162,NRIC,94,32,100.0,1326.0,132600.0,2026-03-09
2026030905001161,NRIC,56,32,290.0,1326.0,384540.0,2026-03-09
2026030901000884,HIDCLP,40,67,920.0,211.0,194120.0,2026-03-09
2026030901000883,HIDCLP,40,58,80.0,210.0,16800.0,2026-03-09
2026030901000882,SYPNL,58,97,20.0,2030.0,40600.0,2026-03-09
2026030904001347,JOSHI,58,60,50.0,322.0,16100.0,2026-03-09
2026030901000881,SYPNL,58,97,10.0,2030.0,20300.0,2026-03-09
2026030904001346,HDHPC,58,38,500.0,222.0,111000.0,2026-03-09
2026030904001345,HDHPC,58,65,1000.0,221.0,221000.0,2026-03-09
2026030901000880,SAIL,34,56,30.0,1455.0,43650.0,2026-03-09
2026030903000510,SAPDBL,48,74,150.0,890.0,133500.0,2026-03-09
2026030905001160,SPC,67,37,10.0,530.0,5300.0,2026-03-09
2026030903000509,GILB,45,34,10.0,1173.0,11730.0,2026-03-09
2026030903000508,GILB,45,1,10.0,1173.0,11730.0,2026-03-09
2026030901000879,SYPNL,80,97,100.0,2030.0,203000.0,2026-03-09
2026030901000878,NIMB,54,13,82.0,214.3,17572.6,2026-03-09
2026030904001344,KKHC,7,49,65.0,321.0,20865.0,2026-03-09
2026030905001159,NRIC,50,58,547.0,1340.0,732980.0,2026-03-09
2026030905001158,NRIC,50,38,453.0,1340.0,607020.0,2026-03-09
2026030905001157,NRIC,34,38,10.0,1340.0,13400.0,2026-03-09
2026030904001343,AKJCL,52,81,100.0,394.0,39400.0,2026-03-09
2026030904001342,RIDI,16,82,300.0,340.0,102000.0,2026-03-09
2026030904001341,PPCL,20,3,50.0,403.9,20195.0,2026-03-09
2026030901000877,SAIL,43,56,100.0,1455.0,145500.0,2026-03-09
2026030905001156,SHIVM,71,21,11.0,686.0,7546.0,2026-03-09
2026030905001155,SHIVM,71,62,89.0,686.0,61054.0,2026-03-09
2026030904001340,RURU,91,8,41.0,709.5,29089.5,2026-03-09
2026030905001154,DORDI,64,3,10.0,305.0,3050.0,2026-03-09
2026030901000876,NMIC,4,41,10.0,1380.0,13800.0,2026-03-09
2026030903000507,JBBL,6,44,10.0,366.1,3661.0,2026-03-09
2026030901000875,PURE,66,74,10.0,1090.0,10900.0,2026-03-09
2026030904001339,API,43,25,50.0,340.0,17000.0,2026-03-09
2026030904001338,NGPL,18,60,460.0,455.0,209300.0,2026-03-09
2026030904001337,RADHI,48,44,30.0,920.0,27600.0,2026-03-09
2026030903000506,CBBL,14,42,10.0,975.7,9757.0,2026-03-09
2026030904001336,AKJCL,11,81,10.0,394.0,3940.0,2026-03-09
2026030904001335,JOSHI,36,62,500.0,320.0,160000.0,2026-03-09
2026030904001334,AHPC,55,16,50.0,310.0,15500.0,2026-03-09
2026030905001153,ENL,6,55,10.0,955.1,9551.0,2026-03-09
2026030901000874,BUNGAL,62,95,11.0,713.0,7843.0,2026-03-09
2026030901000873,BUNGAL,62,28,45.0,713.0,32085.0,2026-03-09
2026030904001333,KKHC,42,44,465.0,322.0,149730.0,2026-03-09
2026030904001332,KKHC,42,50,535.0,317.0,169595.0,2026-03-09
2026030904001331,AHPC,49,50,1499.0,310.0,464690.0,2026-03-09
2026030901000872,CZBIL,60,8,10.0,215.3,2153.0,2026-03-09
2026030904001330,RADHI,34,5,2423.0,912.0,2209776.0,2026-03-09
2026030905001152,GVL,59,58,10.0,535.0,5350.0,2026-03-09
2026030903000505,USLB,41,34,10.0,1531.0,15310.0,2026-03-09
2026030904001329,SHEL,53,6,100.0,330.0,33000.0,2026-03-09
2026030901000871,PRVU,14,41,32.0,210.1,6723.2,2026-03-09
2026030904001328,SPDL,67,16,10.0,430.0,4300.0,2026-03-09
2026030904001327,UPCL,3,93,22.0,414.8,9125.6,2026-03-09
2026030905001151,BHL,6,43,100.0,225.3,22530.0,2026-03-09
2026030901000870,HIDCLP,57,58,1000.0,210.0,210000.0,2026-03-09
2026030904001326,SALICO,41,29,10.0,624.2,6242.0,2026-03-09
2026030904001325,NICL,46,35,10.0,532.5,5325.0,2026-03-09
2026030905001150,SONA,34,29,40.0,465.0,18600.0,2026-03-09
2026030904001324,UMHL,4,28,370.0,669.0,247530.0,2026-03-09
2026030904001323,UMHL,74,28,60.0,669.0,40140.0,2026-03-09
2026030905001149,SANVI,58,33,210.0,892.0,187320.0,2026-03-09
2026030905001148,NIFRA,60,58,120.0,294.5,35340.0,2026-03-09
2026030905001147,BBC,58,62,10.0,5000.0,50000.0,2026-03-09
2026030905001146,BBC,58,58,10.0,4903.3,49033.0,2026-03-09
2026030904001322,AKJCL,58,81,40.0,394.0,15760.0,2026-03-09
2026030904001321,AHPC,58,50,10.0,310.0,3100.0,2026-03-09
2026030901000869,SAIL,58,56,10.0,1455.0,14550.0,2026-03-09
2026030904001320,UPPER,58,58,120.0,208.6,25032.0,2026-03-09
2026030904001319,RHPL,49,58,20.0,316.0,6320.0,2026-03-09
2026030905001145,PHCL,58,65,110.0,328.0,36080.0,2026-03-09
2026030904001318,HURJA,26,58,250.0,282.5,70625.0,2026-03-09
2026030904001317,HURJA,13,58,100.0,285.0,28500.0,2026-03-09
2026030904001316,HURJA,58,58,10.0,287.0,2870.0,2026-03-09
2026030904001315,HURJA,14,58,500.0,287.0,143500.0,2026-03-09
2026030904001314,HURJA,39,58,140.0,287.6,40264.0,2026-03-09
2026030901000868,SYPNL,58,94,160.0,2035.0,325600.0,2026-03-09
2026030905001144,SMHL,47,33,60.0,510.0,30600.0,2026-03-09
2026030904001313,GHL,59,100,1000.0,263.1,263100.0,2026-03-09
2026030904001312,AHPC,26,50,500.0,310.0,155000.0,2026-03-09
2026030904001311,NHPC,57,17,2000.0,241.0,482000.0,2026-03-09
2026030901000867,SBI,57,44,130.0,440.0,57200.0,2026-03-09
2026030901000866,SBI,57,33,20.0,440.0,8800.0,2026-03-09
2026030904001310,GLH,51,48,670.0,286.0,191620.0,2026-03-09
2026030901000865,BANDIPUR,44,3,400.0,1038.0,415200.0,2026-03-09
2026030901000864,TTL,35,89,10.0,980.0,9800.0,2026-03-09
2026030904001309,LEC,25,57,10.0,240.0,2400.0,2026-03-09
2026030901000863,NMB,94,57,180.0,246.7,44406.0,2026-03-09
2026030901000862,NMB,17,57,10.0,246.7,2467.0,2026-03-09
2026030901000861,NMB,54,57,490.0,246.7,120883.0,2026-03-09
2026030901000860,NMB,45,57,200.0,247.0,49400.0,2026-03-09
2026030901000859,NMB,58,57,20.0,251.0,5020.0,2026-03-09
2026030901000858,NMB,41,57,2000.0,251.6,503200.0,2026-03-09
2026030901000857,NMB,22,57,100.0,251.6,25160.0,2026-03-09
2026030901000856,NMB,74,57,1000.0,251.6,251600.0,2026-03-09
2026030901000855,NMB,34,57,1000.0,251.6,251600.0,2026-03-09
2026030901000854,GBIME,16,53,500.0,250.0,125000.0,2026-03-09
2026030905001143,USHL,32,58,10.0,789.0,7890.0,2026-03-09
2026030904001308,KKHC,45,50,100.0,317.0,31700.0,2026-03-09
2026030904001307,SHEL,53,16,70.0,330.0,23100.0,2026-03-09
2026030901000853,KBL,40,58,100.0,219.7,21970.0,2026-03-09
2026030905001142,MBJC,8,94,500.0,321.9,160950.0,2026-03-09
2026030904001306,AKJCL,8,81,48.0,394.0,18912.0,2026-03-09
2026030905001141,NYADI,81,41,10.0,429.0,4290.0,2026-03-09
2026030905001140,SMHL,49,33,390.0,510.0,198900.0,2026-03-09
2026030905001139,SMH,6,34,10.0,660.0,6600.0,2026-03-09
2026030903000504,SLBBL,85,85,10.0,891.1,8911.0,2026-03-09
2026030905001138,SHIVM,49,62,11.0,686.0,7546.0,2026-03-09
2026030905001137,SHIVM,49,60,369.0,686.0,253134.0,2026-03-09
2026030905001136,SHIVM,49,56,120.0,680.0,81600.0,2026-03-09
2026030901000852,HBL,48,59,200.0,212.0,42400.0,2026-03-09
2026030903000503,LBBL,59,60,500.0,522.0,261000.0,2026-03-09
2026030904001305,SHEL,41,16,100.0,330.0,33000.0,2026-03-09
2026030903000502,GMFIL,34,42,10.0,493.0,4930.0,2026-03-09
2026030905001135,USHL,74,58,10.0,789.0,7890.0,2026-03-09
2026030905001134,MMKJL,46,43,10.0,613.0,6130.0,2026-03-09
2026030904001304,API,39,25,500.0,340.0,170000.0,2026-03-09
2026030905001133,MBJC,34,94,60.0,321.9,19314.0,2026-03-09
2026030905001132,MBJC,34,29,140.0,321.8,45052.0,2026-03-09
2026030904001303,NHPC,36,85,100.0,244.1,24410.0,2026-03-09
2026030905001131,RAWA,6,52,10.0,740.0,7400.0,2026-03-09
2026030904001302,HDHPC,8,38,700.0,222.0,155400.0,2026-03-09
2026030901000851,SAIL,6,62,10.0,1443.0,14430.0,2026-03-09
2026030901000850,SAIL,63,62,150.0,1443.0,216450.0,2026-03-09
2026030901000849,SRLI,49,63,360.0,420.0,151200.0,2026-03-09
2026030901000848,SRLI,42,63,140.0,420.3,58842.0,2026-03-09
2026030904001301,BARUN,49,96,100.0,389.0,38900.0,2026-03-09
2026030904001300,NHPC,57,58,300.0,241.0,72300.0,2026-03-09
2026030905001130,HDL,58,22,29.0,1254.0,36366.0,2026-03-09
2026030903000501,SADBL,58,41,10.0,445.0,4450.0,2026-03-09
2026030904001299,API,58,25,300.0,340.0,102000.0,2026-03-09
2026030905001129,SANVI,1,33,30.0,892.0,26760.0,2026-03-09
2026030904001298,UPCL,49,93,10.0,414.8,4148.0,2026-03-09
2026030904001297,UPCL,49,67,500.0,414.0,207000.0,2026-03-09
2026030904001296,UPCL,49,59,90.0,413.0,37170.0,2026-03-09
2026030905001128,EHPL,50,18,10.0,436.0,4360.0,2026-03-09
2026030905001127,EHPL,50,64,10.0,436.0,4360.0,2026-03-09
2026030904001295,NLG,7,64,10.0,707.4,7074.0,2026-03-09
2026030905001126,MHCL,22,59,20.0,382.0,7640.0,2026-03-09
2026030905001125,BHL,6,34,25.0,225.3,5632.5,2026-03-09
2026030904001294,CGH,58,70,90.0,900.0,81000.0,2026-03-09
2026030904001293,AKPL,38,41,100.0,299.0,29900.0,2026-03-09
2026030904001292,SHEL,11,16,800.0,330.0,264000.0,2026-03-09
2026030904001291,AHPC,14,50,40.0,310.0,12400.0,2026-03-09
2026030901000847,PURE,39,74,40.0,1090.0,43600.0,2026-03-09
2026030901000846,PURE,39,66,10.0,1078.0,10780.0,2026-03-09
2026030901000845,TTL,53,44,115.0,999.0,114885.0,2026-03-09
2026030905001124,BHPL,57,42,30.0,615.0,18450.0,2026-03-09
2026030901000844,CZBIL,59,34,1000.0,215.3,215300.0,2026-03-09
2026030904001290,SHEL,14,16,30.0,330.0,9900.0,2026-03-09
2026030904001289,SHEL,14,45,200.0,330.0,66000.0,2026-03-09
2026030904001288,SHEL,14,51,70.0,330.0,23100.0,2026-03-09
2026030901000843,BANDIPUR,1,3,20.0,1038.0,20760.0,2026-03-09
2026030904001287,API,55,25,25.0,340.0,8500.0,2026-03-09
2026030904001286,API,33,25,300.0,340.0,102000.0,2026-03-09
2026030904001285,API,33,96,200.0,337.5,67500.0,2026-03-09
2026030903000500,JBBL,6,29,10.0,366.1,3661.0,2026-03-09
2026030904001284,BPCL,47,60,80.0,800.0,64000.0,2026-03-09
2026030901000842,SNLI,7,11,150.0,495.0,74250.0,2026-03-09
2026030905001123,SHIVM,11,56,180.0,680.0,122400.0,2026-03-09
2026030905001122,SHIVM,57,56,200.0,680.0,136000.0,2026-03-09
2026030901000841,SARBTM,16,41,100.0,924.0,92400.0,2026-03-09
2026030905001121,BHL,6,56,250.0,225.3,56325.0,2026-03-09
2026030905001120,BHL,33,56,250.0,225.3,56325.0,2026-03-09
2026030905001119,SHIVM,60,60,50.0,686.0,34300.0,2026-03-09
2026030905001118,SHIVM,60,43,50.0,685.0,34250.0,2026-03-09
2026030904001283,SHL,17,51,100.0,530.0,53000.0,2026-03-09
2026030904001282,RIDI,50,82,50.0,340.0,17000.0,2026-03-09
2026030901000840,SYPNL,49,94,10.0,2035.0,20350.0,2026-03-09
2026030901000839,SYPNL,18,94,430.0,2035.0,875050.0,2026-03-09
2026030903000499,MFIL,38,14,90.0,900.0,81000.0,2026-03-09
2026030905001117,SMHL,17,33,680.0,510.0,346800.0,2026-03-09
2026030901000838,SRLI,42,58,10.0,420.3,4203.0,2026-03-09
2026030904001281,API,14,96,100.0,337.5,33750.0,2026-03-09
2026030905001116,MHCL,5,89,15.0,382.8,5742.0,2026-03-09
2026030905001115,MHCL,5,57,45.0,382.0,17190.0,2026-03-09
2026030905001114,MHCL,5,77,200.0,380.0,76000.0,2026-03-09
2026030905001113,MHCL,5,53,200.0,380.0,76000.0,2026-03-09
2026030905001112,MHCL,5,77,40.0,380.0,15200.0,2026-03-09
2026030904001280,UPPER,58,45,620.0,208.6,129332.0,2026-03-09
2026030904001279,UPPER,32,45,500.0,208.6,104300.0,2026-03-09
2026030904001278,UPPER,52,45,1180.0,208.6,246148.0,2026-03-09
2026030904001277,MEN,28,1,10.0,648.1,6481.0,2026-03-09
2026030901000837,MABEL,58,48,32.0,816.0,26112.0,2026-03-09
2026030905001111,BHPL,58,42,100.0,615.0,61500.0,2026-03-09
2026030903000498,LBBL,58,60,20.0,522.0,10440.0,2026-03-09
2026030903000497,ALICL,58,58,60.0,480.0,28800.0,2026-03-09
2026030905001110,IHL,58,80,10.0,547.2,5472.0,2026-03-09
2026030901000836,BANDIPUR,58,58,10.0,1040.0,10400.0,2026-03-09
2026030901000835,CITY,58,58,10.0,536.6,5366.0,2026-03-09
2026030905001109,HRL,16,60,92.0,901.0,82892.0,2026-03-09
2026030905001108,HRL,49,60,90.0,901.0,81090.0,2026-03-09
2026030905001107,HRL,54,60,71.0,902.0,64042.0,2026-03-09
2026030905001106,HRL,45,60,100.0,905.0,90500.0,2026-03-09
2026030905001105,HRL,64,60,49.0,910.0,44590.0,2026-03-09
2026030905001104,HRL,36,60,15.0,911.0,13665.0,2026-03-09
2026030905001103,HRL,57,60,60.0,919.0,55140.0,2026-03-09
2026030905001102,HRL,48,60,100.0,919.0,91900.0,2026-03-09
2026030905001101,HRL,34,60,50.0,919.0,45950.0,2026-03-09
2026030905001100,HRL,58,60,90.0,919.0,82710.0,2026-03-09
2026030905001099,HRL,4,60,500.0,920.0,460000.0,2026-03-09
2026030905001098,HRL,34,60,500.0,925.0,462500.0,2026-03-09
2026030905001097,HRL,45,60,50.0,925.0,46250.0,2026-03-09
2026030905001096,HRL,5,60,30.0,926.0,27780.0,2026-03-09
2026030905001095,HRL,91,60,28.0,926.0,25928.0,2026-03-09
2026030905001094,HRL,19,60,200.0,928.0,185600.0,2026-03-09
2026030905001093,HRL,38,60,40.0,932.0,37280.0,2026-03-09
2026030905001092,HRL,4,60,160.0,937.0,149920.0,2026-03-09
2026030905001091,HRL,65,60,160.0,937.0,149920.0,2026-03-09
2026030905001090,HRL,16,60,50.0,937.0,46850.0,2026-03-09
2026030905001089,HRL,55,60,12.0,940.0,11280.0,2026-03-09
2026030901000834,NWCL,94,64,10.0,958.8,9588.0,2026-03-09
2026030904001276,API,54,96,200.0,337.5,67500.0,2026-03-09
2026030904001275,UPPER,52,35,500.0,208.6,104300.0,2026-03-09
2026030904001274,SHEL,68,62,200.0,327.6,65520.0,2026-03-09
2026030905001088,PHCL,1,65,100.0,328.0,32800.0,2026-03-09
2026030901000833,BANDIPUR,42,1,250.0,1030.0,257500.0,2026-03-09
2026030901000832,BANDIPUR,34,1,500.0,1030.0,515000.0,2026-03-09
2026030901000831,BANDIPUR,57,1,50.0,1030.0,51500.0,2026-03-09
2026030901000830,BANDIPUR,28,1,200.0,1038.0,207600.0,2026-03-09
2026030904001273,HURJA,34,95,10.0,291.0,2910.0,2026-03-09
2026030901000829,BANDIPUR,64,58,80.0,1040.0,83200.0,2026-03-09
2026030905001087,HRL,88,21,66.0,943.5,62271.0,2026-03-09
2026030905001086,HRL,88,34,50.0,943.0,47150.0,2026-03-09
2026030905001085,HRL,88,32,100.0,942.0,94200.0,2026-03-09
2026030905001084,HRL,88,37,34.0,941.0,31994.0,2026-03-09
2026030904001272,HDHPC,41,38,100.0,222.0,22200.0,2026-03-09
2026030901000828,HBL,74,59,10.0,212.0,2120.0,2026-03-09
2026030903000496,LICN,60,39,300.0,853.7,256110.0,2026-03-09
2026030903000495,LICN,94,39,200.0,855.0,171000.0,2026-03-09
2026030904001271,HPPL,52,58,620.0,505.0,313100.0,2026-03-09
2026030904001270,HPPL,52,49,870.0,500.0,435000.0,2026-03-09
2026030905001083,HRL,55,57,10.0,940.0,9400.0,2026-03-09
2026030901000827,HIMSTAR,48,41,25.0,1117.0,27925.0,2026-03-09
2026030901000826,HIMSTAR,48,47,75.0,1116.0,83700.0,2026-03-09
2026030905001082,DORDI,34,3,200.0,305.0,61000.0,2026-03-09
2026030901000825,TTL,45,44,30.0,999.0,29970.0,2026-03-09
2026030905001081,USHEC,1,14,10.0,490.0,4900.0,2026-03-09
2026030904001269,NGPL,29,84,400.0,458.0,183200.0,2026-03-09
2026030903000494,MNBBL,26,57,300.0,385.9,115770.0,2026-03-09
2026030905001080,RNLI,50,41,100.0,520.2,52020.0,2026-03-09
2026030903000493,RSDC,96,62,10.0,710.0,7100.0,2026-03-09
2026030904001268,LEC,5,51,500.0,243.0,121500.0,2026-03-09
2026030901000824,NMIC,4,74,10.0,1380.0,13800.0,2026-03-09
2026030901000823,SNLI,60,11,10.0,495.0,4950.0,2026-03-09
2026030905001079,MKJC,48,70,717.0,580.3,416075.1,2026-03-09
2026030905001078,MKJC,48,52,10.0,580.0,5800.0,2026-03-09
2026030905001077,MKJC,48,48,10.0,580.0,5800.0,2026-03-09
2026030905001076,MKJC,48,62,3800.0,570.0,2166000.0,2026-03-09
2026030905001075,MKJC,48,72,100.0,570.0,57000.0,2026-03-09
2026030905001074,MKJC,48,48,10.0,570.0,5700.0,2026-03-09
2026030905001073,MKJC,48,34,100.0,569.0,56900.0,2026-03-09
2026030905001072,MKJC,48,37,500.0,569.0,284500.0,2026-03-09
2026030905001071,MKJC,48,38,240.0,569.0,136560.0,2026-03-09
2026030905001070,MKJC,48,60,3500.0,560.0,1960000.0,2026-03-09
2026030905001069,MKJC,48,46,60.0,559.0,33540.0,2026-03-09
2026030905001068,MKJC,48,94,70.0,559.0,39130.0,2026-03-09
2026030905001067,MKJC,48,98,618.0,555.0,342990.0,2026-03-09
2026030905001066,MKJC,14,98,500.0,555.0,277500.0,2026-03-09
2026030905001065,MHCL,66,77,10.0,380.0,3800.0,2026-03-09
2026030904001267,RIDI,40,82,200.0,340.0,68000.0,2026-03-09
2026030901000822,CREST,51,78,100.0,1532.9,153290.0,2026-03-09
2026030901000821,CREST,51,61,100.0,1529.0,152900.0,2026-03-09
2026030901000820,SAGAR,41,53,10.0,2172.0,21720.0,2026-03-09
2026030901000819,NBL,57,5,100.0,276.0,27600.0,2026-03-09
2026030901000818,SYPNL,58,94,180.0,2035.0,366300.0,2026-03-09
2026030901000817,KBL,58,58,995.0,219.7,218601.5,2026-03-09
2026030904001266,API,58,96,500.0,337.5,168750.0,2026-03-09
2026030905001064,NIFRA,60,58,100.0,294.5,29450.0,2026-03-09
2026030901000816,NBL,53,5,100.0,276.0,27600.0,2026-03-09
2026030905001063,BHL,33,58,200.0,225.3,45060.0,2026-03-09
2026030901000815,BANDIPUR,58,58,45.0,1040.0,46800.0,2026-03-09
2026030904001265,SGIC,58,16,100.0,508.0,50800.0,2026-03-09
2026030905001062,HIDCL,58,48,69.0,292.0,20148.0,2026-03-09
2026030904001264,HDHPC,49,38,1600.0,222.0,355200.0,2026-03-09
2026030903000492,KSBBL,41,57,200.0,496.0,99200.0,2026-03-09
2026030904001263,RIDI,48,82,1000.0,340.0,340000.0,2026-03-09
2026030905001061,NIFRA,60,51,220.0,294.5,64790.0,2026-03-09
2026030905001060,NIFRA,58,51,280.0,294.5,82460.0,2026-03-09
2026030903000491,GUFL,1,60,97.0,603.5,58539.5,2026-03-09
2026030904001262,AHPC,11,50,600.0,310.0,186000.0,2026-03-09
2026030903000490,CFCL,74,71,10.0,559.6,5596.0,2026-03-09
2026030904001261,PMHPL,53,44,100.0,400.0,40000.0,2026-03-09
2026030904001260,SPDL,34,16,10.0,430.0,4300.0,2026-03-09
2026030904001259,AHPC,50,50,236.0,310.0,73160.0,2026-03-09
2026030904001258,BPCL,87,53,80.0,790.0,63200.0,2026-03-09
2026030905001059,SANVI,41,33,80.0,900.0,72000.0,2026-03-09
2026030901000814,SARBTM,46,70,69.0,925.0,63825.0,2026-03-09
2026030904001257,PMHPL,47,44,1200.0,400.0,480000.0,2026-03-09
2026030904001256,API,48,25,500.0,340.0,170000.0,2026-03-09
2026030903000489,NMBMF,42,36,10.0,701.0,7010.0,2026-03-09
2026030905001058,SANVI,51,101,200.0,907.0,181400.0,2026-03-09
2026030905001057,MEL,48,48,240.0,311.0,74640.0,2026-03-09
2026030904001255,JBLB,71,49,10.0,1419.0,14190.0,2026-03-09
2026030903000488,PFL,56,41,80.0,403.6,32288.0,2026-03-09
2026030904001254,UAIL,50,38,10.0,474.0,4740.0,2026-03-09
2026030903000487,JBBL,6,49,100.0,366.1,36610.0,2026-03-09
2026030903000486,JBBL,58,49,400.0,366.1,146440.0,2026-03-09
2026030901000813,SAIL,57,48,160.0,1467.0,234720.0,2026-03-09
2026030901000812,SAIL,57,41,90.0,1465.0,131850.0,2026-03-09
2026030901000811,KBL,34,19,278.0,216.0,60048.0,2026-03-09
2026030901000810,KBL,34,19,20.0,216.0,4320.0,2026-03-09
2026030901000809,KBL,36,19,20.0,216.1,4322.0,2026-03-09
2026030901000808,KBL,64,19,182.0,216.1,39330.2,2026-03-09
2026030901000807,KBL,4,19,100.0,216.5,21650.0,2026-03-09
2026030901000806,KBL,50,19,400.0,219.0,87600.0,2026-03-09
2026030905001056,NTC,53,57,77.0,880.0,67760.0,2026-03-09
2026030905001055,NTC,90,57,50.0,880.0,44000.0,2026-03-09
2026030905001054,NTC,7,57,150.0,880.0,132000.0,2026-03-09
2026030905001053,NTC,57,57,100.0,888.0,88800.0,2026-03-09
2026030905001052,NTC,38,57,100.0,889.0,88900.0,2026-03-09
2026030905001051,NTC,40,57,200.0,889.0,177800.0,2026-03-09
2026030905001050,NTC,62,57,500.0,889.0,444500.0,2026-03-09
2026030905001049,NTC,13,57,100.0,889.4,88940.0,2026-03-09
2026030905001048,NTC,69,57,62.0,889.4,55142.8,2026-03-09
2026030905001047,NTC,38,57,500.0,890.0,445000.0,2026-03-09
2026030905001046,NTC,58,57,50.0,890.0,44500.0,2026-03-09
2026030905001045,NTC,57,57,111.0,890.0,98790.0,2026-03-09
2026030904001253,RADHI,50,50,650.0,924.0,600600.0,2026-03-09
2026030905001044,TAMOR,38,49,90.0,446.2,40158.0,2026-03-09
2026030905001043,TAMOR,28,49,100.0,446.2,44620.0,2026-03-09
2026030905001042,TAMOR,44,49,20.0,446.2,8924.0,2026-03-09
2026030905001041,TAMOR,1,49,10.0,455.1,4551.0,2026-03-09
2026030904001252,API,35,25,100.0,340.0,34000.0,2026-03-09
2026030904001251,SSHL,59,44,200.0,213.4,42680.0,2026-03-09
2026030904001250,RADHI,50,53,350.0,924.0,323400.0,2026-03-09
2026030905001040,PHCL,42,44,295.0,326.9,96435.5,2026-03-09
2026030904001249,PMHPL,47,44,1365.0,400.0,546000.0,2026-03-09
2026030904001248,PMHPL,47,65,2990.0,400.0,1196000.0,2026-03-09
2026030904001247,PMHPL,47,8,500.0,400.0,200000.0,2026-03-09
2026030904001246,PMHPL,47,57,145.0,400.0,58000.0,2026-03-09
2026030901000805,SYPNL,44,94,700.0,2035.0,1424500.0,2026-03-09
2026030904001245,KPCL,58,22,20.0,564.0,11280.0,2026-03-09
2026030905001039,PHCL,58,44,50.0,326.9,16345.0,2026-03-09
2026030905001038,GVL,47,58,10.0,524.8,5248.0,2026-03-09
2026030904001244,AHPC,58,50,315.0,310.0,97650.0,2026-03-09
2026030904001243,RIDI,58,82,30.0,340.0,10200.0,2026-03-09
2026030901000804,BANDIPUR,58,58,50.0,1040.0,52000.0,2026-03-09
2026030904001242,NGPL,58,84,800.0,458.0,366400.0,2026-03-09
2026030905001037,MHCL,42,77,150.0,380.0,57000.0,2026-03-09
2026030904001241,SHEL,1,51,600.0,330.0,198000.0,2026-03-09
2026030905001036,NRIC,40,38,70.0,1340.0,93800.0,2026-03-09
2026030904001240,HEI,35,37,50.0,534.0,26700.0,2026-03-09
2026030904001239,AHPC,25,50,2200.0,310.0,682000.0,2026-03-09
2026030905001035,PHCL,14,44,90.0,326.9,29421.0,2026-03-09
2026030905001034,PHCL,58,44,10.0,326.9,3269.0,2026-03-09
2026030905001033,PHCL,1,44,100.0,326.9,32690.0,2026-03-09
2026030905001032,PHCL,74,44,250.0,326.9,81725.0,2026-03-09
2026030905001031,PHCL,64,44,300.0,326.9,98070.0,2026-03-09
2026030905001030,PHCL,58,44,139.0,326.9,45439.1,2026-03-09
2026030905001029,PHCL,36,44,91.0,326.9,29747.9,2026-03-09
2026030905001028,PHCL,45,44,300.0,327.0,98100.0,2026-03-09
2026030905001027,PHCL,57,44,180.0,327.0,58860.0,2026-03-09
2026030904001238,NGPL,83,84,200.0,458.0,91600.0,2026-03-09
2026030904001237,NGPL,16,84,1000.0,458.0,458000.0,2026-03-09
2026030904001236,NGPL,34,84,2020.0,458.0,925160.0,2026-03-09
2026030903000485,SADBL,86,41,300.0,445.0,133500.0,2026-03-09
2026030905001026,USHL,74,58,10.0,789.0,7890.0,2026-03-09
2026030904001235,HURJA,39,46,260.0,287.6,74776.0,2026-03-09
2026030904001234,HURJA,74,46,40.0,287.6,11504.0,2026-03-09
2026030905001025,PPL,28,14,4080.0,421.0,1717680.0,2026-03-09
2026030905001024,HATHY,42,95,100.0,994.5,99450.0,2026-03-09
2026030905001023,CHDC,37,70,10.0,2708.0,27080.0,2026-03-09
2026030904001233,UPCL,91,93,440.0,414.8,182512.0,2026-03-09
2026030904001232,UPCL,91,38,160.0,414.7,66352.0,2026-03-09
2026030904001231,UPCL,91,72,400.0,414.0,165600.0,2026-03-09
2026030905001022,PPL,49,14,920.0,422.0,388240.0,2026-03-09
2026030904001230,MHNL,22,49,10.0,277.5,2775.0,2026-03-09
2026030904001229,AHPC,89,50,100.0,310.0,31000.0,2026-03-09
2026030904001228,AHPC,34,50,1000.0,315.0,315000.0,2026-03-09
2026030901000803,SNLI,58,11,130.0,495.0,64350.0,2026-03-09
2026030904001227,UAIL,50,32,210.0,474.0,99540.0,2026-03-09
2026030904001226,UAIL,50,32,790.0,483.0,381570.0,2026-03-09
2026030904001225,AKJCL,62,94,3000.0,395.0,1185000.0,2026-03-09
2026030901000802,NIMB,44,13,640.0,214.3,137152.0,2026-03-09
2026030901000801,NIMB,44,39,360.0,214.1,77076.0,2026-03-09
2026030901000800,LSL,7,34,1000.0,226.0,226000.0,2026-03-09
2026030901000799,LSL,90,34,50.0,226.9,11345.0,2026-03-09
2026030901000798,LSL,28,34,380.0,226.9,86222.0,2026-03-09
2026030901000797,LSL,67,34,490.0,227.0,111230.0,2026-03-09
2026030903000484,LBBL,55,60,100.0,522.0,52200.0,2026-03-09
2026030904001224,API,41,25,10.0,340.0,3400.0,2026-03-09
2026030904001223,HPPL,47,49,1000.0,500.0,500000.0,2026-03-09
2026030901000796,KBL,28,58,50.0,219.7,10985.0,2026-03-09
2026030905001021,HRL,41,37,20.0,941.0,18820.0,2026-03-09
2026030905001020,NRIC,59,38,80.0,1340.0,107200.0,2026-03-09
2026030905001019,NRIC,59,32,120.0,1340.0,160800.0,2026-03-09
2026030901000795,NIMB,41,58,40.0,213.6,8544.0,2026-03-09
2026030903000483,BFC,58,52,80.0,497.7,39816.0,2026-03-09
2026030903000482,BFC,18,52,300.0,498.0,149400.0,2026-03-09
2026030903000481,BFC,98,52,500.0,507.0,253500.0,2026-03-09
2026030903000480,BFC,58,52,120.0,507.6,60912.0,2026-03-09
2026030901000794,PURE,96,74,10.0,1090.0,10900.0,2026-03-09
2026030901000793,MBL,14,6,30.0,255.6,7668.0,2026-03-09
2026030903000479,GRDBL,52,60,10.0,1137.5,11375.0,2026-03-09
2026030904001222,HPPL,87,49,500.0,500.0,250000.0,2026-03-09
2026030905001018,SHIVM,72,43,200.0,685.0,137000.0,2026-03-09
2026030904001221,UPCL,34,72,100.0,414.0,41400.0,2026-03-09
2026030903000478,LBBL,32,60,20.0,522.0,10440.0,2026-03-09
2026030904001220,RIDI,29,82,1000.0,340.0,340000.0,2026-03-09
2026030905001017,PHCL,58,65,500.0,328.0,164000.0,2026-03-09
2026030903000477,NABBC,58,20,50.0,1522.0,76100.0,2026-03-09
2026030901000792,CREST,58,78,514.0,1532.9,787910.6,2026-03-09
2026030901000791,CREST,58,45,30.0,1532.0,45960.0,2026-03-09
2026030901000790,CREST,58,91,80.0,1532.0,122560.0,2026-03-09
2026030901000789,CREST,58,28,16.0,1530.0,24480.0,2026-03-09
2026030901000788,CREST,58,55,60.0,1530.0,91800.0,2026-03-09
2026030901000787,CREST,58,3,300.0,1501.4,450420.0,2026-03-09
2026030901000786,BANDIPUR,58,58,20.0,1040.0,20800.0,2026-03-09
2026030905001016,SHIVM,58,60,50.0,686.0,34300.0,2026-03-09
2026030901000785,NABIL,32,58,29.0,545.0,15805.0,2026-03-09
2026030901000784,NABIL,14,58,40.0,545.0,21800.0,2026-03-09
2026030901000783,NABIL,4,58,90.0,545.0,49050.0,2026-03-09
2026030901000782,NABIL,58,58,41.0,545.0,22345.0,2026-03-09
2026030903000476,PFL,56,22,10.0,403.6,4036.0,2026-03-09
2026030904001219,KKHC,45,1,800.0,307.0,245600.0,2026-03-09
2026030904001218,KKHC,34,1,200.0,308.0,61600.0,2026-03-09
2026030904001217,KKHC,49,50,35.0,317.0,11095.0,2026-03-09
2026030904001216,KKHC,58,50,830.0,317.0,263110.0,2026-03-09
2026030904001215,AHPC,40,44,1000.0,316.0,316000.0,2026-03-09
2026030904001214,AKJCL,38,94,500.0,395.0,197500.0,2026-03-09
2026030905001015,PHCL,57,57,200.0,327.0,65400.0,2026-03-09
2026030904001213,SHPC,91,99,10.0,579.0,5790.0,2026-03-09
2026030904001212,AKJCL,22,94,500.0,395.0,197500.0,2026-03-09
2026030901000781,PRVU,62,53,10.0,210.0,2100.0,2026-03-09
2026030905001014,BHDC,50,95,270.0,513.4,138618.0,2026-03-09
2026030905001013,BHDC,58,95,140.0,515.0,72100.0,2026-03-09
2026030905001012,BHDC,58,95,90.0,520.0,46800.0,2026-03-09
2026030904001211,RIDI,37,82,1000.0,340.0,340000.0,2026-03-09
2026030904001210,RHPL,87,26,200.0,318.0,63600.0,2026-03-09
2026030904001209,HURJA,21,95,200.0,291.0,58200.0,2026-03-09
2026030905001011,NRN,49,63,10.0,1680.0,16800.0,2026-03-09
2026030904001208,HDHPC,5,38,500.0,222.0,111000.0,2026-03-09
2026030901000780,MABEL,22,48,75.0,816.0,61200.0,2026-03-09
2026030903000475,DDBL,65,6,10.0,910.0,9100.0,2026-03-09
2026030905001010,PPL,49,25,80.0,420.0,33600.0,2026-03-09
2026030904001207,RIDI,55,82,300.0,340.0,102000.0,2026-03-09
2026030901000779,BANDIPUR,77,58,50.0,1040.0,52000.0,2026-03-09
2026030901000778,NBL,49,5,1350.0,276.0,372600.0,2026-03-09
2026030904001206,SHPC,52,57,291.0,568.0,165288.0,2026-03-09
2026030904001205,AKJCL,92,94,1000.0,395.0,395000.0,2026-03-09
2026030901000777,HBL,33,4,10.0,208.1,2081.0,2026-03-09
2026030905001009,SHIVM,35,60,1131.0,686.0,775866.0,2026-03-09
2026030904001204,API,35,25,100.0,340.0,34000.0,2026-03-09
2026030905001008,SHIVM,35,33,2469.0,686.0,1693734.0,2026-03-09
2026030905001007,SHIVM,52,33,48.0,686.0,32928.0,2026-03-09
2026030905001006,SHIVM,52,33,50.0,686.0,34300.0,2026-03-09
2026030905001005,SHIVM,58,33,85.0,686.4,58344.0,2026-03-09
2026030905001004,SHIVM,41,33,25.0,686.4,17160.0,2026-03-09
2026030905001003,SHIVM,39,33,323.0,686.4,221707.2,2026-03-09
2026030903000474,MFIL,26,14,10.0,917.9,9179.0,2026-03-09
2026030905001002,SMHL,14,33,20.0,510.0,10200.0,2026-03-09
2026030903000473,NABBC,32,20,10.0,1522.0,15220.0,2026-03-09
2026030905001001,NRIC,7,32,10.0,1340.0,13400.0,2026-03-09
2026030903000472,LLBS,32,26,10.0,1055.0,10550.0,2026-03-09
2026030903000471,GUFL,10,60,200.0,603.5,120700.0,2026-03-09
2026030903000470,PROFL,7,57,10.0,508.0,5080.0,2026-03-09
2026030901000776,KBL,74,58,1000.0,219.7,219700.0,2026-03-09
2026030901000775,PURE,69,74,11.0,1090.0,11990.0,2026-03-09
2026030904001203,UAIL,50,26,10.0,483.0,4830.0,2026-03-09
2026030904001202,KPCL,58,22,50.0,564.4,28220.0,2026-03-09
2026030904001201,HURJA,38,48,1000.0,292.0,292000.0,2026-03-09
2026030904001200,AKJCL,49,94,500.0,395.0,197500.0,2026-03-09
2026030903000469,SMPDA,41,60,10.0,910.3,9103.0,2026-03-09
2026030901000774,NABIL,58,43,49.0,545.0,26705.0,2026-03-09
2026030901000773,NABIL,14,43,151.0,550.0,83050.0,2026-03-09
2026030905001000,PPL,58,25,20.0,420.0,8400.0,2026-03-09
2026030905000999,HRL,58,37,100.0,941.0,94100.0,2026-03-09
2026030905000998,HRL,58,37,12.0,941.0,11292.0,2026-03-09
2026030905000997,NRN,58,63,50.0,1680.0,84000.0,2026-03-09
2026030905000996,BBC,58,83,10.0,4903.0,49030.0,2026-03-09
2026030905000995,MHCL,58,57,10.0,382.0,3820.0,2026-03-09
2026030904001199,CGH,58,58,100.0,900.0,90000.0,2026-03-09
2026030901000772,BUNGAL,3,28,25.0,713.0,17825.0,2026-03-09
2026030905000994,NRIC,56,36,20.0,1326.0,26520.0,2026-03-09
2026030905000993,SMH,7,42,10.0,659.9,6599.0,2026-03-09
2026030901000771,SAIL,48,41,10.0,1465.0,14650.0,2026-03-09
2026030905000992,BNHC,47,84,10.0,364.1,3641.0,2026-03-09
2026030903000468,GMFIL,84,29,10.0,502.0,5020.0,2026-03-09
2026030901000770,CREST,45,13,30.0,1474.0,44220.0,2026-03-09
2026030904001198,AHPC,34,44,270.0,316.0,85320.0,2026-03-09
2026030904001197,HPPL,41,49,500.0,500.0,250000.0,2026-03-09
2026030903000467,USLB,80,34,50.0,1531.0,76550.0,2026-03-09
2026030903000466,USLB,80,22,50.0,1530.9,76545.0,2026-03-09
2026030904001196,AHPC,19,44,1000.0,316.0,316000.0,2026-03-09
2026030901000769,HBL,33,49,960.0,208.1,199776.0,2026-03-09
2026030901000768,HBL,81,49,40.0,210.0,8400.0,2026-03-09
2026030905000991,SMHL,4,33,150.0,510.0,76500.0,2026-03-09
2026030905000990,HRL,16,37,190.0,941.0,178790.0,2026-03-09
2026030901000767,SAIL,58,14,10.0,1460.0,14600.0,2026-03-09
2026030905000989,PHCL,57,57,220.0,327.0,71940.0,2026-03-09
2026030905000988,GCIL,53,58,50.0,460.4,23020.0,2026-03-09
2026030905000987,GCIL,53,72,100.0,460.4,46040.0,2026-03-09
2026030905000986,GVL,39,58,10.0,535.0,5350.0,2026-03-09
2026030905000985,BHPL,34,42,800.0,615.0,492000.0,2026-03-09
2026030901000766,BUNGAL,35,28,300.0,713.0,213900.0,2026-03-09
2026030901000765,BUNGAL,47,28,30.0,713.0,21390.0,2026-03-09
2026030904001195,API,41,26,200.0,336.5,67300.0,2026-03-09
2026030904001194,SHEL,48,51,200.0,330.0,66000.0,2026-03-09
2026030905000984,SMHL,48,33,50.0,510.0,25500.0,2026-03-09
2026030904001193,UAIL,50,49,200.0,483.0,96600.0,2026-03-09
2026030903000465,NFS,48,48,10.0,695.0,6950.0,2026-03-09
2026030905000983,DORDI,34,40,30.0,305.5,9165.0,2026-03-09
2026030901000764,TTL,42,44,30.0,999.0,29970.0,2026-03-09
2026030901000763,TTL,42,61,20.0,992.0,19840.0,2026-03-09
2026030904001192,HDHPC,54,38,370.0,222.0,82140.0,2026-03-09
2026030901000762,SAGAR,60,53,480.0,2172.0,1042560.0,2026-03-09
2026030901000761,SYPNL,45,48,60.0,2001.0,120060.0,2026-03-09
2026030901000760,SYPNL,91,48,240.0,2021.0,485040.0,2026-03-09
2026030905000982,PPL,62,68,2985.0,424.0,1265640.0,2026-03-09
2026030905000981,PPL,62,101,1167.0,423.9,494691.3,2026-03-09
2026030905000980,PPL,62,50,848.0,422.0,357856.0,2026-03-09
2026030904001191,SHEL,54,51,300.0,330.0,99000.0,2026-03-09
2026030905000979,MHL,55,19,90.0,556.0,50040.0,2026-03-09
2026030905000978,MHL,86,19,10.0,567.1,5671.0,2026-03-09
2026030901000759,BANDIPUR,43,58,200.0,1040.0,208000.0,2026-03-09
2026030905000977,NIFRA,58,81,395.0,294.5,116327.5,2026-03-09
2026030905000976,NIFRA,14,81,605.0,294.5,178172.5,2026-03-09
2026030905000975,HIDCL,22,58,1870.0,288.2,538934.0,2026-03-09
2026030901000758,NBL,20,5,100.0,276.0,27600.0,2026-03-09
2026030905000974,MHCL,55,57,145.0,382.0,55390.0,2026-03-09
2026030903000464,PFL,56,48,10.0,403.6,4036.0,2026-03-09
2026030901000757,HIDCLP,35,58,10.0,210.0,2100.0,2026-03-09
2026030904001190,API,14,25,1500.0,340.0,510000.0,2026-03-09
2026030904001189,UNHPL,75,80,80.0,526.0,42080.0,2026-03-09
2026030904001188,UNHPL,44,80,500.0,527.0,263500.0,2026-03-09
2026030903000463,GUFL,69,60,100.0,603.5,60350.0,2026-03-09
2026030901000756,HBL,81,46,10.0,210.0,2100.0,2026-03-09
2026030905000973,SMHL,7,33,80.0,510.0,40800.0,2026-03-09
2026030905000972,NTC,57,57,89.0,890.0,79210.0,2026-03-09
2026030905000971,NTC,38,57,150.0,890.0,133500.0,2026-03-09
2026030905000970,NTC,49,57,50.0,900.0,45000.0,2026-03-09
2026030905000969,NTC,3,57,110.0,900.0,99000.0,2026-03-09
2026030905000968,NTC,49,57,50.0,901.0,45050.0,2026-03-09
2026030905000967,NTC,51,57,110.0,905.0,99550.0,2026-03-09
2026030905000966,NTC,52,57,310.0,905.0,280550.0,2026-03-09
2026030905000965,NTC,57,57,10.0,905.5,9055.0,2026-03-09
2026030905000964,NTC,59,57,45.0,907.0,40815.0,2026-03-09
2026030905000963,NTC,43,57,130.0,907.1,117923.0,2026-03-09
2026030905000962,NTC,14,57,50.0,907.1,45355.0,2026-03-09
2026030905000961,NTC,1,57,275.0,908.0,249700.0,2026-03-09
2026030905000960,NTC,21,57,80.0,910.0,72800.0,2026-03-09
2026030905000959,NTC,45,57,541.0,910.0,492310.0,2026-03-09
2026030905000958,SMJC,34,94,10.0,493.0,4930.0,2026-03-09
2026030901000755,SAGAR,60,97,10.0,2172.0,21720.0,2026-03-09
2026030901000754,SAGAR,60,77,500.0,2170.0,1085000.0,2026-03-09
2026030901000753,SAGAR,60,1,10.0,2150.0,21500.0,2026-03-09
2026030901000752,HIDCLP,51,58,400.0,210.0,84000.0,2026-03-09
2026030901000751,HIDCLP,49,58,10.0,210.9,2109.0,2026-03-09
2026030901000750,HIDCLP,45,58,500.0,211.0,105500.0,2026-03-09
2026030901000749,DHEL,58,3,100.0,795.9,79590.0,2026-03-09
2026030904001187,AHPC,58,44,60.0,316.0,18960.0,2026-03-09
2026030903000462,RLFL,58,56,300.0,495.0,148500.0,2026-03-09
2026030904001186,HDHPC,58,38,450.0,222.0,99900.0,2026-03-09
2026030905000957,BHPL,58,42,49.0,615.0,30135.0,2026-03-09
2026030904001185,AHPC,58,44,80.0,316.0,25280.0,2026-03-09
2026030904001184,AKJCL,58,94,100.0,395.0,39500.0,2026-03-09
2026030901000748,HIDCLP,58,3,100.0,213.0,21300.0,2026-03-09
2026030904001183,DHPL,58,58,10.0,324.0,3240.0,2026-03-09
2026030904001182,DHPL,58,48,50.0,324.0,16200.0,2026-03-09
2026030904001181,API,42,25,500.0,340.0,170000.0,2026-03-09
2026030904001180,SHL,40,7,100.0,528.0,52800.0,2026-03-09
2026030904001179,HDHPC,39,38,500.0,222.0,111000.0,2026-03-09
2026030901000747,SYPNL,91,6,20.0,2040.0,40800.0,2026-03-09
2026030905000956,HIDCL,34,58,20.0,288.2,5764.0,2026-03-09
2026030905000955,NYADI,41,41,100.0,429.0,42900.0,2026-03-09
2026030905000954,MKJC,52,98,800.0,555.0,444000.0,2026-03-09
2026030905000953,BHL,33,47,150.0,225.3,33795.0,2026-03-09
2026030905000952,BHL,58,47,150.0,225.3,33795.0,2026-03-09
2026030901000746,ADBL,36,51,52.0,327.7,17040.4,2026-03-09
2026030901000745,SBL,25,11,40.0,400.0,16000.0,2026-03-09
2026030901000744,KBL,41,58,295.0,219.7,64811.5,2026-03-09
2026030901000743,NICA,52,81,290.0,355.2,103008.0,2026-03-09
2026030905000951,DORDI,14,18,700.0,300.1,210070.0,2026-03-09
2026030905000950,DORDI,14,18,300.0,304.1,91230.0,2026-03-09
2026030901000742,BANDIPUR,38,58,20.0,1040.0,20800.0,2026-03-09
2026030904001178,SSHL,13,63,529.0,210.0,111090.0,2026-03-09
2026030904001177,SSHL,58,63,200.0,210.0,42000.0,2026-03-09
2026030904001176,SSHL,58,63,571.0,210.0,119910.0,2026-03-09
2026030904001175,SSHL,46,63,300.0,210.1,63030.0,2026-03-09
2026030904001174,SSHL,74,63,100.0,213.0,21300.0,2026-03-09
2026030904001173,SSHL,1,63,300.0,213.4,64020.0,2026-03-09
2026030901000741,BHCL,34,14,40.0,640.0,25600.0,2026-03-09
2026030901000740,BHCL,8,14,40.0,640.6,25624.0,2026-03-09
2026030901000739,NWCL,94,34,10.0,958.8,9588.0,2026-03-09
2026030904001172,PMHPL,39,57,100.0,400.0,40000.0,2026-03-09
2026030905000949,USHL,74,90,10.0,789.0,7890.0,2026-03-09
2026030904001171,ULBSL,74,7,10.0,3400.0,34000.0,2026-03-09
2026030904001170,ULBSL,74,26,30.0,3334.4,100032.0,2026-03-09
2026030905000948,SMHL,1,13,111.0,505.0,56055.0,2026-03-09
2026030904001169,SSHL,1,11,700.0,213.4,149380.0,2026-03-09
2026030904001168,SSHL,53,11,100.0,213.4,21340.0,2026-03-09
2026030904001167,HDHPC,10,38,1000.0,222.0,222000.0,2026-03-09
2026030903000461,GMFBS,74,74,10.0,1536.0,15360.0,2026-03-09
2026030904001166,API,46,25,350.0,340.0,119000.0,2026-03-09
2026030905000947,VLUCL,49,22,10.0,590.0,5900.0,2026-03-09
2026030901000738,HIDCLP,34,3,100.0,213.0,21300.0,2026-03-09
2026030905000946,NIFRA,14,48,500.0,294.5,147250.0,2026-03-09
2026030904001165,AKPL,58,51,145.0,300.0,43500.0,2026-03-09
2026030904001164,AKPL,58,37,120.0,300.0,36000.0,2026-03-09
2026030904001163,AKPL,58,62,135.0,300.0,40500.0,2026-03-09
2026030901000737,NIMB,58,13,300.0,214.3,64290.0,2026-03-09
2026030901000736,CITY,58,58,10.0,527.0,5270.0,2026-03-09
2026030903000460,GUFL,58,60,500.0,603.5,301750.0,2026-03-09
2026030905000945,SAHAS,100,58,13.0,624.9,8123.7,2026-03-09
2026030903000459,NFS,58,48,10.0,695.0,6950.0,2026-03-09
2026030904001162,NGPL,35,34,50.0,460.0,23000.0,2026-03-09
2026030904001161,API,58,25,100.0,340.0,34000.0,2026-03-09
2026030901000735,BANDIPUR,45,58,10.0,1040.0,10400.0,2026-03-09
2026030904001160,RIDI,14,82,600.0,340.0,204000.0,2026-03-09
2026030903000458,NABBC,4,20,30.0,1522.0,45660.0,2026-03-09
2026030903000457,SINDU,32,25,10.0,811.5,8115.0,2026-03-09
2026030901000734,HIDCLP,34,3,400.0,213.0,85200.0,2026-03-09
2026030901000733,HIDCLP,34,62,100.0,213.0,21300.0,2026-03-09
2026030901000732,SYPNL,62,6,10.0,2040.0,20400.0,2026-03-09
2026030905000944,BHPL,6,42,2548.0,615.0,1567020.0,2026-03-09
2026030905000943,BHPL,6,41,100.0,615.0,61500.0,2026-03-09
2026030905000942,BHPL,6,50,120.0,615.0,73800.0,2026-03-09
2026030905000941,BHPL,6,34,1732.0,615.0,1065180.0,2026-03-09
2026030904001159,HDHPC,32,38,1491.0,222.0,331002.0,2026-03-09
2026030904001158,HDHPC,32,19,509.0,219.5,111725.5,2026-03-09
2026030901000731,TTL,13,14,10.0,992.4,9924.0,2026-03-09
2026030905000940,CKHL,55,41,190.0,751.0,142690.0,2026-03-09
2026030904001157,UMHL,35,58,50.0,675.0,33750.0,2026-03-09
2026030903000456,SINDU,14,25,660.0,811.5,535590.0,2026-03-09
2026030903000455,SINDU,14,58,340.0,811.0,275740.0,2026-03-09
2026030901000730,SAIL,45,48,300.0,1468.0,440400.0,2026-03-09
2026030904001156,BARUN,57,66,327.0,390.0,127530.0,2026-03-09
2026030904001155,BARUN,57,38,173.0,390.0,67470.0,2026-03-09
2026030904001154,UMHL,6,58,50.0,675.0,33750.0,2026-03-09
2026030904001153,RIDI,35,82,29.0,340.0,9860.0,2026-03-09
2026030905000939,SMHL,57,33,50.0,510.0,25500.0,2026-03-09
2026030904001152,AKJCL,64,94,1200.0,395.1,474120.0,2026-03-09
2026030904001151,HPPL,25,49,500.0,500.0,250000.0,2026-03-09
2026030904001150,HPPL,57,49,250.0,500.0,125000.0,2026-03-09
2026030904001149,HPPL,40,49,30.0,500.0,15000.0,2026-03-09
2026030904001148,HPPL,29,49,350.0,500.0,175000.0,2026-03-09
2026030901000729,BANDIPUR,62,58,340.0,1040.0,353600.0,2026-03-09
2026030904001147,API,26,25,100.0,340.0,34000.0,2026-03-09
2026030904001146,HDHPC,57,19,100.0,219.5,21950.0,2026-03-09
2026030904001145,HDHPC,11,19,19.0,219.5,4170.5,2026-03-09
2026030904001144,HDHPC,45,19,172.0,219.5,37754.0,2026-03-09
2026030905000938,RFPL,28,95,10.0,428.4,4284.0,2026-03-09
2026030904001143,RIDI,77,82,1460.0,340.0,496400.0,2026-03-09
2026030903000454,MATRI,54,49,10.0,987.2,9872.0,2026-03-09
2026030905000937,SMHL,58,33,100.0,510.0,51000.0,2026-03-09
2026030901000728,KBL,58,58,230.0,219.7,50531.0,2026-03-09
2026030904001142,AHPC,58,44,40.0,316.0,12640.0,2026-03-09
2026030904001141,KPCL,58,57,10.0,564.4,5644.0,2026-03-09
2026030904001140,KPCL,58,58,10.0,564.0,5640.0,2026-03-09
2026030903000453,CORBL,46,32,10.0,1751.2,17512.0,2026-03-09
2026030905000936,SONA,34,29,50.0,471.7,23585.0,2026-03-09
2026030905000935,SONA,32,29,400.0,471.7,188680.0,2026-03-09
2026030901000727,MABEL,52,48,427.0,816.0,348432.0,2026-03-09
2026030905000934,NIFRA,14,48,95.0,294.0,27930.0,2026-03-09
2026030904001139,AKJCL,17,58,20.0,398.0,7960.0,2026-03-09
2026030903000452,ICFC,6,14,10.0,691.1,6911.0,2026-03-09
2026030905000933,BHPL,14,34,580.0,615.0,356700.0,2026-03-09
2026030903000451,HLBSL,91,14,10.0,948.6,9486.0,2026-03-09
2026030904001138,UPPER,52,41,20.0,208.6,4172.0,2026-03-09
2026030904001137,SHLB,4,74,10.0,1637.1,16371.0,2026-03-09
2026030905000932,SANVI,48,101,60.0,907.0,54420.0,2026-03-09
2026030905000931,SANVI,48,83,30.0,907.0,27210.0,2026-03-09
2026030905000930,SANVI,48,45,10.0,890.2,8902.0,2026-03-09
2026030904001136,OHL,62,55,10.0,743.8,7438.0,2026-03-09
2026030903000450,NFS,22,48,200.0,695.0,139000.0,2026-03-09
2026030901000726,BANDIPUR,44,58,100.0,1040.0,104000.0,2026-03-09
2026030905000929,HRL,32,65,100.0,940.0,94000.0,2026-03-09
2026030903000449,MDB,14,33,50.0,700.0,35000.0,2026-03-09
2026030904001135,RHPL,48,48,423.0,320.0,135360.0,2026-03-09
2026030904001134,RHPL,48,48,177.0,318.0,56286.0,2026-03-09
2026030904001133,NLG,7,29,10.0,707.4,7074.0,2026-03-09
2026030904001132,AVYAN,32,32,10.0,1039.5,10395.0,2026-03-09
2026030905000928,HIDCL,94,58,10.0,288.2,2882.0,2026-03-09
2026030904001131,LEC,95,20,160.0,243.7,38992.0,2026-03-09
2026030904001130,LEC,95,89,340.0,242.0,82280.0,2026-03-09
2026030904001129,UPPER,52,48,200.0,208.6,41720.0,2026-03-09
2026030905000927,BHPL,36,34,1000.0,615.0,615000.0,2026-03-09
2026030904001128,AHPC,5,44,625.0,316.0,197500.0,2026-03-09
2026030901000725,KBL,50,32,100.0,219.0,21900.0,2026-03-09
2026030905000926,SHIVM,39,53,61.0,686.4,41870.4,2026-03-09
2026030904001127,RIDI,35,82,730.0,340.0,248200.0,2026-03-09
2026030904001126,HDHPC,55,38,300.0,222.0,66600.0,2026-03-09
2026030901000724,KBL,91,58,200.0,219.7,43940.0,2026-03-09
2026030905000925,MBJC,57,29,60.0,321.8,19308.0,2026-03-09
2026030901000723,TTL,63,44,10.0,999.0,9990.0,2026-03-09
2026030905000924,SAHAS,100,47,10.0,624.9,6249.0,2026-03-09
2026030905000923,BHPL,63,34,20.0,615.0,12300.0,2026-03-09
2026030904001125,GHL,95,4,1000.0,258.0,258000.0,2026-03-09
2026030901000722,NIMB,13,13,200.0,214.3,42860.0,2026-03-09
2026030904001124,RIDI,58,82,115.0,340.0,39100.0,2026-03-09
2026030904001123,NLG,7,58,10.0,707.4,7074.0,2026-03-09
2026030903000448,FMDBL,58,6,50.0,880.0,44000.0,2026-03-09
2026030904001122,HDHPC,58,38,400.0,222.0,88800.0,2026-03-09
2026030903000447,PROFL,58,47,10.0,508.9,5089.0,2026-03-09
2026030903000446,PROFL,58,19,500.0,508.9,254450.0,2026-03-09
2026030903000445,PROFL,58,57,10.0,508.9,5089.0,2026-03-09
2026030903000444,PROFL,58,75,177.0,508.0,89916.0,2026-03-09
2026030901000721,BANDIPUR,58,58,17.0,1040.0,17680.0,2026-03-09
2026030901000720,BANDIPUR,58,25,13.0,1040.0,13520.0,2026-03-09
2026030905000922,PPL,58,50,472.0,422.0,199184.0,2026-03-09
2026030905000921,CLI,38,58,10.0,492.8,4928.0,2026-03-09
2026030905000920,GVL,47,58,20.0,524.8,10496.0,2026-03-09
2026030905000919,HRL,32,65,100.0,940.0,94000.0,2026-03-09
2026030903000443,EDBL,49,81,50.0,654.0,32700.0,2026-03-09
2026030901000719,NBL,21,5,350.0,276.0,96600.0,2026-03-09
2026030904001121,SHEL,57,51,200.0,330.0,66000.0,2026-03-09
2026030904001120,SHEL,57,14,100.0,327.5,32750.0,2026-03-09
2026030901000718,GMLI,29,42,50.0,1875.0,93750.0,2026-03-09
2026030901000717,PURE,66,66,10.0,1078.0,10780.0,2026-03-09
2026030903000442,GUFL,41,60,30.0,603.5,18105.0,2026-03-09
2026030901000716,SYPNL,6,6,440.0,2040.0,897600.0,2026-03-09
2026030905000918,MHCL,3,89,26.0,382.8,9952.8,2026-03-09
2026030905000917,NRIC,49,32,50.0,1340.0,67000.0,2026-03-09
2026030904001119,AKJCL,38,58,200.0,398.0,79600.0,2026-03-09
2026030903000441,GUFL,41,60,50.0,603.5,30175.0,2026-03-09
2026030903000440,RSDC,96,62,10.0,697.0,6970.0,2026-03-09
2026030901000715,SAIL,38,48,300.0,1468.0,440400.0,2026-03-09
2026030904001118,AHPC,41,44,100.0,316.0,31600.0,2026-03-09
2026030901000714,NIMB,41,13,482.0,214.3,103292.6,2026-03-09
2026030901000713,NIMB,41,57,50.0,214.2,10710.0,2026-03-09
2026030901000712,NIMB,41,8,50.0,214.0,10700.0,2026-03-09
2026030901000711,NIMB,41,10,999.0,214.0,213786.0,2026-03-09
2026030901000710,NIMB,41,8,5000.0,214.0,1070000.0,2026-03-09
2026030901000709,NIMB,41,41,2950.0,213.9,631005.0,2026-03-09
2026030901000708,NIMB,41,21,469.0,213.5,100131.5,2026-03-09
2026030903000439,PROFL,49,75,300.0,508.0,152400.0,2026-03-09
2026030905000916,HDL,89,50,10.0,1270.0,12700.0,2026-03-09
2026030903000438,GUFL,16,60,500.0,603.5,301750.0,2026-03-09
2026030905000915,NIFRA,48,11,33.0,289.0,9537.0,2026-03-09
2026030904001117,SICL,59,6,10.0,664.7,6647.0,2026-03-09
2026030904001116,PMHPL,47,57,325.0,400.0,130000.0,2026-03-09
2026030904001115,PMHPL,47,8,10.0,396.7,3967.0,2026-03-09
2026030904001114,PMHPL,47,43,300.0,396.7,119010.0,2026-03-09
2026030904001113,PMHPL,47,19,100.0,396.7,39670.0,2026-03-09
2026030904001112,PMHPL,47,59,40.0,396.7,15868.0,2026-03-09
2026030904001111,PMHPL,47,39,20.0,396.7,7934.0,2026-03-09
2026030904001110,PMHPL,47,38,405.0,396.7,160663.5,2026-03-09
2026030905000914,MEL,38,48,460.0,311.0,143060.0,2026-03-09
2026030905000913,MEL,38,53,40.0,311.0,12440.0,2026-03-09
2026030905000912,CHDC,77,70,110.0,2708.0,297880.0,2026-03-09
2026030901000707,TTL,51,44,15.0,999.0,14985.0,2026-03-09
2026030903000437,GFCL,58,22,10.0,715.7,7157.0,2026-03-09
2026030903000436,GFCL,44,22,100.0,715.7,71570.0,2026-03-09
2026030904001109,HDHPC,3,38,842.0,222.0,186924.0,2026-03-09
2026030904001108,LEC,55,89,800.0,242.0,193600.0,2026-03-09
2026030904001107,AKJCL,60,58,300.0,398.0,119400.0,2026-03-09
2026030904001106,AHPC,4,44,30.0,316.0,9480.0,2026-03-09
2026030905000911,NRN,6,50,300.0,1650.0,495000.0,2026-03-09
2026030901000706,LSL,28,22,10.0,226.9,2269.0,2026-03-09
2026030905000910,PHCL,57,49,400.0,327.0,130800.0,2026-03-09
2026030904001105,PMHPL,49,38,500.0,396.7,198350.0,2026-03-09
2026030904001104,API,61,25,147.0,340.0,49980.0,2026-03-09
2026030901000705,HIDCLP,40,62,1000.0,213.0,213000.0,2026-03-09
2026030904001103,BARUN,57,38,30.0,390.0,11700.0,2026-03-09
2026030901000704,TTL,46,44,200.0,999.0,199800.0,2026-03-09
2026030905000909,MAKAR,26,14,10.0,575.0,5750.0,2026-03-09
2026030901000703,NABIL,14,39,400.0,550.0,220000.0,2026-03-09
2026030901000702,KDL,53,34,10.0,919.0,9190.0,2026-03-09
2026030901000701,KBL,4,3,900.0,216.5,194850.0,2026-03-09
2026030903000435,MDB,21,33,10.0,700.0,7000.0,2026-03-09
2026030904001102,SHEL,46,7,1000.0,327.0,327000.0,2026-03-09
2026030904001101,AKPL,7,62,300.0,300.0,90000.0,2026-03-09
2026030904001100,AKPL,7,40,200.0,300.0,60000.0,2026-03-09
2026030901000700,NBL,57,29,24.0,271.0,6504.0,2026-03-09
2026030901000699,NBL,11,29,50.0,271.0,13550.0,2026-03-09
2026030901000698,NBL,14,29,800.0,271.0,216800.0,2026-03-09
2026030905000908,MANDU,54,58,10.0,848.6,8486.0,2026-03-09
2026030901000697,SYPNL,54,6,100.0,2040.0,204000.0,2026-03-09
2026030905000907,HDL,16,50,200.0,1270.0,254000.0,2026-03-09
2026030904001099,API,58,17,400.0,341.0,136400.0,2026-03-09
2026030903000434,NFS,58,48,10.0,695.0,6950.0,2026-03-09
2026030901000696,BANDIPUR,58,25,10.0,1040.0,10400.0,2026-03-09
2026030904001098,LEC,58,89,30.0,242.0,7260.0,2026-03-09
2026030903000433,BFC,58,11,10.0,507.6,5076.0,2026-03-09
2026030901000695,BANDIPUR,58,25,250.0,1040.0,260000.0,2026-03-09
2026030904001097,AKJCL,99,58,390.0,398.0,155220.0,2026-03-09
2026030904001096,API,58,17,900.0,341.0,306900.0,2026-03-09
2026030905000906,BHL,58,58,50.0,225.3,11265.0,2026-03-09
2026030904001095,KKHC,58,44,676.0,322.0,217672.0,2026-03-09
2026030904001094,KKHC,58,22,174.0,322.0,56028.0,2026-03-09
2026030904001093,KKHC,58,74,1000.0,321.0,321000.0,2026-03-09
2026030904001092,API,42,17,55.0,341.0,18755.0,2026-03-09
2026030904001091,API,42,48,1945.0,341.0,663245.0,2026-03-09
2026030905000905,SMHL,51,33,200.0,510.0,102000.0,2026-03-09
2026030901000694,BANDIPUR,64,25,20.0,1040.0,20800.0,2026-03-09
2026030905000904,HDL,47,50,18.0,1270.0,22860.0,2026-03-09
2026030905000903,SANVI,33,33,2000.0,890.0,1780000.0,2026-03-09
2026030905000902,SANVI,33,63,400.0,890.0,356000.0,2026-03-09
2026030905000901,SANVI,33,48,1388.0,890.0,1235320.0,2026-03-09
2026030905000900,NRN,49,63,10.0,1680.0,16800.0,2026-03-09
2026030904001090,MHNL,22,44,10.0,277.5,2775.0,2026-03-09
2026030904001089,HURJA,33,48,500.0,292.0,146000.0,2026-03-09
2026030901000693,NIMB,54,21,500.0,213.8,106900.0,2026-03-09
2026030901000692,NIMB,44,21,410.0,213.8,87658.0,2026-03-09
2026030904001088,MHNL,58,26,10.0,277.5,2775.0,2026-03-09
2026030901000691,BANDIPUR,4,25,50.0,1040.0,52000.0,2026-03-09
2026030905000899,NIFRA,14,48,405.0,294.5,119272.5,2026-03-09
2026030904001087,AHPC,35,44,100.0,316.0,31600.0,2026-03-09
2026030904001086,AHPC,35,94,200.0,311.0,62200.0,2026-03-09
2026030904001085,API,42,48,100.0,341.0,34100.0,2026-03-09
2026030905000898,MHCL,7,89,115.0,382.8,44022.0,2026-03-09
2026030901000690,TTL,52,44,200.0,999.0,199800.0,2026-03-09
2026030905000897,PHCL,57,65,300.0,328.0,98400.0,2026-03-09
2026030905000896,SANVI,26,48,10.0,890.0,8900.0,2026-03-09
2026030905000895,SMATA,35,52,10.0,852.7,8527.0,2026-03-09
2026030905000894,SMATA,35,87,10.0,852.7,8527.0,2026-03-09
2026030905000893,HRL,48,37,500.0,941.0,470500.0,2026-03-09
2026030904001084,API,17,48,1400.0,341.0,477400.0,2026-03-09
2026030904001083,API,38,48,100.0,341.0,34100.0,2026-03-09
2026030905000892,USHL,74,90,10.0,789.0,7890.0,2026-03-09
2026030905000891,TPC,45,72,310.0,408.0,126480.0,2026-03-09
2026030905000890,TPC,7,72,710.0,413.0,293230.0,2026-03-09
2026030905000889,TPC,57,72,100.0,414.0,41400.0,2026-03-09
2026030901000689,NBL,47,5,49.0,276.0,13524.0,2026-03-09
2026030901000688,NBL,46,5,70.0,276.0,19320.0,2026-03-09
2026030901000687,NBL,6,5,600.0,276.1,165660.0,2026-03-09
2026030905000888,SPL,92,96,10.0,778.0,7780.0,2026-03-09
2026030905000887,RFPL,28,67,10.0,428.4,4284.0,2026-03-09
2026030904001082,RIDI,48,48,10.0,342.0,3420.0,2026-03-09
2026030905000886,NYADI,50,60,10.0,429.4,4294.0,2026-03-09
2026030903000432,MFIL,38,29,100.0,900.0,90000.0,2026-03-09
2026030901000686,HIMSTAR,48,47,40.0,1116.0,44640.0,2026-03-09
2026030901000685,HIMSTAR,48,34,10.0,1100.0,11000.0,2026-03-09
2026030904001081,UPPER,58,69,1015.0,208.5,211627.5,2026-03-09
2026030904001080,UPPER,36,69,20.0,208.5,4170.0,2026-03-09
2026030904001079,UPPER,7,69,215.0,208.5,44827.5,2026-03-09
2026030904001078,UPPER,7,69,750.0,208.6,156450.0,2026-03-09
2026030901000684,KBL,80,58,500.0,219.7,109850.0,2026-03-09
2026030904001077,UPPER,7,45,200.0,208.6,41720.0,2026-03-09
2026030905000885,SFEF,10,13,47183.0,10.12,477491.96,2026-03-09
2026030904001076,API,52,48,520.0,341.0,177320.0,2026-03-09
2026030905000884,NIFRA,14,58,95.0,294.0,27930.0,2026-03-09
2026030904001075,HDHPC,3,56,500.0,222.0,111000.0,2026-03-09
2026030905000883,HRL,41,37,34.0,941.0,31994.0,2026-03-09
2026030904001074,AKPL,38,40,500.0,300.0,150000.0,2026-03-09
2026030903000431,RLFL,60,56,63.0,503.0,31689.0,2026-03-09
2026030904001073,GHL,95,16,1251.0,258.0,322758.0,2026-03-09
2026030904001072,GHL,28,16,50.0,258.0,12900.0,2026-03-09
2026030904001071,GHL,60,16,199.0,258.0,51342.0,2026-03-09
2026030903000430,SIFC,16,62,10.0,641.5,6415.0,2026-03-09
2026030903000429,SIFC,16,84,56.0,641.0,35896.0,2026-03-09
2026030905000882,SHIVM,39,26,100.0,686.4,68640.0,2026-03-09
2026030905000881,NYADI,60,66,10.0,429.0,4290.0,2026-03-09
2026030904001070,HDHPC,3,8,1000.0,222.0,222000.0,2026-03-09
2026030904001069,HDHPC,3,55,100.0,222.0,22200.0,2026-03-09
2026030904001068,HDHPC,3,53,158.0,221.0,34918.0,2026-03-09
2026030905000880,BHL,58,35,200.0,225.3,45060.0,2026-03-09
2026030904001067,PRIN,58,44,10.0,759.3,7593.0,2026-03-09
2026030904001066,PRIN,58,26,10.0,759.3,7593.0,2026-03-09
2026030901000683,SCB,58,48,10.0,698.7,6987.0,2026-03-09
2026030904001065,API,58,48,1400.0,341.0,477400.0,2026-03-09
2026030904001064,RADHI,58,53,150.0,924.0,138600.0,2026-03-09
2026030904001063,AHPC,49,44,80.0,316.0,25280.0,2026-03-09
2026030904001062,AHPC,49,101,920.0,315.9,290628.0,2026-03-09
2026030901000682,KBL,58,58,1000.0,219.7,219700.0,2026-03-09
2026030901000681,BANDIPUR,58,25,100.0,1040.0,104000.0,2026-03-09
2026030905000879,SMHL,17,33,715.0,510.0,364650.0,2026-03-09
2026030904001061,LEC,49,87,317.0,239.8,76016.6,2026-03-09
2026030905000878,EHPL,44,56,10.0,435.8,4358.0,2026-03-09
2026030905000877,NIFRA,48,38,500.0,289.0,144500.0,2026-03-09
2026030901000680,HBL,40,59,250.0,212.1,53025.0,2026-03-09
2026030903000428,NABBC,71,20,10.0,1522.0,15220.0,2026-03-09
2026030901000679,SAIL,49,48,60.0,1468.0,88080.0,2026-03-09
2026030901000678,BHCL,58,59,90.0,651.2,58608.0,2026-03-09
2026030905000876,SMHL,57,33,200.0,510.0,102000.0,2026-03-09
2026030901000677,NMIC,55,6,10.0,1378.5,13785.0,2026-03-09
2026030903000427,ALICL,26,8,100.0,488.9,48890.0,2026-03-09
2026030903000426,ALICL,26,42,90.0,488.9,44001.0,2026-03-09
2026030903000425,ALICL,26,38,11.0,488.0,5368.0,2026-03-09
2026030904001060,AKJCL,62,100,4940.0,398.9,1970566.0,2026-03-09
2026030904001059,AKJCL,62,76,60.0,398.9,23934.0,2026-03-09
2026030904001058,AHPC,14,101,50.0,315.9,15795.0,2026-03-09
2026030905000875,BEDC,6,55,10.0,543.9,5439.0,2026-03-09
2026030903000424,PROFL,32,75,50.0,508.0,25400.0,2026-03-09
2026030901000676,MBL,6,11,200.0,255.6,51120.0,2026-03-09
2026030905000874,PHCL,49,65,150.0,328.0,49200.0,2026-03-09
2026030903000423,MFIL,38,6,90.0,900.0,81000.0,2026-03-09
2026030903000422,CFCL,74,7,10.0,559.6,5596.0,2026-03-09
2026030904001057,UPPER,7,3,500.0,208.5,104250.0,2026-03-09
2026030903000421,SLBSL,26,52,10.0,1336.2,13362.0,2026-03-09
2026030901000675,NICA,52,58,10.0,354.0,3540.0,2026-03-09
2026030904001056,RADHI,81,5,77.0,925.0,71225.0,2026-03-09
2026030904001055,RADHI,81,94,423.0,925.0,391275.0,2026-03-09
2026030904001054,SHEL,54,14,50.0,327.5,16375.0,2026-03-09
2026030904001053,RADHI,39,94,10.0,925.0,9250.0,2026-03-09
2026030904001052,API,35,48,190.0,341.0,64790.0,2026-03-09
2026030904001051,API,11,48,198.0,341.0,67518.0,2026-03-09
2026030904001050,API,11,35,914.0,340.9,311582.6,2026-03-09
2026030904001049,API,11,40,100.0,338.0,33800.0,2026-03-09
2026030904001048,API,11,14,288.0,338.0,97344.0,2026-03-09
2026030903000420,LICN,60,57,285.0,853.7,243304.5,2026-03-09
2026030903000419,LICN,53,57,200.0,853.7,170740.0,2026-03-09
2026030903000418,LICN,88,57,50.0,853.7,42685.0,2026-03-09
2026030903000417,LICN,5,57,50.0,853.7,42685.0,2026-03-09
2026030903000416,LICN,26,57,10.0,853.7,8537.0,2026-03-09
2026030903000415,LICN,58,57,10.0,853.7,8537.0,2026-03-09
2026030903000414,LICN,42,57,100.0,853.7,85370.0,2026-03-09
2026030903000413,LICN,5,57,80.0,853.7,68296.0,2026-03-09
2026030903000412,LICN,44,57,215.0,853.8,183567.0,2026-03-09
2026030905000873,HDL,7,50,270.0,1270.0,342900.0,2026-03-09
2026030905000872,HDL,7,58,30.0,1270.0,38100.0,2026-03-09
2026030901000674,SYPNL,46,6,35.0,2040.0,71400.0,2026-03-09
2026030904001047,RIDI,41,62,3475.0,342.3,1189492.5,2026-03-09
2026030904001046,RIDI,41,49,495.0,342.0,169290.0,2026-03-09
2026030904001045,RIDI,41,58,290.0,342.0,99180.0,2026-03-09
2026030904001044,RIDI,41,100,840.0,342.0,287280.0,2026-03-09
2026030905000871,SMHL,1,49,660.0,505.0,333300.0,2026-03-09
2026030905000870,SMHL,89,49,100.0,505.0,50500.0,2026-03-09
2026030905000869,SMHL,45,49,30.0,505.0,15150.0,2026-03-09
2026030905000868,SMHL,55,49,10.0,505.0,5050.0,2026-03-09
2026030905000867,SMHL,26,49,100.0,505.0,50500.0,2026-03-09
2026030904001043,API,36,14,12.0,338.0,4056.0,2026-03-09
2026030904001042,AHPC,4,101,30.0,315.9,9477.0,2026-03-09
2026030901000673,SYPNL,4,8,10.0,2039.0,20390.0,2026-03-09
2026030901000672,MABEL,6,48,50.0,816.0,40800.0,2026-03-09
2026030905000866,PPL,16,50,60.0,422.0,25320.0,2026-03-09
2026030904001041,RADHI,58,4,100.0,924.0,92400.0,2026-03-09
2026030905000865,BHL,58,58,556.0,225.0,125100.0,2026-03-09
2026030905000864,BHL,57,58,500.0,225.3,112650.0,2026-03-09
2026030905000863,BHL,51,58,44.0,225.3,9913.2,2026-03-09
2026030901000671,CITY,58,58,10.0,517.6,5176.0,2026-03-09
2026030901000670,SYPNL,58,6,20.0,2040.0,40800.0,2026-03-09
2026030901000669,SYPNL,58,6,10.0,2040.0,20400.0,2026-03-09
2026030903000411,FOWAD,58,55,10.0,1131.1,11311.0,2026-03-09
2026030905000862,BHPL,58,34,201.0,615.0,123615.0,2026-03-09
2026030904001040,NHPC,51,85,80.0,244.1,19528.0,2026-03-09
2026030904001039,AHPC,52,44,125.0,316.0,39500.0,2026-03-09
2026030904001038,AHPC,52,21,175.0,316.0,55300.0,2026-03-09
2026030901000668,SYPNL,6,6,98.0,2040.0,199920.0,2026-03-09
2026030901000667,SAIL,19,48,40.0,1468.0,58720.0,2026-03-09
2026030905000861,SAHAS,100,37,20.0,624.9,12498.0,2026-03-09
2026030905000860,NIFRA,48,38,240.0,289.0,69360.0,2026-03-09
2026030905000859,MEL,48,53,60.0,311.0,18660.0,2026-03-09
2026030905000858,MEL,48,34,90.0,311.0,27990.0,2026-03-09
2026030904001037,API,19,14,10.0,338.0,3380.0,2026-03-09
2026030904001036,KKHC,53,22,80.0,322.0,25760.0,2026-03-09
2026030903000410,PMLI,14,52,10.0,521.0,5210.0,2026-03-09
2026030904001035,GLH,74,48,200.0,286.0,57200.0,2026-03-09
2026030904001034,AHPC,45,21,25.0,316.0,7900.0,2026-03-09
2026030904001033,AHPC,45,57,75.0,316.0,23700.0,2026-03-09
2026030904001032,LEC,32,87,300.0,239.8,71940.0,2026-03-09
2026030903000409,ILBS,43,51,50.0,986.8,49340.0,2026-03-09
2026030904001031,RIDI,16,100,2000.0,342.0,684000.0,2026-03-09
2026030905000857,PHCL,55,65,100.0,328.0,32800.0,2026-03-09
2026030903000408,SLBSL,58,48,10.0,1336.2,13362.0,2026-03-09
2026030904001030,KKHC,53,22,200.0,322.0,64400.0,2026-03-09
2026030901000666,SAIL,41,48,680.0,1468.0,998240.0,2026-03-09
2026030901000665,SAIL,41,26,85.0,1468.0,124780.0,2026-03-09
2026030901000664,SAIL,41,99,50.0,1468.0,73400.0,2026-03-09
2026030901000663,SAIL,41,99,175.0,1468.0,256900.0,2026-03-09
2026030901000662,SAIL,41,49,10.0,1443.4,14434.0,2026-03-09
2026030904001029,HURJA,48,48,301.0,292.0,87892.0,2026-03-09
2026030904001028,HURJA,48,33,99.0,291.9,28898.1,2026-03-09
2026030904001027,HURJA,48,33,750.0,289.0,216750.0,2026-03-09
2026030904001026,AHPC,48,57,800.0,316.0,252800.0,2026-03-09
2026030904001025,SSHL,64,63,1405.0,211.0,296455.0,2026-03-09
2026030904001024,SSHL,58,63,1990.0,211.0,419890.0,2026-03-09
2026030904001023,SSHL,41,63,1000.0,213.0,213000.0,2026-03-09
2026030904001022,SSHL,53,63,300.0,213.4,64020.0,2026-03-09
2026030904001021,SSHL,6,63,300.0,213.4,64020.0,2026-03-09
2026030904001020,RIDI,67,100,10.0,342.0,3420.0,2026-03-09
2026030904001019,RHPL,34,48,100.0,318.0,31800.0,2026-03-09
2026030905000856,TPC,7,47,290.0,413.0,119770.0,2026-03-09
2026030904001018,JOSHI,7,82,10.0,325.3,3253.0,2026-03-09
2026030905000855,NTC,13,65,29.0,924.0,26796.0,2026-03-09
2026030901000661,JHAPA,56,3,10.0,1529.0,15290.0,2026-03-09
2026030904001017,SSHL,6,59,200.0,213.4,42680.0,2026-03-09
2026030903000407,PMLI,14,33,10.0,521.0,5210.0,2026-03-09
2026030905000854,ILI,49,60,850.0,465.0,395250.0,2026-03-09
2026030905000853,ILI,57,60,500.0,466.0,233000.0,2026-03-09
2026030905000852,ILI,58,60,100.0,474.3,47430.0,2026-03-09
2026030905000851,BBC,62,57,10.0,4902.0,49020.0,2026-03-09
2026030904001016,AHPC,19,57,125.0,316.0,39500.0,2026-03-09
2026030904001015,AHPC,19,65,435.0,316.0,137460.0,2026-03-09
2026030903000406,PMLI,14,64,10.0,521.0,5210.0,2026-03-09
2026030901000660,BANDIPUR,11,25,100.0,1040.0,104000.0,2026-03-09
2026030903000405,LBBL,57,60,500.0,522.0,261000.0,2026-03-09
2026030904001014,KKHC,14,22,40.0,322.0,12880.0,2026-03-09
2026030905000850,EHPL,44,41,10.0,435.8,4358.0,2026-03-09
2026030903000404,NABBC,20,20,8500.0,1522.0,12937000.0,2026-03-09
2026030904001013,UPPER,7,3,785.0,208.5,163672.5,2026-03-09
2026030904001012,UPPER,33,3,100.0,208.5,20850.0,2026-03-09
2026030904001011,UPPER,51,3,315.0,208.6,65709.0,2026-03-09
2026030904001010,UPPER,42,3,300.0,208.6,62580.0,2026-03-09
2026030901000659,SYPNL,90,6,200.0,2040.0,408000.0,2026-03-09
2026030905000849,SHIVM,39,69,16.0,686.4,10982.4,2026-03-09
2026030905000848,SHIVM,41,69,14.0,686.4,9609.6,2026-03-09
2026030905000847,SHIVM,60,69,220.0,695.2,152944.0,2026-03-09
2026030903000403,NABBC,71,20,10.0,1522.0,15220.0,2026-03-09
2026030901000658,SRLI,49,62,200.0,420.0,84000.0,2026-03-09
2026030904001009,NHPC,7,85,1000.0,244.8,244800.0,2026-03-09
2026030904001008,NHPC,71,85,2000.0,244.8,489600.0,2026-03-09
2026030904001007,NHPC,1,85,2000.0,245.0,490000.0,2026-03-09
2026030904001006,NHPC,43,85,500.0,245.0,122500.0,2026-03-09
2026030903000402,PMLI,14,67,10.0,521.0,5210.0,2026-03-09
2026030904001005,KKHC,58,22,100.0,322.0,32200.0,2026-03-09
2026030905000846,PPL,58,50,120.0,422.0,50640.0,2026-03-09
2026030905000845,SANVI,58,48,370.0,890.0,329300.0,2026-03-09
2026030901000657,HIDCLP,40,62,900.0,213.0,191700.0,2026-03-09
2026030904001004,API,58,14,200.0,338.0,67600.0,2026-03-09
2026030901000656,BANDIPUR,58,25,17.0,1040.0,17680.0,2026-03-09
2026030904001003,AKJCL,58,76,30.0,398.9,11967.0,2026-03-09
2026030905000844,CHDC,3,70,18.0,2708.0,48744.0,2026-03-09
2026030903000401,RSDC,77,62,10.0,683.4,6834.0,2026-03-09
2026030905000843,HRL,3,37,110.0,941.0,103510.0,2026-03-09
2026030905000842,HRL,3,62,80.0,940.0,75200.0,2026-03-09
2026030905000841,HRL,3,44,10.0,940.0,9400.0,2026-03-09
2026030904001002,API,67,14,59.0,338.0,19942.0,2026-03-09
2026030904001001,API,51,35,500.0,340.9,170450.0,2026-03-09
2026030901000655,SYPNL,1,6,10.0,2040.0,20400.0,2026-03-09
2026030903000400,SIFC,58,84,100.0,641.5,64150.0,2026-03-09
2026030905000840,NRIC,38,32,50.0,1340.0,67000.0,2026-03-09
2026030905000839,MKHC,4,13,10.0,346.3,3463.0,2026-03-09
2026030905000838,SHIVM,60,48,1000.0,695.2,695200.0,2026-03-09
2026030905000837,SMHL,34,33,200.0,510.0,102000.0,2026-03-09
2026030904001000,NGPL,34,16,80.0,458.0,36640.0,2026-03-09
2026030904000999,NGPL,50,16,500.0,459.0,229500.0,2026-03-09
2026030904000998,NGPL,49,16,500.0,459.0,229500.0,2026-03-09
2026030904000997,NGPL,45,16,600.0,459.0,275400.0,2026-03-09
2026030904000996,NGPL,45,16,20.0,460.0,9200.0,2026-03-09
2026030904000995,NGPL,49,16,500.0,460.0,230000.0,2026-03-09
2026030904000994,NGPL,34,16,800.0,460.0,368000.0,2026-03-09
2026030905000836,SANVI,48,48,60.0,890.0,53400.0,2026-03-09
2026030903000399,ICFC,56,92,10.0,677.6,6776.0,2026-03-09
2026030905000835,NRIC,56,59,100.0,1326.0,132600.0,2026-03-09
2026030905000834,HHL,13,57,10.0,356.6,3566.0,2026-03-09
2026030905000833,BNHC,47,80,10.0,364.0,3640.0,2026-03-09
2026030904000993,NHPC,10,44,900.0,249.0,224100.0,2026-03-09
2026030904000992,NHPC,10,83,600.0,249.0,149400.0,2026-03-09
2026030904000991,HURJA,35,33,5250.0,289.0,1517250.0,2026-03-09
2026030905000832,SMHL,7,33,10.0,510.0,5100.0,2026-03-09
2026030904000990,UMRH,74,33,50.0,610.0,30500.0,2026-03-09
2026030903000398,SAPDBL,72,65,30.0,905.3,27159.0,2026-03-09
2026030901000654,HIDCLP,38,62,1000.0,213.0,213000.0,2026-03-09
2026030904000989,AHPC,1,65,100.0,316.0,31600.0,2026-03-09
2026030904000988,AHPC,1,16,100.0,315.0,31500.0,2026-03-09
2026030904000987,KKHC,56,22,60.0,322.0,19320.0,2026-03-09
2026030904000986,NGPL,39,36,180.0,468.0,84240.0,2026-03-09
2026030905000831,SMHL,13,33,200.0,510.0,102000.0,2026-03-09
2026030901000653,BANDIPUR,32,25,100.0,1040.0,104000.0,2026-03-09
2026030905000830,CHDC,32,70,75.0,2708.0,203100.0,2026-03-09
2026030901000652,HIDCLP,66,62,1000.0,213.0,213000.0,2026-03-09
2026030904000985,HURJA,34,33,901.0,291.9,263001.9,2026-03-09
2026030904000984,HURJA,34,44,100.0,290.0,29000.0,2026-03-09
2026030904000983,BARUN,14,38,300.0,390.0,117000.0,2026-03-09
2026030901000651,NBL,6,47,30.0,276.1,8283.0,2026-03-09
2026030905000829,HRL,49,13,80.0,938.0,75040.0,2026-03-09
2026030905000828,HRL,46,13,134.0,944.0,126496.0,2026-03-09
2026030904000982,UMHL,62,28,50.0,677.0,33850.0,2026-03-09
2026030905000827,HRL,46,17,10.0,943.5,9435.0,2026-03-09
2026030905000826,HRL,46,52,45.0,943.0,42435.0,2026-03-09
2026030905000825,HRL,46,70,300.0,940.0,282000.0,2026-03-09
2026030905000824,HRL,46,28,66.0,940.0,62040.0,2026-03-09
2026030904000981,AKPL,34,29,990.0,295.0,292050.0,2026-03-09
2026030905000823,SMH,58,34,10.0,659.9,6599.0,2026-03-09
2026030903000397,SHINE,33,3,10.0,434.0,4340.0,2026-03-09
2026030905000822,MEL,53,34,200.0,311.0,62200.0,2026-03-09
2026030905000821,HDL,1,58,55.0,1270.0,69850.0,2026-03-09
2026030901000650,ADBL,36,53,32.0,327.7,10486.4,2026-03-09
2026030901000649,MABEL,57,48,80.0,816.0,65280.0,2026-03-09
2026030904000980,BPCL,64,60,565.0,800.0,452000.0,2026-03-09
2026030904000979,UPPER,42,35,200.0,208.6,41720.0,2026-03-09
2026030904000978,SHEL,38,45,500.0,327.5,163750.0,2026-03-09
2026030903000396,SAPDBL,72,72,10.0,905.3,9053.0,2026-03-09
2026030904000977,AKJCL,96,76,10.0,398.9,3989.0,2026-03-09
2026030903000395,NABBC,20,20,165.0,1522.0,251130.0,2026-03-09
2026030904000976,API,36,35,10.0,340.9,3409.0,2026-03-09
2026030901000648,PRVU,74,58,10.0,209.1,2091.0,2026-03-09
2026030904000975,RIDI,58,100,100.0,342.0,34200.0,2026-03-09
2026030905000820,SHIVM,60,58,500.0,695.2,347600.0,2026-03-09
2026030904000974,API,42,35,500.0,340.9,170450.0,2026-03-09
2026030901000647,BANDIPUR,53,25,150.0,1040.0,156000.0,2026-03-09
2026030904000973,NGPL,49,36,85.0,468.0,39780.0,2026-03-09
2026030901000646,SYPNL,44,6,30.0,2040.0,61200.0,2026-03-09
2026030901000645,SYPNL,44,91,10.0,2020.0,20200.0,2026-03-09
2026030903000394,SLBBL,59,36,10.0,891.1,8911.0,2026-03-09
2026030905000819,SANVI,17,48,500.0,890.0,445000.0,2026-03-09
2026030904000972,API,45,35,1076.0,340.9,366808.4,2026-03-09
2026030904000971,API,45,74,588.0,340.9,200449.2,2026-03-09
2026030904000970,API,45,58,720.0,340.0,244800.0,2026-03-09
2026030904000969,AHPC,44,65,700.0,316.0,221200.0,2026-03-09
2026030905000818,NRIC,64,32,650.0,1340.0,871000.0,2026-03-09
2026030905000817,NRIC,7,32,515.0,1340.0,690100.0,2026-03-09
2026030905000816,NRIC,25,32,200.0,1349.0,269800.0,2026-03-09
2026030905000815,NRIC,48,32,50.0,1349.0,67450.0,2026-03-09
2026030905000814,NRIC,50,32,755.0,1349.0,1018495.0,2026-03-09
2026030905000813,NRN,6,92,122.0,1649.0,201178.0,2026-03-09
2026030904000968,HDHPC,14,53,500.0,222.0,111000.0,2026-03-09
2026030904000967,HDHPC,16,53,360.0,222.0,79920.0,2026-03-09
2026030904000966,LEC,33,20,100.0,243.7,24370.0,2026-03-09
2026030901000644,SBL,43,33,10.0,394.1,3941.0,2026-03-09
2026030904000965,CHL,57,19,10.0,307.5,3075.0,2026-03-09
2026030904000964,RURU,91,38,119.0,709.5,84430.5,2026-03-09
2026030904000963,RURU,91,58,40.0,708.0,28320.0,2026-03-09
2026030903000393,SMB,38,29,10.0,1990.1,19901.0,2026-03-09
2026030904000962,SHL,39,52,100.0,532.0,53200.0,2026-03-09
2026030904000961,SHL,39,67,100.0,532.0,53200.0,2026-03-09
2026030904000960,SHL,39,74,100.0,528.0,52800.0,2026-03-09
2026030905000812,NIFRA,48,43,200.0,289.0,57800.0,2026-03-09
2026030905000811,GVL,47,37,50.0,524.8,26240.0,2026-03-09
2026030903000392,NICLBSL,44,34,10.0,589.5,5895.0,2026-03-09
2026030904000959,SPDL,70,37,15.0,434.5,6517.5,2026-03-09
2026030905000810,GCIL,64,71,10.0,460.4,4604.0,2026-03-09
2026030904000958,RHPL,16,48,200.0,318.0,63600.0,2026-03-09
2026030904000957,NGPL,34,62,200.0,460.0,92000.0,2026-03-09
2026030904000956,NGPL,39,62,100.0,465.0,46500.0,2026-03-09
2026030905000809,TPC,4,47,55.0,413.0,22715.0,2026-03-09
2026030905000808,MEHL,1,57,600.0,481.0,288600.0,2026-03-09
2026030905000807,MEHL,1,43,10.0,472.0,4720.0,2026-03-09
2026030905000806,MEHL,1,57,240.0,472.0,113280.0,2026-03-09
2026030904000955,HPPL,45,58,24.0,505.0,12120.0,2026-03-09
2026030905000805,HRL,59,28,80.0,940.0,75200.0,2026-03-09
2026030905000804,HRL,59,36,120.0,940.0,112800.0,2026-03-09
2026030905000803,NRM,34,52,10.0,470.0,4700.0,2026-03-09
2026030905000802,NRM,34,48,400.0,470.0,188000.0,2026-03-09
2026030905000801,NRM,34,39,50.0,470.0,23500.0,2026-03-09
2026030905000800,NRM,34,6,50.0,470.0,23500.0,2026-03-09
2026030905000799,NRM,34,26,1500.0,469.0,703500.0,2026-03-09
2026030904000954,SALICO,66,29,10.0,612.0,6120.0,2026-03-09
2026030904000953,NGPL,54,36,180.0,468.0,84240.0,2026-03-09
2026030901000643,SYPNL,52,6,200.0,2040.0,408000.0,2026-03-09
2026030904000952,NGPL,52,36,100.0,468.0,46800.0,2026-03-09
2026030904000951,AHPC,33,65,790.0,316.0,249640.0,2026-03-09
2026030905000798,SAHAS,33,1,20.0,624.9,12498.0,2026-03-09
2026030905000797,PHCL,4,65,259.0,328.9,85185.1,2026-03-09
2026030905000796,NTC,1,65,1000.0,924.0,924000.0,2026-03-09
2026030904000950,UMHL,62,72,10.0,680.0,6800.0,2026-03-09
2026030905000795,NRIC,55,17,100.0,1352.0,135200.0,2026-03-09
2026030901000642,NBL,6,60,1350.0,276.1,372735.0,2026-03-09
2026030901000641,TTL,82,48,50.0,1000.0,50000.0,2026-03-09
2026030904000949,NLG,7,64,10.0,707.4,7074.0,2026-03-09
2026030905000794,NYADI,45,22,10.0,421.3,4213.0,2026-03-09
2026030901000640,NIMB,44,48,590.0,213.8,126142.0,2026-03-09
2026030901000639,KBL,25,58,6500.0,219.7,1428050.0,2026-03-09
2026030905000793,SMHL,64,3,150.0,514.0,77100.0,2026-03-09
2026030901000638,BANDIPUR,45,25,100.0,1040.0,104000.0,2026-03-09
2026030905000792,NIFRA,48,51,1109.0,289.0,320501.0,2026-03-09
2026030905000791,NIFRA,48,41,830.0,288.0,239040.0,2026-03-09
2026030904000948,AHPC,29,65,3975.0,316.0,1256100.0,2026-03-09
2026030904000947,AHPC,29,59,25.0,316.0,7900.0,2026-03-09
2026030904000946,AKJCL,99,38,110.0,395.1,43461.0,2026-03-09
2026030901000637,CREST,58,3,100.0,1501.4,150140.0,2026-03-09
2026030904000945,AKPL,6,40,300.0,300.0,90000.0,2026-03-09
2026030904000944,AKPL,6,52,200.0,300.0,60000.0,2026-03-09
2026030904000943,RADHI,36,94,1000.0,925.0,925000.0,2026-03-09
2026030904000942,HURJA,35,34,500.0,289.0,144500.0,2026-03-09
2026030905000790,HRL,48,36,500.0,940.0,470000.0,2026-03-09
2026030901000636,HBL,81,13,10.0,210.0,2100.0,2026-03-09
2026030905000789,SMHL,4,3,100.0,514.0,51400.0,2026-03-09
2026030905000788,BHPL,69,34,560.0,615.0,344400.0,2026-03-09
2026030905000787,BHPL,69,39,140.0,614.0,85960.0,2026-03-09
2026030903000391,MFIL,63,25,154.0,918.0,141372.0,2026-03-09
2026030903000390,MFIL,63,6,820.0,912.9,748578.0,2026-03-09
2026030903000389,MFIL,63,91,26.0,910.0,23660.0,2026-03-09
2026030905000786,AHL,38,48,10.0,514.9,5149.0,2026-03-09
2026030901000635,PURE,39,29,10.0,1078.0,10780.0,2026-03-09
2026030901000634,PURE,39,66,10.0,1078.0,10780.0,2026-03-09
2026030905000785,NTC,7,65,20.0,924.0,18480.0,2026-03-09
2026030904000941,HDHPC,16,25,140.0,222.0,31080.0,2026-03-09
2026030904000940,HDHPC,55,25,500.0,222.0,111000.0,2026-03-09
2026030904000939,HDHPC,58,25,55.0,222.0,12210.0,2026-03-09
2026030904000938,HDHPC,26,25,45.0,222.0,9990.0,2026-03-09
2026030904000937,HDHPC,44,25,260.0,222.0,57720.0,2026-03-09
2026030903000388,NABBC,20,34,100.0,1522.0,152200.0,2026-03-09
2026030905000784,HRL,62,36,10.0,940.0,9400.0,2026-03-09
2026030905000783,HRL,49,36,290.0,940.0,272600.0,2026-03-09
2026030905000782,HRL,46,36,80.0,941.0,75280.0,2026-03-09
2026030904000936,NHPC,6,83,200.0,249.0,49800.0,2026-03-09
2026030905000781,MHCL,89,89,100.0,382.8,38280.0,2026-03-09
2026030905000780,MHCL,42,89,2990.0,382.8,1144572.0,2026-03-09
2026030905000779,MHCL,54,89,1000.0,382.9,382900.0,2026-03-09
2026030905000778,NRN,32,92,364.0,1649.0,600236.0,2026-03-09
2026030905000777,NTC,58,65,90.0,924.0,83160.0,2026-03-09
2026030904000935,BARUN,58,38,347.0,390.0,135330.0,2026-03-09
2026030905000776,TPC,58,47,100.0,413.0,41300.0,2026-03-09
2026030904000934,KKHC,58,22,50.0,322.0,16100.0,2026-03-09
2026030901000633,HBL,81,58,10.0,210.0,2100.0,2026-03-09
2026030901000632,OMPL,69,25,10.0,1394.1,13941.0,2026-03-09
2026030905000775,SHIVM,60,33,280.0,685.0,191800.0,2026-03-09
2026030904000933,NGPL,48,36,2000.0,468.0,936000.0,2026-03-09
2026030903000387,SAPDBL,72,62,10.0,890.6,8906.0,2026-03-09
2026030901000631,SAGAR,49,49,10.0,2172.0,21720.0,2026-03-09
2026030904000932,API,11,74,50.0,340.9,17045.0,2026-03-09
2026030905000774,SMH,58,86,10.0,659.9,6599.0,2026-03-09
2026030905000773,SHIVM,63,33,4720.0,686.4,3239808.0,2026-03-09
2026030904000931,UPPER,38,59,100.0,208.0,20800.0,2026-03-09
2026030904000930,UPPER,49,59,400.0,208.0,83200.0,2026-03-09
2026030901000630,NBL,6,45,20.0,276.0,5520.0,2026-03-09
2026030904000929,UPPER,47,82,710.0,208.6,148106.0,2026-03-09
2026030904000928,UPPER,47,11,382.0,208.6,79685.2,2026-03-09
2026030904000927,UPPER,47,49,260.0,208.4,54184.0,2026-03-09
2026030903000386,KSBBL,50,57,541.0,496.5,268606.5,2026-03-09
2026030903000385,KSBBL,33,57,10.0,506.4,5064.0,2026-03-09
2026030903000384,KSBBL,50,57,200.0,506.4,101280.0,2026-03-09
2026030904000926,SWASTIK,36,36,10.0,3050.9,30509.0,2026-03-09
2026030904000925,UMRH,41,33,240.0,610.0,146400.0,2026-03-09
2026030904000924,UMRH,41,58,10.0,604.0,6040.0,2026-03-09
2026030904000923,UAIL,50,26,10.0,474.0,4740.0,2026-03-09
2026030904000922,KKHC,44,22,30.0,322.0,9660.0,2026-03-09
2026030904000921,LEC,54,88,455.0,238.9,108699.5,2026-03-09
2026030904000920,SWASTIK,36,17,10.0,2991.1,29911.0,2026-03-09
2026030903000383,ALICL,91,38,10.0,488.8,4888.0,2026-03-09
2026030905000772,NRIC,1,17,100.0,1352.0,135200.0,2026-03-09
2026030905000771,NRIC,1,58,200.0,1350.0,270000.0,2026-03-09
2026030905000770,NRN,49,92,10.0,1649.0,16490.0,2026-03-09
2026030905000769,NRN,16,92,500.0,1650.0,825000.0,2026-03-09
2026030903000382,SAPDBL,72,72,10.0,890.6,8906.0,2026-03-09
2026030904000919,RIDI,14,100,2050.0,342.0,701100.0,2026-03-09
2026030904000918,RIDI,14,64,2950.0,342.0,1008900.0,2026-03-09
2026030901000629,BUNGAL,19,68,100.0,713.0,71300.0,2026-03-09
2026030901000628,BUNGAL,42,68,20.0,713.0,14260.0,2026-03-09
2026030903000381,GRDBL,48,46,10.0,1115.2,11152.0,2026-03-09
2026030904000917,RADHI,45,50,500.0,909.0,454500.0,2026-03-09
2026030901000627,CREST,95,34,100.0,1531.0,153100.0,2026-03-09
2026030904000916,CHCL,58,53,10.0,509.0,5090.0,2026-03-09
2026030904000915,BARUN,49,38,100.0,390.0,39000.0,2026-03-09
2026030905000768,MKJC,10,98,70.0,555.0,38850.0,2026-03-09
2026030904000914,NGPL,41,36,10.0,468.0,4680.0,2026-03-09
2026030904000913,MEN,58,1,80.0,635.4,50832.0,2026-03-09
2026030905000767,CIT,44,63,10.0,1875.7,18757.0,2026-03-09
2026030904000912,RADHI,71,94,500.0,925.0,462500.0,2026-03-09
2026030901000626,HIDCLP,57,71,400.0,214.0,85600.0,2026-03-09
2026030905000766,EHPL,36,39,10.0,427.3,4273.0,2026-03-09
2026030904000911,API,49,74,45.0,340.9,15340.5,2026-03-09
2026030904000910,UPCL,29,91,250.0,414.9,103725.0,2026-03-09
2026030904000909,UPCL,29,65,200.0,414.3,82860.0,2026-03-09
2026030905000765,PHCL,4,57,50.0,328.9,16445.0,2026-03-09
2026030905000764,PHCL,4,7,10.0,327.0,3270.0,2026-03-09
2026030905000763,PHCL,4,34,56.0,326.9,18306.4,2026-03-09
2026030905000762,PHCL,4,4,50.0,325.0,16250.0,2026-03-09
2026030904000908,UPPER,83,49,100.0,208.4,20840.0,2026-03-09
2026030903000380,MLBL,42,55,30.0,400.0,12000.0,2026-03-09
2026030904000907,HPPL,43,58,125.0,505.0,63125.0,2026-03-09
2026030905000761,DORDI,50,46,190.0,306.1,58159.0,2026-03-09
2026030904000906,HDHPC,44,65,500.0,222.0,111000.0,2026-03-09
2026030905000760,NTC,14,65,50.0,924.0,46200.0,2026-03-09
2026030903000379,SADBL,14,33,490.0,442.1,216629.0,2026-03-09
2026030904000905,HDHPC,44,49,200.0,222.0,44400.0,2026-03-09
2026030904000904,UPPER,45,49,24.0,208.4,5001.6,2026-03-09
2026030904000903,SHL,4,74,500.0,528.0,264000.0,2026-03-09
2026030904000902,LEC,55,88,10.0,238.9,2389.0,2026-03-09
2026030901000625,HIDCLP,57,40,1525.0,214.0,326350.0,2026-03-09
2026030901000624,HIDCLP,57,45,75.0,213.9,16042.5,2026-03-09
2026030905000759,PHCL,47,4,50.0,325.0,16250.0,2026-03-09
2026030904000901,API,64,74,77.0,340.9,26249.3,2026-03-09
2026030903000378,CBBL,14,21,30.0,975.7,29271.0,2026-03-09
2026030901000623,SYPNL,36,6,38.0,2040.0,77520.0,2026-03-09
2026030901000622,SYPNL,36,34,10.0,2020.0,20200.0,2026-03-09
2026030904000900,AKPL,34,8,830.0,295.0,244850.0,2026-03-09
2026030904000899,AKPL,4,8,10.0,297.0,2970.0,2026-03-09
2026030904000898,AKPL,58,8,160.0,298.0,47680.0,2026-03-09
2026030904000897,API,49,74,40.0,340.9,13636.0,2026-03-09
2026030903000377,SAPDBL,72,95,60.0,890.0,53400.0,2026-03-09
2026030904000896,BARUN,54,38,50.0,390.0,19500.0,2026-03-09
2026030901000621,BHCL,34,95,100.0,640.0,64000.0,2026-03-09
2026030901000620,BHCL,59,95,140.0,640.0,89600.0,2026-03-09
2026030901000619,BHCL,22,95,10.0,640.6,6406.0,2026-03-09
2026030903000376,MPFL,92,66,10.0,700.0,7000.0,2026-03-09
2026030901000618,BANDIPUR,58,25,100.0,1040.0,104000.0,2026-03-09
2026030901000617,BANDIPUR,7,25,990.0,1040.0,1029600.0,2026-03-09
2026030904000895,API,34,74,200.0,340.9,68180.0,2026-03-09
2026030905000758,NIFRA,51,41,10.0,288.0,2880.0,2026-03-09
2026030904000894,RIDI,11,59,328.0,337.0,110536.0,2026-03-09
2026030904000893,RIDI,38,59,150.0,337.0,50550.0,2026-03-09
2026030904000892,RIDI,58,59,97.0,339.0,32883.0,2026-03-09
2026030904000891,RIDI,22,59,775.0,339.0,262725.0,2026-03-09
2026030904000890,RIDI,55,59,100.0,340.0,34000.0,2026-03-09
2026030903000375,ICFC,56,64,10.0,677.6,6776.0,2026-03-09
2026030901000616,SYPNL,1,34,90.0,2022.0,181980.0,2026-03-09
2026030903000374,PROFL,7,75,10.0,508.0,5080.0,2026-03-09
2026030904000889,SHL,36,74,100.0,528.0,52800.0,2026-03-09
2026030905000757,NTC,62,65,29.0,924.0,26796.0,2026-03-09
2026030905000756,NTC,62,58,240.0,922.0,221280.0,2026-03-09
2026030905000755,NTC,62,19,40.0,918.0,36720.0,2026-03-09
2026030904000888,UPPER,51,49,430.0,208.5,89655.0,2026-03-09
2026030904000887,UPPER,47,49,14.0,208.5,2919.0,2026-03-09
2026030904000886,UPPER,25,49,172.0,208.5,35862.0,2026-03-09
2026030904000885,UPPER,92,49,1000.0,208.5,208500.0,2026-03-09
2026030904000884,SHEL,62,51,120.0,330.0,39600.0,2026-03-09
2026030901000615,NIMB,8,48,100.0,213.8,21380.0,2026-03-09
2026030904000883,KKHC,58,22,266.0,322.0,85652.0,2026-03-09
2026030903000373,RSDC,77,58,10.0,683.4,6834.0,2026-03-09
2026030905000754,SGHC,58,71,850.0,440.0,374000.0,2026-03-09
2026030904000882,AHPC,58,59,60.0,316.0,18960.0,2026-03-09
2026030904000881,KKHC,58,10,670.0,317.0,212390.0,2026-03-09
2026030904000880,KKHC,32,10,330.0,317.0,104610.0,2026-03-09
2026030904000879,SHEL,58,51,510.0,330.0,168300.0,2026-03-09
2026030904000878,SHEL,58,32,200.0,330.0,66000.0,2026-03-09
2026030904000877,SHEL,58,48,690.0,330.0,227700.0,2026-03-09
2026030903000372,GUFL,58,60,355.0,603.5,214242.5,2026-03-09
2026030903000371,GUFL,58,3,145.0,603.0,87435.0,2026-03-09
2026030903000370,GRDBL,52,60,10.0,1115.2,11152.0,2026-03-09
2026030905000753,MKJC,4,98,12.0,555.0,6660.0,2026-03-09
2026030904000876,UPPER,45,11,550.0,208.6,114730.0,2026-03-09
2026030904000875,HURJA,14,44,1500.0,290.0,435000.0,2026-03-09
2026030901000614,SYPNL,16,6,10.0,2040.0,20400.0,2026-03-09
2026030905000752,MBJC,51,43,15.0,322.0,4830.0,2026-03-09
2026030904000874,LEC,25,88,25.0,239.0,5975.0,2026-03-09
2026030904000873,LEC,11,88,510.0,240.0,122400.0,2026-03-09
2026030905000751,TPC,1,47,20.0,413.0,8260.0,2026-03-09
2026030901000613,NABIL,14,40,299.0,545.0,162955.0,2026-03-09
2026030904000872,HDHPC,44,19,40.0,222.0,8880.0,2026-03-09
2026030901000612,SRLI,58,62,10.0,420.3,4203.0,2026-03-09
2026030901000611,SRLI,51,62,190.0,420.3,79857.0,2026-03-09
2026030901000610,SAIL,60,99,50.0,1468.0,73400.0,2026-03-09
2026030904000871,RADHI,45,36,468.0,909.0,425412.0,2026-03-09
2026030904000870,RADHI,6,36,300.0,912.0,273600.0,2026-03-09
2026030904000869,NHPC,54,83,500.0,249.0,124500.0,2026-03-09
2026030905000750,ENL,74,55,10.0,972.7,9727.0,2026-03-09
2026030903000369,SWBBL,41,43,63.0,792.0,49896.0,2026-03-09
2026030905000749,SHIVM,63,57,37.0,686.4,25396.8,2026-03-09
2026030903000368,RSDC,77,62,10.0,683.4,6834.0,2026-03-09
2026030905000748,NRIC,71,41,20.0,1351.0,27020.0,2026-03-09
2026030904000868,RHPL,6,48,1000.0,320.0,320000.0,2026-03-09
2026030904000867,RHPL,6,48,500.0,320.0,160000.0,2026-03-09
2026030904000866,UMHL,74,57,140.0,669.0,93660.0,2026-03-09
2026030904000865,NGPL,40,36,200.0,468.0,93600.0,2026-03-09
2026030904000864,NGPL,49,36,106.0,468.0,49608.0,2026-03-09
2026030904000863,NGPL,58,36,200.0,468.0,93600.0,2026-03-09
2026030904000862,NGPL,38,36,50.0,468.0,23400.0,2026-03-09
2026030904000861,NGPL,77,36,350.0,468.0,163800.0,2026-03-09
2026030904000860,NGPL,49,36,50.0,468.0,23400.0,2026-03-09
2026030904000859,NGPL,1,36,164.0,468.0,76752.0,2026-03-09
2026030904000858,NGPL,41,36,1000.0,470.0,470000.0,2026-03-09
2026030905000747,TPC,53,47,500.0,413.0,206500.0,2026-03-09
2026030901000609,SAIL,13,99,15.0,1468.0,22020.0,2026-03-09
2026030904000857,RIDI,48,77,9000.0,342.4,3081600.0,2026-03-09
2026030904000856,NICL,47,35,10.0,532.5,5325.0,2026-03-09
2026030903000367,NABBC,49,43,20.0,1523.7,30474.0,2026-03-09
2026030901000608,SRLI,51,26,200.0,420.3,84060.0,2026-03-09
2026030904000855,HDHPC,49,19,60.0,222.0,13320.0,2026-03-09
2026030904000854,HDHPC,49,38,200.0,222.0,44400.0,2026-03-09
2026030904000853,HDHPC,49,47,1740.0,222.0,386280.0,2026-03-09
2026030901000607,BANDIPUR,38,6,320.0,1050.0,336000.0,2026-03-09
2026030905000746,BNHC,94,80,40.0,364.0,14560.0,2026-03-09
2026030901000606,NIMB,54,87,918.0,210.7,193422.6,2026-03-09
2026030904000852,RIDI,45,77,1500.0,342.4,513600.0,2026-03-09
2026030904000851,RIDI,45,11,1000.0,342.0,342000.0,2026-03-09
2026030901000605,NMIC,55,34,10.0,1378.5,13785.0,2026-03-09
2026030904000850,AKJCL,4,38,15.0,395.1,5926.5,2026-03-09
2026030905000745,CHDC,50,70,90.0,2708.0,243720.0,2026-03-09
2026030904000849,NHPC,19,83,200.0,249.0,49800.0,2026-03-09
2026030901000604,SAIL,49,99,500.0,1468.0,734000.0,2026-03-09
2026030901000603,SAIL,49,14,500.0,1467.9,733950.0,2026-03-09
2026030901000602,SAIL,49,74,250.0,1467.0,366750.0,2026-03-09
2026030901000601,SAIL,49,41,200.0,1467.0,293400.0,2026-03-09
2026030901000600,SAIL,49,68,150.0,1461.0,219150.0,2026-03-09
2026030905000744,SHIVM,63,62,1683.0,686.4,1155211.2,2026-03-09
2026030903000366,MLBBL,38,6,10.0,1410.0,14100.0,2026-03-09
2026030904000848,HDHPC,45,38,328.0,219.5,71996.0,2026-03-09
2026030904000847,HDHPC,58,38,362.0,219.5,79459.0,2026-03-09
2026030904000846,HDHPC,42,38,10.0,219.5,2195.0,2026-03-09
2026030904000845,HDHPC,16,38,200.0,220.0,44000.0,2026-03-09
2026030901000599,DHEL,5,32,10.0,795.9,7959.0,2026-03-09
2026030904000844,HDHPC,52,47,100.0,222.0,22200.0,2026-03-09
2026030901000598,TTL,14,48,80.0,1000.0,80000.0,2026-03-09
2026030904000843,IGI,42,17,10.0,461.3,4613.0,2026-03-09
2026030904000842,PMHPL,95,38,95.0,396.7,37686.5,2026-03-09
2026030904000841,PMHPL,95,42,100.0,396.7,39670.0,2026-03-09
2026030904000840,PMHPL,95,59,100.0,396.0,39600.0,2026-03-09
2026030904000839,PMHPL,95,90,560.0,396.0,221760.0,2026-03-09
2026030904000838,PMHPL,95,78,145.0,396.0,57420.0,2026-03-09
2026030905000743,PPL,62,101,7683.0,423.9,3256823.7,2026-03-09
2026030905000742,PPL,62,94,1994.0,423.0,843462.0,2026-03-09
2026030905000741,PPL,62,64,100.0,422.9,42290.0,2026-03-09
2026030905000740,PPL,62,28,200.0,415.8,83160.0,2026-03-09
2026030905000739,PPL,62,91,23.0,415.8,9563.4,2026-03-09
2026030904000837,SSHL,16,16,10.0,213.4,2134.0,2026-03-09
2026030904000836,AHPC,50,60,217.0,298.9,64861.3,2026-03-09
2026030904000835,AHPC,47,60,200.0,298.9,59780.0,2026-03-09
2026030904000834,AHPC,58,60,62.0,298.9,18531.8,2026-03-09
2026030904000833,AHPC,16,60,480.0,298.9,143472.0,2026-03-09
2026030904000832,AHPC,6,60,100.0,299.0,29900.0,2026-03-09
2026030904000831,AHPC,41,60,100.0,300.0,30000.0,2026-03-09
2026030904000830,AHPC,6,60,100.0,304.0,30400.0,2026-03-09
2026030904000829,AHPC,14,60,50.0,304.8,15240.0,2026-03-09
2026030904000828,AHPC,26,60,500.0,304.8,152400.0,2026-03-09
2026030904000827,AHPC,60,60,2000.0,304.8,609600.0,2026-03-09
2026030904000826,AHPC,14,60,10.0,304.8,3048.0,2026-03-09
2026030904000825,AHPC,39,60,400.0,304.8,121920.0,2026-03-09
2026030904000824,AHPC,7,60,3990.0,304.8,1216152.0,2026-03-09
2026030904000823,AHPC,38,60,100.0,310.0,31000.0,2026-03-09
2026030904000822,AHPC,47,60,300.0,310.0,93000.0,2026-03-09
2026030904000821,AHPC,42,60,1391.0,310.0,431210.0,2026-03-09
2026030905000738,HRL,62,52,155.0,943.0,146165.0,2026-03-09
2026030905000737,HRL,62,26,211.0,943.0,198973.0,2026-03-09
2026030905000736,HRL,62,38,72.0,942.8,67881.6,2026-03-09
2026030905000735,HRL,62,38,62.0,942.1,58410.2,2026-03-09
2026030903000365,ICFC,56,53,10.0,677.6,6776.0,2026-03-09
2026030904000820,RHPL,34,25,2000.0,320.0,640000.0,2026-03-09
2026030904000819,AHPC,49,59,70.0,316.0,22120.0,2026-03-09
2026030905000734,SMHL,44,91,364.0,514.9,187423.6,2026-03-09
2026030905000733,SMHL,44,58,100.0,514.8,51480.0,2026-03-09
2026030905000732,SMHL,44,58,106.0,514.0,54484.0,2026-03-09
2026030905000731,HIDCL,14,58,100.0,288.2,28820.0,2026-03-09
2026030903000364,SINDU,59,25,500.0,811.5,405750.0,2026-03-09
2026030904000818,UPPER,28,11,50.0,208.6,10430.0,2026-03-09
2026030901000597,HIDCLP,66,45,125.0,213.9,26737.5,2026-03-09
2026030903000363,LLBS,58,14,10.0,1057.0,10570.0,2026-03-09
2026030904000817,API,58,48,10.0,341.0,3410.0,2026-03-09
2026030905000730,HRL,46,58,20.0,941.0,18820.0,2026-03-09
2026030905000729,NRN,58,58,10.0,1678.9,16789.0,2026-03-09
2026030905000728,NRN,58,84,1502.0,1650.0,2478300.0,2026-03-09
2026030905000727,DORDI,50,58,10.0,306.1,3061.0,2026-03-09
2026030904000816,NHPC,58,8,540.0,249.2,134568.0,2026-03-09
2026030904000815,PMHPL,58,78,280.0,396.0,110880.0,2026-03-09
2026030904000814,HPPL,47,58,35.0,505.0,17675.0,2026-03-09
2026030904000813,HPPL,74,58,988.0,505.0,498940.0,2026-03-09
2026030904000812,HPPL,58,58,62.0,505.0,31310.0,2026-03-09
2026030904000811,HPPL,39,58,90.0,505.0,45450.0,2026-03-09
2026030904000810,HPPL,94,58,3340.0,509.0,1700060.0,2026-03-09
2026030901000596,TTL,58,48,20.0,1000.0,20000.0,2026-03-09
2026030904000809,NHPC,19,18,1500.0,249.0,373500.0,2026-03-09
2026030901000595,SYPNL,32,6,215.0,2040.0,438600.0,2026-03-09
2026030901000594,SYPNL,32,49,85.0,2040.0,173400.0,2026-03-09
2026030904000808,RADHI,62,94,62.0,925.0,57350.0,2026-03-09
2026030905000726,HDL,53,1,20.0,1274.0,25480.0,2026-03-09
2026030905000725,BNHC,94,84,10.0,364.0,3640.0,2026-03-09
2026030904000807,UMHL,13,57,110.0,669.0,73590.0,2026-03-09
2026030904000806,SSHL,58,63,2000.0,210.0,420000.0,2026-03-09
2026030903000362,CORBL,46,32,10.0,1723.0,17230.0,2026-03-09
2026030905000724,MKHL,92,50,20.0,832.3,16646.0,2026-03-09
2026030904000805,HDHPC,34,11,1000.0,221.9,221900.0,2026-03-09
2026030903000361,SHINE,49,3,490.0,434.0,212660.0,2026-03-09
2026030905000723,BHPL,34,34,60.0,615.0,36900.0,2026-03-09
2026030904000804,BARUN,51,51,10.0,391.0,3910.0,2026-03-09
2026030904000803,LEC,11,42,10.0,239.0,2390.0,2026-03-09
2026030904000802,LEC,11,8,480.0,239.0,114720.0,2026-03-09
2026030904000801,RIDI,71,77,3359.0,342.4,1150121.6,2026-03-09
2026030904000800,RIDI,71,58,1641.0,342.4,561878.4,2026-03-09
2026030905000722,CHDC,39,70,10.0,2708.0,27080.0,2026-03-09
2026030904000799,SSHL,58,50,429.0,210.0,90090.0,2026-03-09
2026030904000798,SSHL,62,50,71.0,210.1,14917.1,2026-03-09
2026030904000797,NHPC,36,37,100.0,249.1,24910.0,2026-03-09
2026030905000721,NIFRA,70,51,1500.0,289.0,433500.0,2026-03-09
2026030905000720,PHCL,4,34,20.0,326.9,6538.0,2026-03-09
2026030901000593,HIMSTAR,48,41,35.0,1117.0,39095.0,2026-03-09
2026030901000592,HIMSTAR,48,42,50.0,1117.0,55850.0,2026-03-09
2026030901000591,HIMSTAR,48,74,200.0,1100.0,220000.0,2026-03-09
2026030901000590,HIMSTAR,48,36,10.0,1099.5,10995.0,2026-03-09
2026030901000589,HIMSTAR,48,52,10.0,1099.5,10995.0,2026-03-09
2026030901000588,HIMSTAR,48,32,245.0,1099.0,269255.0,2026-03-09
2026030901000587,HIMSTAR,48,59,50.0,1098.2,54910.0,2026-03-09
2026030901000586,HIMSTAR,48,57,100.0,1098.0,109800.0,2026-03-09
2026030904000796,SHPC,52,48,55.0,568.0,31240.0,2026-03-09
2026030904000795,SHPC,42,48,50.0,570.0,28500.0,2026-03-09
2026030904000794,SHPC,38,48,100.0,579.3,57930.0,2026-03-09
2026030904000793,SHPC,49,48,495.0,579.3,286753.5,2026-03-09
2026030904000792,GHL,60,91,5301.0,258.0,1367658.0,2026-03-09
2026030903000360,ALICL,29,42,1810.0,488.9,884909.0,2026-03-09
2026030903000359,ALICL,29,94,100.0,488.8,48880.0,2026-03-09
2026030903000358,ALICL,29,70,90.0,485.0,43650.0,2026-03-09
2026030901000585,SBL,43,65,10.0,394.1,3941.0,2026-03-09
2026030905000719,NRN,69,84,600.0,1650.0,990000.0,2026-03-09
2026030901000584,SAIL,72,36,100.0,1443.0,144300.0,2026-03-09
2026030904000791,KKHC,49,86,100.0,323.0,32300.0,2026-03-09
2026030904000790,KKHC,49,38,800.0,323.0,258400.0,2026-03-09
2026030904000789,PMHPL,70,78,25.0,396.0,9900.0,2026-03-09
2026030905000718,PHCL,57,34,25.0,326.9,8172.5,2026-03-09
2026030903000357,ALICL,85,70,10.0,485.0,4850.0,2026-03-09
2026030904000788,NGPL,14,33,1000.0,477.0,477000.0,2026-03-09
2026030905000717,NRIC,50,25,110.0,1349.0,148390.0,2026-03-09
2026030904000787,KKHC,47,38,30.0,323.0,9690.0,2026-03-09
2026030901000583,KBL,64,40,500.0,216.1,108050.0,2026-03-09
2026030903000356,HLI,14,49,122.0,397.8,48531.6,2026-03-09
2026030903000355,SMPDA,14,60,10.0,892.5,8925.0,2026-03-09
2026030904000786,RIDI,21,58,1300.0,342.4,445120.0,2026-03-09
2026030904000785,RIDI,21,55,200.0,342.0,68400.0,2026-03-09
2026030903000354,SINDU,46,25,10.0,811.5,8115.0,2026-03-09
2026030905000716,BHPL,36,34,300.0,615.0,184500.0,2026-03-09
2026030903000353,NABBC,46,43,419.0,1523.7,638430.3,2026-03-09
2026030905000715,MEHL,49,57,70.0,472.0,33040.0,2026-03-09
2026030905000714,MEHL,49,65,10.0,471.0,4710.0,2026-03-09
2026030904000784,KKHC,32,38,2160.0,323.0,697680.0,2026-03-09
2026030904000783,KKHC,32,38,1840.0,322.0,592480.0,2026-03-09
2026030903000352,SAPDBL,26,95,10.0,890.0,8900.0,2026-03-09
2026030903000351,GUFL,74,3,10.0,603.0,6030.0,2026-03-09
2026030905000713,HHL,13,66,10.0,356.6,3566.0,2026-03-09
2026030903000350,SADBL,4,33,500.0,442.1,221050.0,2026-03-09
2026030904000782,LEC,48,8,500.0,239.0,119500.0,2026-03-09
2026030904000781,SHEL,43,48,310.0,330.0,102300.0,2026-03-09
2026030904000780,SHEL,43,79,990.0,330.0,326700.0,2026-03-09
2026030903000349,MFIL,13,91,40.0,910.0,36400.0,2026-03-09
2026030904000779,RIDI,57,55,300.0,342.0,102600.0,2026-03-09
2026030901000582,NMIC,55,57,10.0,1378.5,13785.0,2026-03-09
2026030904000778,UPCL,34,91,1000.0,414.9,414900.0,2026-03-09
2026030904000777,SPDL,4,37,200.0,434.5,86900.0,2026-03-09
2026030901000581,CREST,48,91,200.0,1532.0,306400.0,2026-03-09
2026030901000580,CREST,48,43,250.0,1530.0,382500.0,2026-03-09
2026030905000712,BHPL,34,34,547.0,615.0,336405.0,2026-03-09
2026030905000711,BHPL,34,95,263.0,615.0,161745.0,2026-03-09
2026030901000579,SYPNL,43,35,30.0,2000.0,60000.0,2026-03-09
2026030901000578,SYPNL,75,35,3130.0,2000.0,6260000.0,2026-03-09
2026030901000577,SYPNL,35,35,140.0,2020.0,282800.0,2026-03-09
2026030901000576,SYPNL,48,35,200.0,2021.0,404200.0,2026-03-09
2026030904000776,GHL,64,91,4000.0,258.0,1032000.0,2026-03-09
2026030903000348,SHINE,7,58,10.0,434.5,4345.0,2026-03-09
2026030901000575,GMLI,36,29,10.0,1839.0,18390.0,2026-03-09
2026030903000347,GMFIL,34,69,10.0,492.9,4929.0,2026-03-09
2026030901000574,OMPL,69,67,10.0,1394.1,13941.0,2026-03-09
2026030901000573,BANDIPUR,58,6,170.0,1050.0,178500.0,2026-03-09
2026030904000775,NGPL,47,58,300.0,475.0,142500.0,2026-03-09
2026030905000710,NTC,58,35,20.0,907.1,18142.0,2026-03-09
2026030905000709,SMHL,58,58,30.0,514.0,15420.0,2026-03-09
2026030904000774,UPPER,42,11,18.0,208.6,3754.8,2026-03-09
2026030904000773,UPPER,42,11,82.0,208.6,17105.2,2026-03-09
2026030905000708,SHIVM,63,29,300.0,686.4,205920.0,2026-03-09
2026030905000707,SHIVM,63,101,200.0,686.0,137200.0,2026-03-09
2026030905000706,SHIVM,63,47,795.0,686.0,545370.0,2026-03-09
2026030905000705,SHIVM,63,33,2265.0,673.0,1524345.0,2026-03-09
2026030903000346,ALBSL,98,86,50.0,1190.5,59525.0,2026-03-09
2026030905000704,SMH,58,98,10.0,659.9,6599.0,2026-03-09
2026030901000572,NABIL,49,40,150.0,545.0,81750.0,2026-03-09
2026030904000772,SGIC,51,82,13.0,499.3,6490.9,2026-03-09
2026030904000771,HDHPC,6,47,450.0,222.0,99900.0,2026-03-09
2026030904000770,GHL,3,91,1935.0,258.0,499230.0,2026-03-09
2026030903000345,LBBL,74,60,700.0,522.0,365400.0,2026-03-09
2026030904000769,UAIL,50,38,10.0,474.0,4740.0,2026-03-09
2026030904000768,API,67,56,100.0,338.0,33800.0,2026-03-09
2026030905000703,BHPL,34,95,30.0,615.0,18450.0,2026-03-09
2026030903000344,ALICL,4,70,100.0,485.0,48500.0,2026-03-09
2026030904000767,API,48,48,300.0,341.0,102300.0,2026-03-09
2026030905000702,SMHL,54,58,140.0,514.0,71960.0,2026-03-09
2026030904000766,API,21,48,60.0,341.0,20460.0,2026-03-09
2026030901000571,SYPNL,76,49,20.0,2040.0,40800.0,2026-03-09
2026030905000701,PHCL,55,34,2500.0,326.9,817250.0,2026-03-09
2026030901000570,BANDIPUR,36,6,10.0,1050.0,10500.0,2026-03-09
2026030903000343,NLIC,17,80,10.0,812.9,8129.0,2026-03-09
2026030905000700,SHIVM,16,33,50.0,673.0,33650.0,2026-03-09
2026030901000569,TTL,48,48,100.0,1000.0,100000.0,2026-03-09
2026030904000765,HDHPC,74,47,10.0,222.0,2220.0,2026-03-09
2026030904000764,SHL,17,74,100.0,528.0,52800.0,2026-03-09
2026030901000568,CREST,63,50,195.0,1531.0,298545.0,2026-03-09
2026030901000567,SYPNL,49,49,10.0,2040.0,20400.0,2026-03-09
2026030904000763,API,14,48,10.0,341.0,3410.0,2026-03-09
2026030904000762,PPCL,46,16,1000.0,403.1,403100.0,2026-03-09
2026030904000761,AHPC,42,65,109.0,310.0,33790.0,2026-03-09
2026030904000760,AHPC,45,65,500.0,310.0,155000.0,2026-03-09
2026030904000759,AHPC,57,65,891.0,310.0,276210.0,2026-03-09
2026030904000758,AHPC,49,65,500.0,311.0,155500.0,2026-03-09
2026030904000757,UPPER,52,11,18.0,208.6,3754.8,2026-03-09
2026030904000756,UPPER,52,58,10.0,208.6,2086.0,2026-03-09
2026030904000755,UPPER,52,96,1410.0,208.5,293985.0,2026-03-09
2026030905000699,DORDI,14,22,100.0,300.1,30010.0,2026-03-09
2026030905000698,DORDI,54,22,200.0,304.0,60800.0,2026-03-09
2026030901000566,HBL,58,57,32.0,208.0,6656.0,2026-03-09
2026030901000565,HBL,58,57,20.0,208.0,4160.0,2026-03-09
2026030901000564,HBL,8,57,40.0,208.0,8320.0,2026-03-09
2026030904000754,KKHC,36,38,20.0,322.0,6440.0,2026-03-09
2026030904000753,HPPL,34,38,210.0,510.0,107100.0,2026-03-09
2026030904000752,API,4,48,140.0,341.0,47740.0,2026-03-09
2026030905000697,SHIVM,55,33,600.0,673.0,403800.0,2026-03-09
2026030903000342,USLB,14,83,20.0,1503.0,30060.0,2026-03-09
2026030903000341,USLB,34,83,70.0,1515.0,106050.0,2026-03-09
2026030901000563,TTL,55,48,150.0,1000.0,150000.0,2026-03-09
2026030904000751,KKHC,90,38,140.0,322.7,45178.0,2026-03-09
2026030903000340,SINDU,58,25,245.0,811.5,198817.5,2026-03-09
2026030905000696,NIFRA,58,51,15.0,289.0,4335.0,2026-03-09
2026030901000562,TTL,58,48,127.0,1000.0,127000.0,2026-03-09
2026030905000695,NIFRA,75,51,376.0,289.0,108664.0,2026-03-09
2026030905000694,NIFRA,75,8,554.0,289.0,160106.0,2026-03-09
2026030901000561,NABIL,58,40,40.0,545.0,21800.0,2026-03-09
2026030905000693,SMHL,44,58,100.0,514.0,51400.0,2026-03-09
2026030901000560,NIMB,58,48,250.0,213.8,53450.0,2026-03-09
2026030901000559,SYPNL,35,64,40.0,2020.0,80800.0,2026-03-09
2026030904000750,KKHC,90,38,160.0,322.7,51632.0,2026-03-09
2026030905000692,MEL,58,34,10.0,311.0,3110.0,2026-03-09
2026030901000558,CREST,52,50,105.0,1531.0,160755.0,2026-03-09
2026030901000557,HIDCLP,14,40,475.0,214.0,101650.0,2026-03-09
2026030901000556,HIDCLP,14,67,475.0,214.0,101650.0,2026-03-09
2026030903000339,LLBS,89,14,26.0,1057.0,27482.0,2026-03-09
2026030904000749,SPIL,13,62,41.0,753.3,30885.3,2026-03-09
2026030901000555,HIDCLP,42,67,15.0,214.0,3210.0,2026-03-09
2026030905000691,SHIVM,65,33,45.0,673.0,30285.0,2026-03-09
2026030905000690,SHIVM,64,33,200.0,673.0,134600.0,2026-03-09
2026030904000748,RIDI,57,40,100.0,342.0,34200.0,2026-03-09
2026030905000689,NRIC,50,71,50.0,1349.0,67450.0,2026-03-09
2026030905000688,NRIC,50,49,85.0,1349.0,114665.0,2026-03-09
2026030901000554,TTL,48,48,350.0,1000.0,350000.0,2026-03-09
2026030904000747,AHPC,57,59,60.0,316.0,18960.0,2026-03-09
2026030904000746,API,39,48,1140.0,341.0,388740.0,2026-03-09
2026030905000687,HRL,74,45,156.0,941.0,146796.0,2026-03-09
2026030903000338,LICN,44,39,110.0,853.8,93918.0,2026-03-09
2026030903000337,LICN,45,39,20.0,854.0,17080.0,2026-03-09
2026030903000336,LICN,45,39,50.0,854.0,42700.0,2026-03-09
2026030903000335,LICN,25,39,100.0,854.0,85400.0,2026-03-09
2026030903000334,LICN,68,39,200.0,855.0,171000.0,2026-03-09
2026030903000333,LICN,22,39,20.0,860.0,17200.0,2026-03-09
2026030904000745,HURJA,52,33,1000.0,291.9,291900.0,2026-03-09
2026030901000553,NIMB,16,48,60.0,213.8,12828.0,2026-03-09
2026030901000552,NBL,42,45,200.0,276.0,55200.0,2026-03-09
2026030904000744,UPPER,46,96,750.0,208.5,156375.0,2026-03-09
2026030904000743,KKHC,90,80,500.0,322.7,161350.0,2026-03-09
2026030903000332,NMBMF,17,36,40.0,701.0,28040.0,2026-03-09
2026030905000686,SHIVM,17,33,500.0,673.0,336500.0,2026-03-09
2026030905000685,PHCL,14,34,30.0,326.9,9807.0,2026-03-09
2026030901000551,NBL,42,5,100.0,276.0,27600.0,2026-03-09
2026030905000684,SHIVM,42,33,40.0,673.0,26920.0,2026-03-09
2026030904000742,SHL,22,74,100.0,528.0,52800.0,2026-03-09
2026030903000331,NADEP,6,89,10.0,790.7,7907.0,2026-03-09
2026030904000741,BARUN,36,51,500.0,391.0,195500.0,2026-03-09
2026030904000740,BARUN,4,51,123.0,391.6,48166.8,2026-03-09
2026030903000330,NFS,34,92,500.0,696.0,348000.0,2026-03-09
2026030901000550,SYPNL,35,44,20.0,2020.0,40400.0,2026-03-09
2026030901000549,SAIL,25,36,10.0,1443.3,14433.0,2026-03-09
2026030901000548,SAIL,17,36,90.0,1443.3,129897.0,2026-03-09
2026030901000547,SANIMA,45,4,55.0,353.9,19464.5,2026-03-09
2026030901000546,SANIMA,25,4,200.0,353.9,70780.0,2026-03-09
2026030901000545,SANIMA,48,4,500.0,353.9,176950.0,2026-03-09
2026030901000544,SANIMA,58,4,145.0,353.9,51315.5,2026-03-09
2026030901000543,SANIMA,45,4,100.0,353.9,35390.0,2026-03-09
2026030901000542,BUNGAL,42,45,10.0,713.0,7130.0,2026-03-09
2026030905000683,NBF2,33,29,5000.0,9.89,49450.0,2026-03-09
2026030905000682,PPL,28,91,1000.0,415.8,415800.0,2026-03-09
2026030904000739,JBLB,16,59,45.0,1392.0,62640.0,2026-03-09
2026030904000738,RADHI,53,94,500.0,925.0,462500.0,2026-03-09
2026030901000541,PRVU,58,16,521.0,205.0,106805.0,2026-03-09
2026030901000540,SYPNL,35,58,10.0,2020.0,20200.0,2026-03-09
2026030903000329,USLB,58,34,50.0,1531.0,76550.0,2026-03-09
2026030904000737,NGPL,58,33,50.0,477.0,23850.0,2026-03-09
2026030904000736,RADHI,58,94,325.0,925.0,300625.0,2026-03-09
2026030903000328,USLB,58,34,10.0,1531.0,15310.0,2026-03-09
2026030904000735,GHL,58,91,75.0,258.0,19350.0,2026-03-09
2026030905000681,SHIVM,58,33,100.0,673.0,67300.0,2026-03-09
2026030904000734,NGPL,70,33,1000.0,477.0,477000.0,2026-03-09
2026030904000733,RIDI,22,28,300.0,339.0,101700.0,2026-03-09
2026030904000732,HPPL,57,38,105.0,510.0,53550.0,2026-03-09
2026030904000731,RIDI,72,91,996.0,342.0,340632.0,2026-03-09
2026030904000730,SHL,17,74,100.0,528.0,52800.0,2026-03-09
2026030903000327,SAPDBL,46,72,10.0,873.2,8732.0,2026-03-09
2026030904000729,KKHC,42,38,1000.0,323.0,323000.0,2026-03-09
2026030901000539,GBIME,14,42,10.0,245.1,2451.0,2026-03-09
2026030904000728,LEC,77,8,20.0,239.8,4796.0,2026-03-09
2026030905000680,MHCL,42,26,10.0,382.8,3828.0,2026-03-09
2026030904000727,KKHC,14,38,910.0,323.0,293930.0,2026-03-09
2026030904000726,KKHC,14,50,90.0,322.9,29061.0,2026-03-09
2026030905000679,IHL,35,33,10.0,536.5,5365.0,2026-03-09
2026030901000538,PRVU,36,16,19.0,205.0,3895.0,2026-03-09
2026030905000678,UHEWA,43,64,10.0,604.8,6048.0,2026-03-09
2026030904000725,SSHL,45,16,10.0,210.1,2101.0,2026-03-09
2026030901000537,PCBL,26,22,10.0,256.9,2569.0,2026-03-09
2026030901000536,PCBL,26,6,40.0,254.0,10160.0,2026-03-09
2026030905000677,BHPL,49,95,100.0,615.0,61500.0,2026-03-09
2026030901000535,BANDIPUR,7,36,10.0,1040.0,10400.0,2026-03-09
2026030901000534,SYPNL,35,53,10.0,2020.0,20200.0,2026-03-09
2026030904000724,RIDI,57,91,1000.0,342.0,342000.0,2026-03-09
2026030905000676,SHIVM,39,33,500.0,675.0,337500.0,2026-03-09
2026030905000675,SHIVM,71,33,700.0,678.0,474600.0,2026-03-09
2026030901000533,PRVU,14,16,990.0,205.0,202950.0,2026-03-09
2026030904000723,GHL,7,91,20.0,260.0,5200.0,2026-03-09
2026030904000722,GHL,49,91,2700.0,260.0,702000.0,2026-03-09
2026030904000721,GHL,83,91,10.0,261.3,2613.0,2026-03-09
2026030904000720,GHL,66,91,228.0,261.3,59576.4,2026-03-09
2026030904000719,GHL,57,91,1602.0,261.3,418602.6,2026-03-09
2026030904000718,AHPC,1,59,185.0,316.0,58460.0,2026-03-09
2026030904000717,AHPC,1,94,215.0,316.0,67940.0,2026-03-09
2026030904000716,SHEL,50,79,320.0,330.0,105600.0,2026-03-09
2026030904000715,SHEL,50,58,180.0,330.0,59400.0,2026-03-09
2026030905000674,NRN,83,84,250.0,1650.0,412500.0,2026-03-09
2026030903000326,GMFBS,74,74,10.0,1506.0,15060.0,2026-03-09
2026030901000532,KBL,34,32,200.0,216.0,43200.0,2026-03-09
2026030901000531,KBL,34,49,230.0,215.0,49450.0,2026-03-09
2026030905000673,MSHL,45,45,10.0,805.8,8058.0,2026-03-09
2026030905000672,HRL,49,13,50.0,940.0,47000.0,2026-03-09
2026030905000671,HRL,49,44,100.0,940.0,94000.0,2026-03-09
2026030905000670,EHPL,36,71,10.0,427.3,4273.0,2026-03-09
2026030903000325,MFIL,38,47,100.0,900.0,90000.0,2026-03-09
2026030903000324,LBBL,14,60,90.0,522.0,46980.0,2026-03-09
2026030905000669,SHIVM,57,47,205.0,686.0,140630.0,2026-03-09
2026030905000668,SHIVM,57,62,295.0,685.0,202075.0,2026-03-09
2026030903000323,SFCL,19,45,10.0,410.0,4100.0,2026-03-09
2026030904000714,RIDI,71,91,500.0,342.0,171000.0,2026-03-09
2026030901000530,SAIL,58,68,50.0,1461.0,73050.0,2026-03-09
2026030904000713,AKJCL,58,60,275.0,399.9,109972.5,2026-03-09
2026030904000712,AKJCL,58,72,500.0,399.0,199500.0,2026-03-09
2026030905000667,HDL,58,67,100.0,1264.0,126400.0,2026-03-09
2026030905000666,PHCL,38,34,369.0,326.9,120626.1,2026-03-09
2026030905000665,PHCL,38,53,131.0,326.0,42706.0,2026-03-09
2026030904000711,AHPC,57,94,485.0,316.0,153260.0,2026-03-09
2026030904000710,AHPC,57,43,315.0,315.0,99225.0,2026-03-09
2026030904000709,NHPC,19,48,300.0,249.0,74700.0,2026-03-09
2026030904000708,CHCL,4,53,10.0,499.1,4991.0,2026-03-09
2026030905000664,SANVI,52,48,337.0,890.0,299930.0,2026-03-09
2026030905000663,HDL,57,57,710.0,1250.0,887500.0,2026-03-09
2026030905000662,HDL,58,57,100.0,1254.0,125400.0,2026-03-09
2026030905000661,HDL,14,57,40.0,1254.0,50160.0,2026-03-09
2026030905000660,HDL,32,57,100.0,1254.1,125410.0,2026-03-09
2026030905000659,HDL,41,57,50.0,1254.1,62705.0,2026-03-09
2026030904000707,AVYAN,32,32,10.0,1019.2,10192.0,2026-03-09
2026030904000706,API,54,48,500.0,341.0,170500.0,2026-03-09
2026030904000705,API,80,48,1000.0,341.0,341000.0,2026-03-09
2026030905000658,RHGCL,58,36,30.0,309.4,9282.0,2026-03-09
2026030905000657,PPL,44,91,110.0,415.8,45738.0,2026-03-09
2026030904000704,SHEL,34,58,500.0,330.0,165000.0,2026-03-09
2026030904000703,RADHI,6,94,100.0,925.0,92500.0,2026-03-09
2026030904000702,AHPC,16,43,1000.0,315.0,315000.0,2026-03-09
2026030904000701,ULBSL,45,49,10.0,3334.0,33340.0,2026-03-09
2026030905000656,RFPL,92,95,10.0,420.0,4200.0,2026-03-09
2026030903000322,MFIL,65,91,69.0,910.0,62790.0,2026-03-09
2026030904000700,AKPL,34,34,50.0,295.0,14750.0,2026-03-09
2026030901000529,HIDCLP,52,67,1510.0,214.0,323140.0,2026-03-09
2026030901000528,HIDCLP,52,40,90.0,214.0,19260.0,2026-03-09
2026030904000699,LEC,54,57,10.0,236.0,2360.0,2026-03-09
2026030901000527,PRVU,58,16,500.0,205.0,102500.0,2026-03-09
2026030905000655,PHCL,58,53,40.0,326.0,13040.0,2026-03-09
2026030904000698,UPPER,49,96,1000.0,208.5,208500.0,2026-03-09
2026030901000526,ADBL,42,21,110.0,321.3,35343.0,2026-03-09
2026030904000697,API,67,36,341.0,338.0,115258.0,2026-03-09
2026030904000696,UPPER,83,96,300.0,208.5,62550.0,2026-03-09
2026030903000321,SWBBL,34,26,10.0,777.0,7770.0,2026-03-09
2026030904000695,CYCL,48,41,10.0,1661.0,16610.0,2026-03-09
2026030901000525,NICA,32,17,10.0,348.3,3483.0,2026-03-09
2026030905000654,CKHL,17,41,20.0,751.0,15020.0,2026-03-09
2026030901000524,SYPNL,14,49,85.0,2040.0,173400.0,2026-03-09
2026030901000523,SYPNL,14,19,15.0,2040.0,30600.0,2026-03-09
2026030905000653,PPL,44,91,40.0,415.8,16632.0,2026-03-09
2026030905000652,RFPL,8,95,10.0,424.4,4244.0,2026-03-09
2026030904000694,NGPL,47,33,204.0,477.0,97308.0,2026-03-09
2026030904000693,NGPL,47,79,100.0,475.0,47500.0,2026-03-09
2026030904000692,NGPL,47,75,196.0,475.0,93100.0,2026-03-09
2026030901000522,HIDCLP,32,40,910.0,214.0,194740.0,2026-03-09
2026030901000521,HIDCLP,32,78,290.0,213.9,62031.0,2026-03-09
2026030901000520,HIDCLP,32,38,300.0,213.8,64140.0,2026-03-09
2026030901000519,HIDCLP,34,38,200.0,213.8,42760.0,2026-03-09
2026030901000518,HIDCLP,34,65,800.0,213.5,170800.0,2026-03-09
2026030905000651,SHIVM,56,62,130.0,685.0,89050.0,2026-03-09
2026030905000650,HIDCL,48,38,10.0,282.6,2826.0,2026-03-09
2026030904000691,HPPL,62,38,40.0,510.0,20400.0,2026-03-09
2026030905000649,MKHL,42,50,80.0,832.3,66584.0,2026-03-09
2026030905000648,MKHL,42,19,10.0,832.3,8323.0,2026-03-09
2026030905000647,MKHL,42,34,10.0,832.0,8320.0,2026-03-09
2026030903000320,GFCL,89,16,10.0,701.7,7017.0,2026-03-09
2026030901000517,ADBL,16,21,50.0,321.3,16065.0,2026-03-09
2026030905000646,GVL,34,14,10.0,514.6,5146.0,2026-03-09
2026030903000319,SJLIC,56,41,270.0,484.9,130923.0,2026-03-09
2026030903000318,SJLIC,56,1,100.0,484.9,48490.0,2026-03-09
2026030904000690,PMHPL,38,78,550.0,396.0,217800.0,2026-03-09
2026030904000689,PMHPL,38,78,200.0,396.0,79200.0,2026-03-09
2026030904000688,PMHPL,38,7,250.0,395.9,98975.0,2026-03-09
2026030904000687,BARUN,4,70,500.0,391.6,195800.0,2026-03-09
2026030905000645,PPL,65,91,149.0,415.8,61954.2,2026-03-09
2026030904000686,SHEL,19,48,1000.0,327.9,327900.0,2026-03-09
2026030901000516,NICA,32,58,10.0,348.3,3483.0,2026-03-09
2026030904000685,AHPC,58,43,20.0,315.0,6300.0,2026-03-09
2026030904000684,AKJCL,58,60,1725.0,399.9,689827.5,2026-03-09
2026030904000683,AKJCL,58,59,5275.0,399.0,2104725.0,2026-03-09
2026030903000317,ALBSL,58,86,50.0,1190.5,59525.0,2026-03-09
2026030904000682,HDHPC,58,47,700.0,222.0,155400.0,2026-03-09
2026030905000644,EHPL,36,58,10.0,427.3,4273.0,2026-03-09
2026030905000643,NRIC,7,58,30.0,1340.0,40200.0,2026-03-09
2026030903000316,LBBL,59,60,5000.0,522.0,2610000.0,2026-03-09
2026030905000642,SHIVM,41,62,465.0,685.0,318525.0,2026-03-09
2026030905000641,SHIVM,41,70,325.0,673.0,218725.0,2026-03-09
2026030905000640,SHIVM,41,58,210.0,673.0,141330.0,2026-03-09
2026030901000515,NABIL,38,40,11.0,545.0,5995.0,2026-03-09
2026030904000681,AHPC,52,43,200.0,315.0,63000.0,2026-03-09
2026030901000514,JHAPA,56,48,664.0,1499.4,995601.6,2026-03-09
2026030901000513,JHAPA,58,48,10.0,1499.4,14994.0,2026-03-09
2026030901000512,JHAPA,45,48,50.0,1499.4,74970.0,2026-03-09
2026030901000511,JHAPA,1,48,10.0,1499.4,14994.0,2026-03-09
2026030901000510,JHAPA,52,48,10.0,1499.4,14994.0,2026-03-09
2026030901000509,JHAPA,45,48,46.0,1499.5,68977.0,2026-03-09
2026030901000508,JHAPA,56,48,10.0,1559.5,15595.0,2026-03-09
2026030904000680,ANLB,74,57,10.0,6528.0,65280.0,2026-03-09
2026030905000639,USHL,34,62,10.0,774.0,7740.0,2026-03-09
2026030904000679,UPPER,6,96,500.0,208.5,104250.0,2026-03-09
2026030904000678,API,64,48,1100.0,341.0,375100.0,2026-03-09
2026030905000638,NRN,51,84,10.0,1650.0,16500.0,2026-03-09
2026030905000637,PHCL,56,53,30.0,327.0,9810.0,2026-03-09
2026030905000636,PHCL,57,53,700.0,327.0,228900.0,2026-03-09
2026030905000635,PHCL,44,53,99.0,328.9,32561.1,2026-03-09
2026030901000507,PRVU,34,16,300.0,205.0,61500.0,2026-03-09
2026030901000506,HBL,8,49,10.0,208.0,2080.0,2026-03-09
2026030901000505,BNL,21,58,10.0,15657.0,156570.0,2026-03-09
2026030905000634,SIKLES,54,59,50.0,640.8,32040.0,2026-03-09
2026030905000633,SIKLES,52,59,50.0,640.8,32040.0,2026-03-09
2026030905000632,SIKLES,16,59,90.0,640.8,57672.0,2026-03-09
2026030905000631,MBJC,59,43,65.0,322.0,20930.0,2026-03-09
2026030904000677,RADHI,16,94,350.0,925.0,323750.0,2026-03-09
2026030904000676,RADHI,16,94,1730.0,926.0,1601980.0,2026-03-09
2026030903000315,FMDBL,60,58,10.0,881.0,8810.0,2026-03-09
2026030904000675,AKPL,34,53,40.0,295.0,11800.0,2026-03-09
2026030904000674,AKPL,58,53,760.0,295.0,224200.0,2026-03-09
2026030904000673,AKPL,7,53,200.0,295.1,59020.0,2026-03-09
2026030904000672,LEC,54,63,10.0,236.0,2360.0,2026-03-09
2026030901000504,SRLI,51,52,10.0,420.3,4203.0,2026-03-09
2026030904000671,AKPL,7,19,500.0,295.1,147550.0,2026-03-09
2026030904000670,AKJCL,49,59,1725.0,399.0,688275.0,2026-03-09
2026030904000669,AKJCL,49,84,275.0,399.0,109725.0,2026-03-09
2026030903000314,GBBL,34,62,10.0,416.1,4161.0,2026-03-09
2026030904000668,NHPC,38,8,500.0,249.2,124600.0,2026-03-09
2026030904000667,NHPC,49,8,460.0,249.2,114632.0,2026-03-09
2026030904000666,AHPC,51,43,315.0,315.0,99225.0,2026-03-09
2026030904000665,GHL,57,33,398.0,261.3,103997.4,2026-03-09
2026030904000664,UPPER,16,96,10.0,208.5,2085.0,2026-03-09
2026030904000663,SHPC,49,19,200.0,579.0,115800.0,2026-03-09
2026030904000662,SHPC,49,45,305.0,579.0,176595.0,2026-03-09
2026030905000630,MKJC,49,94,1000.0,559.0,559000.0,2026-03-09
2026030901000503,SBI,35,33,20.0,433.1,8662.0,2026-03-09
2026030904000661,LEC,54,35,10.0,236.0,2360.0,2026-03-09
2026030903000313,GBLBS,57,16,10.0,792.3,7923.0,2026-03-09
2026030904000660,HURJA,34,33,1000.0,291.9,291900.0,2026-03-09
2026030905000629,SHIVM,45,58,100.0,673.0,67300.0,2026-03-09
2026030905000628,SHIVM,38,58,90.0,673.0,60570.0,2026-03-09
2026030905000627,SHIVM,35,58,100.0,680.0,68000.0,2026-03-09
2026030904000659,RADHI,58,10,14.0,940.0,13160.0,2026-03-09
2026030901000502,PCBL,58,6,160.0,254.0,40640.0,2026-03-09
2026030903000312,NMLBBL,58,58,10.0,651.7,6517.0,2026-03-09
2026030905000626,MHL,25,34,10.0,556.0,5560.0,2026-03-09
2026030905000625,MHL,25,22,300.0,556.0,166800.0,2026-03-09
2026030903000311,LICN,34,62,10.0,870.0,8700.0,2026-03-09
2026030905000624,TAMOR,44,49,80.0,446.2,35696.0,2026-03-09
2026030904000658,API,26,48,1000.0,341.0,341000.0,2026-03-09
2026030904000657,RADHI,16,74,2000.0,926.0,1852000.0,2026-03-09
2026030904000656,RADHI,16,50,500.0,926.0,463000.0,2026-03-09
2026030904000655,RADHI,16,32,100.0,926.0,92600.0,2026-03-09
2026030904000654,RADHI,16,74,770.0,926.0,713020.0,2026-03-09
2026030901000501,EBL,64,46,10.0,705.8,7058.0,2026-03-09
2026030904000653,RIDI,50,58,1000.0,342.4,342400.0,2026-03-09
2026030904000652,RIDI,50,39,500.0,342.0,171000.0,2026-03-09
2026030904000651,RIDI,50,43,500.0,341.5,170750.0,2026-03-09
2026030901000500,NABIL,49,26,50.0,545.0,27250.0,2026-03-09
2026030904000650,BARUN,4,57,1000.0,391.6,391600.0,2026-03-09
2026030904000649,HPPL,57,38,100.0,510.0,51000.0,2026-03-09
2026030904000648,API,64,48,200.0,341.0,68200.0,2026-03-09
2026030903000310,BFC,58,47,10.0,497.7,4977.0,2026-03-09
2026030904000647,AHPC,39,43,300.0,315.0,94500.0,2026-03-09
2026030905000623,BNHC,42,84,10.0,357.0,3570.0,2026-03-09
2026030905000622,SMATA,14,45,10.0,836.0,8360.0,2026-03-09
2026030905000621,SMATA,14,62,10.0,836.0,8360.0,2026-03-09
2026030904000646,NESDO,50,45,10.0,1607.4,16074.0,2026-03-09
2026030905000620,MEL,45,8,430.0,307.9,132397.0,2026-03-09
2026030904000645,NLG,45,17,100.0,693.6,69360.0,2026-03-09
2026030903000309,SHINE,49,7,10.0,434.0,4340.0,2026-03-09
2026030905000619,PHCL,44,95,551.0,328.9,181223.9,2026-03-09
2026030905000618,PHCL,44,17,3000.0,328.9,986700.0,2026-03-09
2026030905000617,PHCL,44,55,1100.0,328.9,361790.0,2026-03-09
2026030905000616,PHCL,44,53,4160.0,328.9,1368224.0,2026-03-09
2026030905000615,PHCL,44,65,3800.0,327.0,1242600.0,2026-03-09
2026030905000614,PHCL,44,22,290.0,325.0,94250.0,2026-03-09
2026030904000644,RADHI,57,74,10.0,926.0,9260.0,2026-03-09
2026030904000643,BPCL,49,62,10.0,785.0,7850.0,2026-03-09
2026030905000613,PHCL,17,22,10.0,325.0,3250.0,2026-03-09
2026030904000642,HURJA,34,33,500.0,291.9,145950.0,2026-03-09
2026030903000308,KSBBL,50,57,459.0,496.5,227893.5,2026-03-09
2026030903000307,KSBBL,16,57,41.0,496.5,20356.5,2026-03-09
2026030901000499,HIDCLP,18,65,200.0,213.5,42700.0,2026-03-09
2026030904000641,UPPER,32,96,2000.0,208.5,417000.0,2026-03-09
2026030905000612,NIFRA,26,8,1446.0,289.6,418761.6,2026-03-09
2026030904000640,API,4,48,75.0,341.0,25575.0,2026-03-09
2026030901000498,CREST,45,91,100.0,1532.0,153200.0,2026-03-09
2026030904000639,KKHC,33,50,200.0,322.9,64580.0,2026-03-09
2026030904000638,PPCL,58,44,10.0,396.0,3960.0,2026-03-09
2026030904000637,BARUN,4,19,300.0,391.6,117480.0,2026-03-09
2026030901000497,SAIL,17,55,10.0,1443.3,14433.0,2026-03-09
2026030903000306,ILBS,95,41,481.0,967.5,465367.5,2026-03-09
2026030903000305,GUFL,59,60,50.0,603.5,30175.0,2026-03-09
2026030901000496,ADBL,58,21,100.0,321.3,32130.0,2026-03-09
2026030901000495,SYPNL,58,19,50.0,2040.0,102000.0,2026-03-09
2026030905000611,PHCL,58,65,1500.0,327.0,490500.0,2026-03-09
2026030901000494,NBL,14,58,500.0,271.0,135500.0,2026-03-09
2026030903000304,USLB,34,34,10.0,1531.0,15310.0,2026-03-09
2026030901000493,SCB,29,39,350.0,685.0,239750.0,2026-03-09
2026030905000610,CKHL,35,41,190.0,752.7,143013.0,2026-03-09
2026030905000609,NIFRA,26,38,54.0,289.6,15638.4,2026-03-09
2026030905000608,EHPL,36,34,10.0,427.3,4273.0,2026-03-09
2026030905000607,USHEC,45,44,10.0,489.9,4899.0,2026-03-09
2026030904000636,AHPC,34,43,800.0,315.0,252000.0,2026-03-09
2026030904000635,RADHI,16,74,3000.0,925.0,2775000.0,2026-03-09
2026030904000634,KKHC,45,50,100.0,322.9,32290.0,2026-03-09
2026030904000633,KKHC,58,50,300.0,322.9,96870.0,2026-03-09
2026030901000492,TTL,58,48,100.0,1000.0,100000.0,2026-03-09
2026030904000632,AHPC,49,43,150.0,315.0,47250.0,2026-03-09
2026030904000631,AHPC,55,43,500.0,315.0,157500.0,2026-03-09
2026030901000491,MABEL,58,48,100.0,816.0,81600.0,2026-03-09
2026030905000606,HDL,41,57,100.0,1254.1,125410.0,2026-03-09
2026030904000630,AKJCL,58,84,25.0,399.0,9975.0,2026-03-09
2026030901000490,KBL,58,39,465.0,216.0,100440.0,2026-03-09
2026030904000629,CGH,58,14,10.0,888.1,8881.0,2026-03-09
2026030901000489,KBL,58,39,500.0,216.0,108000.0,2026-03-09
2026030904000628,API,58,48,12.0,341.0,4092.0,2026-03-09
2026030904000627,RHPL,58,20,10.0,321.0,3210.0,2026-03-09
2026030905000605,STC,49,17,50.0,6294.0,314700.0,2026-03-09
2026030901000488,PURE,74,21,10.0,1056.9,10569.0,2026-03-09
2026030905000604,USHEC,45,14,10.0,489.9,4899.0,2026-03-09
2026030901000487,SYPNL,19,19,25.0,2040.0,51000.0,2026-03-09
2026030904000626,BARUN,4,44,77.0,391.6,30153.2,2026-03-09
2026030905000603,RNLI,49,29,83.0,510.0,42330.0,2026-03-09
2026030904000625,CHCL,26,1,10.0,489.4,4894.0,2026-03-09
2026030904000624,AKPL,7,34,500.0,295.1,147550.0,2026-03-09
2026030904000623,API,26,48,200.0,341.0,68200.0,2026-03-09
2026030904000622,API,53,48,400.0,341.0,136400.0,2026-03-09
2026030905000602,BHDC,50,34,800.0,513.4,410720.0,2026-03-09
2026030904000621,API,22,56,145.0,342.0,49590.0,2026-03-09
2026030904000620,KKHC,20,50,20.0,322.9,6458.0,2026-03-09
2026030905000601,PHCL,1,65,3300.0,327.0,1079100.0,2026-03-09
2026030905000600,PHCL,1,48,200.0,326.9,65380.0,2026-03-09
2026030905000599,PHCL,1,13,3000.0,326.5,979500.0,2026-03-09
2026030903000303,ALBSL,97,86,10.0,1190.5,11905.0,2026-03-09
2026030901000486,PRVU,47,16,150.0,205.0,30750.0,2026-03-09
2026030905000598,NYADI,81,6,10.0,421.0,4210.0,2026-03-09
2026030901000485,SYPNL,34,19,80.0,2040.0,163200.0,2026-03-09
2026030901000484,SBI,14,55,50.0,441.0,22050.0,2026-03-09
2026030901000483,SBI,14,62,500.0,441.0,220500.0,2026-03-09
2026030904000619,NHPC,34,52,180.0,248.0,44640.0,2026-03-09
2026030903000302,GFCL,56,62,10.0,688.0,6880.0,2026-03-09
2026030904000618,RIDI,59,43,500.0,341.5,170750.0,2026-03-09
2026030904000617,SJCL,41,51,200.0,323.0,64600.0,2026-03-09
2026030905000597,NIFRA,19,90,33.0,284.1,9375.3,2026-03-09
2026030905000596,NIFRA,43,90,199.0,289.6,57630.4,2026-03-09
2026030901000482,SYPNL,6,19,20.0,2040.0,40800.0,2026-03-09
2026030901000481,BHCL,59,39,10.0,640.0,6400.0,2026-03-09
2026030905000595,SAHAS,59,38,197.0,612.7,120701.9,2026-03-09
2026030905000594,SAHAS,45,38,500.0,612.7,306350.0,2026-03-09
2026030905000593,SAHAS,58,38,190.0,612.7,116413.0,2026-03-09
2026030905000592,SAHAS,45,38,290.0,612.8,177712.0,2026-03-09
2026030905000591,SAHAS,16,38,100.0,613.0,61300.0,2026-03-09
2026030905000590,SAHAS,58,38,200.0,615.0,123000.0,2026-03-09
2026030904000616,NHPC,13,52,20.0,249.0,4980.0,2026-03-09
2026030905000589,SAHAS,43,38,500.0,624.9,312450.0,2026-03-09
2026030901000480,ADBL,54,21,50.0,321.3,16065.0,2026-03-09
2026030904000615,UPPER,58,96,130.0,208.5,27105.0,2026-03-09
2026030904000614,AHPC,91,94,800.0,316.0,252800.0,2026-03-09
2026030903000301,DDBL,39,33,10.0,893.6,8936.0,2026-03-09
2026030903000300,MDB,33,81,1500.0,705.8,1058700.0,2026-03-09
2026030903000299,MDB,33,81,300.0,705.8,211740.0,2026-03-09
2026030903000298,MDB,33,63,500.0,705.8,352900.0,2026-03-09
2026030903000297,MDB,33,42,450.0,705.8,317610.0,2026-03-09
2026030903000296,MDB,33,39,500.0,705.0,352500.0,2026-03-09
2026030903000295,MDB,33,62,100.0,700.0,70000.0,2026-03-09
2026030903000294,MDB,33,39,990.0,700.0,693000.0,2026-03-09
2026030903000293,GUFL,41,60,250.0,603.7,150925.0,2026-03-09
2026030901000479,ADBL,45,21,20.0,321.3,6426.0,2026-03-09
2026030905000588,NRIC,7,51,455.0,1340.0,609700.0,2026-03-09
2026030904000613,AKJCL,6,84,200.0,399.0,79800.0,2026-03-09
2026030905000587,DOLTI,47,35,50.0,530.6,26530.0,2026-03-09
2026030905000586,DOLTI,47,43,10.0,530.6,5306.0,2026-03-09
2026030904000612,NGPL,41,5,1000.0,470.0,470000.0,2026-03-09
2026030901000478,DHEL,5,62,10.0,780.3,7803.0,2026-03-09
2026030901000477,DHEL,5,50,136.0,780.3,106120.8,2026-03-09
2026030904000611,API,48,56,210.0,342.0,71820.0,2026-03-09
2026030901000476,ADBL,50,21,10.0,321.3,3213.0,2026-03-09
2026030904000610,AKJCL,38,38,100.0,400.0,40000.0,2026-03-09
2026030905000585,BNHC,42,47,10.0,357.0,3570.0,2026-03-09
2026030903000292,SINDU,53,55,170.0,795.6,135252.0,2026-03-09
2026030904000609,BARUN,45,44,23.0,391.6,9006.8,2026-03-09
2026030904000608,BARUN,45,1,30.0,391.6,11748.0,2026-03-09
2026030904000607,BARUN,45,35,257.0,391.6,100641.2,2026-03-09
2026030904000606,BARUN,45,57,500.0,391.0,195500.0,2026-03-09
2026030904000605,BARUN,45,81,190.0,391.0,74290.0,2026-03-09
2026030905000584,SGHC,4,65,158.0,440.2,69551.6,2026-03-09
2026030904000604,NHPC,14,34,150.0,249.0,37350.0,2026-03-09
2026030904000603,AHPC,17,94,1000.0,316.0,316000.0,2026-03-09
2026030904000602,HURJA,65,48,10.0,292.0,2920.0,2026-03-09
2026030901000475,CZBIL,60,57,10.0,211.1,2111.0,2026-03-09
2026030904000601,NGPL,1,39,5536.0,468.0,2590848.0,2026-03-09
2026030904000600,NGPL,1,62,100.0,467.9,46790.0,2026-03-09
2026030901000474,KBL,34,39,510.0,216.0,110160.0,2026-03-09
2026030901000473,KBL,4,39,515.0,216.0,111240.0,2026-03-09
2026030901000472,KBL,39,39,10.0,216.0,2160.0,2026-03-09
2026030901000471,NBL,20,57,100.0,276.0,27600.0,2026-03-09
2026030904000599,AHPC,59,57,75.0,316.0,23700.0,2026-03-09
2026030905000583,STC,16,57,10.0,6335.9,63359.0,2026-03-09
2026030905000582,STC,16,59,20.0,6335.0,126700.0,2026-03-09
2026030901000470,SYPNL,56,19,810.0,2040.0,1652400.0,2026-03-09
2026030901000469,SYPNL,56,17,50.0,2040.0,102000.0,2026-03-09
2026030901000468,SYPNL,56,45,140.0,2039.0,285460.0,2026-03-09
2026030905000581,SHIVM,46,62,110.0,685.0,75350.0,2026-03-09
2026030905000580,SHIVM,46,8,320.0,683.0,218560.0,2026-03-09
2026030901000467,CREST,45,91,10.0,1532.0,15320.0,2026-03-09
2026030901000466,NBL,14,5,50.0,271.0,13550.0,2026-03-09
2026030901000465,NBL,14,34,100.0,271.0,27100.0,2026-03-09
2026030905000579,BNHC,42,14,10.0,357.0,3570.0,2026-03-09
2026030901000464,PRVU,22,16,20.0,205.0,4100.0,2026-03-09
2026030901000463,BANDIPUR,38,88,10.0,1043.0,10430.0,2026-03-09
2026030901000462,BANDIPUR,38,38,100.0,1043.0,104300.0,2026-03-09
2026030901000461,BANDIPUR,38,68,100.0,1023.0,102300.0,2026-03-09
2026030901000460,BANDIPUR,38,58,20.0,1022.0,20440.0,2026-03-09
2026030901000459,BANDIPUR,38,52,10.0,1020.0,10200.0,2026-03-09
2026030901000458,BANDIPUR,38,60,83.0,1020.0,84660.0,2026-03-09
2026030904000598,KKHC,32,33,500.0,317.0,158500.0,2026-03-09
2026030904000597,RADHI,11,74,100.0,926.0,92600.0,2026-03-09
2026030904000596,KKHC,35,50,290.0,322.9,93641.0,2026-03-09
2026030904000595,KKHC,35,58,800.0,322.7,258160.0,2026-03-09
2026030904000594,KKHC,35,58,10.0,322.0,3220.0,2026-03-09
2026030904000593,API,58,56,30.0,342.0,10260.0,2026-03-09
2026030905000578,SIKLES,16,66,10.0,640.8,6408.0,2026-03-09
2026030904000592,API,58,56,50.0,342.0,17100.0,2026-03-09
2026030904000591,RHPL,58,20,10.0,321.0,3210.0,2026-03-09
2026030901000457,DHEL,58,50,24.0,780.3,18727.2,2026-03-09
2026030901000456,SBI,58,26,100.0,433.5,43350.0,2026-03-09
2026030904000590,AHPC,58,57,1000.0,316.0,316000.0,2026-03-09
2026030905000577,SHIVM,38,58,10.0,673.0,6730.0,2026-03-09
2026030904000589,SPIL,45,57,40.0,738.6,29544.0,2026-03-09
2026030904000588,KKHC,54,58,300.0,322.0,96600.0,2026-03-09
2026030905000576,NRIC,56,8,200.0,1326.0,265200.0,2026-03-09
2026030901000455,BANDIPUR,22,60,100.0,1020.0,102000.0,2026-03-09
2026030904000587,HPPL,94,98,10.0,509.0,5090.0,2026-03-09
2026030904000586,HURJA,7,48,500.0,292.0,146000.0,2026-03-09
2026030905000575,MEL,49,8,50.0,307.9,15395.0,2026-03-09
2026030901000454,SAGAR,19,101,10.0,2131.0,21310.0,2026-03-09
2026030905000574,SPC,57,35,10.0,521.2,5212.0,2026-03-09
2026030905000573,MMKJL,53,75,39.0,602.0,23478.0,2026-03-09
2026030905000572,NIFRA,43,48,801.0,289.0,231489.0,2026-03-09
2026030905000571,NIFRA,35,48,370.0,289.6,107152.0,2026-03-09
2026030903000291,LLBS,32,17,300.0,1037.1,311130.0,2026-03-09
2026030903000290,LLBS,32,22,100.0,1037.0,103700.0,2026-03-09
2026030903000289,LBBL,1,89,450.0,524.0,235800.0,2026-03-09
2026030904000585,UNHPL,75,56,20.0,526.0,10520.0,2026-03-09
2026030904000584,AHPC,28,57,50.0,316.0,15800.0,2026-03-09
2026030904000583,NHPC,39,71,1000.0,248.9,248900.0,2026-03-09
2026030905000570,MKJC,35,94,350.0,559.0,195650.0,2026-03-09
2026030904000582,HURJA,54,48,39.0,292.0,11388.0,2026-03-09
2026030903000288,SIFC,35,34,500.0,629.0,314500.0,2026-03-09
2026030905000569,SMHL,45,49,800.0,515.0,412000.0,2026-03-09
2026030905000568,SMHL,42,49,135.0,515.0,69525.0,2026-03-09
2026030905000567,MEL,50,8,20.0,307.9,6158.0,2026-03-09
2026030905000566,SHIVM,14,8,180.0,683.0,122940.0,2026-03-09
2026030905000565,SHIVM,14,34,731.0,683.0,499273.0,2026-03-09
2026030905000564,SHIVM,14,5,300.0,678.0,203400.0,2026-03-09
2026030905000563,SHIVM,14,67,337.0,678.0,228486.0,2026-03-09
2026030905000562,SHIVM,14,45,57.0,673.0,38361.0,2026-03-09
2026030905000561,SHIVM,14,48,100.0,673.0,67300.0,2026-03-09
2026030905000560,SHIVM,14,42,295.0,673.0,198535.0,2026-03-09
2026030901000453,SYPNL,8,45,30.0,2039.0,61170.0,2026-03-09
2026030904000581,API,21,56,500.0,342.0,171000.0,2026-03-09
2026030903000287,CORBL,42,32,10.0,1689.3,16893.0,2026-03-09
2026030904000580,UPCL,67,59,10.0,416.0,4160.0,2026-03-09
2026030901000452,NIMB,8,41,50.0,213.9,10695.0,2026-03-09
2026030901000451,SAIL,28,99,60.0,1468.0,88080.0,2026-03-09
2026030901000450,DHEL,14,50,100.0,780.3,78030.0,2026-03-09
2026030904000579,NGPL,41,39,500.0,468.0,234000.0,2026-03-09
2026030901000449,NICA,32,17,10.0,348.3,3483.0,2026-03-09
2026030905000559,RFPL,58,42,10.0,416.1,4161.0,2026-03-09
2026030904000578,UNHPL,58,14,10.0,536.0,5360.0,2026-03-09
2026030905000558,ULHC,42,57,390.0,587.5,229125.0,2026-03-09
2026030904000577,KPCL,75,57,10.0,553.4,5534.0,2026-03-09
2026030903000286,JFL,53,7,10.0,443.7,4437.0,2026-03-09
2026030903000285,SAPDBL,42,72,10.0,856.1,8561.0,2026-03-09
2026030903000284,SAPDBL,42,72,10.0,856.1,8561.0,2026-03-09
2026030904000576,SJCL,16,51,200.0,323.0,64600.0,2026-03-09
2026030904000575,DHPL,55,21,10.0,318.3,3183.0,2026-03-09
2026030901000448,HIDCLP,17,40,1000.0,214.0,214000.0,2026-03-09
2026030901000447,HIDCLP,17,40,1000.0,214.0,214000.0,2026-03-09
2026030905000557,CKHL,35,33,10.0,751.0,7510.0,2026-03-09
2026030905000556,SANVI,48,48,150.0,890.0,133500.0,2026-03-09
2026030901000446,CREST,25,58,20.0,1530.0,30600.0,2026-03-09
2026030905000555,MKJC,58,94,580.0,559.0,324220.0,2026-03-09
2026030904000574,API,41,56,500.0,342.0,171000.0,2026-03-09
2026030904000573,BARUN,81,81,1780.0,391.0,695980.0,2026-03-09
2026030905000554,PPL,56,91,218.0,415.8,90644.4,2026-03-09
2026030904000572,SHPC,58,45,1000.0,579.0,579000.0,2026-03-09
2026030905000553,SANVI,58,48,55.0,890.0,48950.0,2026-03-09
2026030903000283,MFIL,26,45,140.0,918.0,128520.0,2026-03-09
2026030903000282,MFIL,26,60,100.0,913.0,91300.0,2026-03-09
2026030903000281,MFIL,26,95,100.0,913.0,91300.0,2026-03-09
2026030903000280,MFIL,26,57,1000.0,913.0,913000.0,2026-03-09
2026030903000279,MFIL,26,71,1000.0,913.0,913000.0,2026-03-09
2026030903000278,MFIL,26,95,100.0,900.0,90000.0,2026-03-09
2026030903000277,MFIL,26,91,290.0,900.0,261000.0,2026-03-09
2026030904000571,UPPER,58,96,400.0,208.5,83400.0,2026-03-09
2026030904000570,AKJCL,58,38,200.0,400.0,80000.0,2026-03-09
2026030901000445,NIMB,49,58,197.0,214.2,42197.4,2026-03-09
2026030901000444,NBL,58,34,200.0,271.0,54200.0,2026-03-09
2026030901000443,SYPNL,58,45,10.0,2039.0,20390.0,2026-03-09
2026030905000552,PHCL,45,65,200.0,327.0,65400.0,2026-03-09
2026030904000569,BPCL,77,34,1000.0,775.0,775000.0,2026-03-09
2026030901000442,SYPNL,19,45,10.0,2039.0,20390.0,2026-03-09
2026030904000568,KKHC,49,58,190.0,322.0,61180.0,2026-03-09
2026030901000441,BANDIPUR,74,60,300.0,1020.0,306000.0,2026-03-09
2026030905000551,SANVI,57,48,500.0,890.0,445000.0,2026-03-09
2026030904000567,API,59,56,140.0,342.0,47880.0,2026-03-09
2026030901000440,LSL,28,63,10.0,226.9,2269.0,2026-03-09
2026030905000550,TPC,42,47,35.0,423.0,14805.0,2026-03-09
2026030905000549,DOLTI,21,65,10.0,522.0,5220.0,2026-03-09
2026030901000439,BANDIPUR,38,60,100.0,1020.0,102000.0,2026-03-09
2026030905000548,MKJC,53,60,500.0,560.0,280000.0,2026-03-09
2026030905000547,BHDC,54,34,400.0,513.4,205360.0,2026-03-09
2026030905000546,BHDC,54,43,100.0,513.1,51310.0,2026-03-09
2026030904000566,API,21,56,150.0,342.0,51300.0,2026-03-09
2026030904000565,API,21,17,100.0,341.9,34190.0,2026-03-09
2026030904000564,AKPL,58,8,500.0,295.0,147500.0,2026-03-09
2026030905000545,TAMOR,41,49,20.0,446.2,8924.0,2026-03-09
2026030905000544,CHDC,50,1,10.0,2689.0,26890.0,2026-03-09
2026030905000543,CHDC,50,59,100.0,2655.0,265500.0,2026-03-09
2026030905000542,GCIL,10,45,190.0,451.4,85766.0,2026-03-09
2026030905000541,GCIL,10,4,12.0,451.0,5412.0,2026-03-09
2026030901000438,SAIL,48,99,100.0,1468.0,146800.0,2026-03-09
2026030901000437,TTL,42,48,110.0,1000.0,110000.0,2026-03-09
2026030901000436,TTL,1,48,200.0,1008.7,201740.0,2026-03-09
2026030901000435,TTL,58,48,60.0,1008.7,60522.0,2026-03-09
2026030904000563,SSHL,58,16,10.0,206.0,2060.0,2026-03-09
2026030903000276,MERO,26,42,10.0,764.6,7646.0,2026-03-09
2026030903000275,MERO,26,94,50.0,764.0,38200.0,2026-03-09
2026030905000540,HRL,16,6,10.0,937.0,9370.0,2026-03-09
2026030905000539,HRL,16,38,100.0,937.0,93700.0,2026-03-09
2026030903000274,JBBL,53,38,450.0,359.0,161550.0,2026-03-09
2026030903000273,JBBL,19,38,50.0,359.6,17980.0,2026-03-09
2026030904000562,AKJCL,38,38,1000.0,400.0,400000.0,2026-03-09
2026030904000561,BARUN,34,81,30.0,391.0,11730.0,2026-03-09
2026030905000538,BHPL,34,95,30.0,615.0,18450.0,2026-03-09
2026030901000434,SNLI,35,34,10.0,488.7,4887.0,2026-03-09
2026030901000433,SNLI,35,11,415.0,488.0,202520.0,2026-03-09
2026030905000537,HATHY,49,13,50.0,975.0,48750.0,2026-03-09
2026030905000536,USHL,34,32,10.0,774.0,7740.0,2026-03-09
2026030904000560,ULBSL,38,36,10.0,3333.0,33330.0,2026-03-09
2026030904000559,NHPC,4,34,100.0,249.0,24900.0,2026-03-09
2026030901000432,SAIL,52,41,10.0,1443.4,14434.0,2026-03-09
2026030901000431,SYPNL,35,96,10.0,2020.0,20200.0,2026-03-09
2026030905000535,NTC,69,65,50.0,907.0,45350.0,2026-03-09
2026030905000534,NTC,69,42,500.0,906.0,453000.0,2026-03-09
2026030905000533,NTC,69,42,350.0,905.0,316750.0,2026-03-09
2026030905000532,NTC,69,42,100.0,904.0,90400.0,2026-03-09
2026030901000430,BANDIPUR,74,60,150.0,1020.0,153000.0,2026-03-09
2026030904000558,SHEL,49,58,100.0,330.0,33000.0,2026-03-09
2026030904000557,SHEL,49,35,100.0,327.0,32700.0,2026-03-09
2026030905000531,HDL,33,11,500.0,1240.0,620000.0,2026-03-09
2026030903000272,MPFL,35,32,10.0,687.0,6870.0,2026-03-09
2026030905000530,RNLI,49,57,40.0,510.0,20400.0,2026-03-09
2026030905000529,RNLI,49,57,200.0,510.0,102000.0,2026-03-09
2026030905000528,TSHL,33,50,10.0,786.5,7865.0,2026-03-09
2026030904000556,SPDL,48,34,290.0,426.0,123540.0,2026-03-09
2026030904000555,PMHPL,43,7,250.0,395.9,98975.0,2026-03-09
2026030904000554,PMHPL,43,96,750.0,395.0,296250.0,2026-03-09
2026030905000527,NRIC,41,51,35.0,1340.0,46900.0,2026-03-09
2026030904000553,RIDI,63,58,280.0,342.4,95872.0,2026-03-09
2026030904000552,RIDI,63,39,10.0,342.0,3420.0,2026-03-09
2026030904000551,RIDI,63,1,300.0,336.0,100800.0,2026-03-09
2026030904000550,RIDI,63,99,10.0,336.0,3360.0,2026-03-09
2026030904000549,RIDI,63,13,400.0,336.0,134400.0,2026-03-09
2026030904000548,NHPC,5,34,1000.0,249.0,249000.0,2026-03-09
2026030904000547,LEC,38,57,10.0,235.1,2351.0,2026-03-09
2026030904000546,AKPL,58,43,3740.0,295.0,1103300.0,2026-03-09
2026030905000526,SHIVM,64,42,500.0,673.0,336500.0,2026-03-09
2026030905000525,HRL,58,38,50.0,937.0,46850.0,2026-03-09
2026030901000429,KBL,58,58,100.0,211.8,21180.0,2026-03-09
2026030904000545,AKJCL,58,38,100.0,400.0,40000.0,2026-03-09
2026030905000524,NRIC,58,51,10.0,1340.0,13400.0,2026-03-09
2026030905000523,SAHAS,58,1,20.0,624.9,12498.0,2026-03-09
2026030903000271,FMDBL,58,58,10.0,881.0,8810.0,2026-03-09
2026030901000428,SYPNL,75,76,670.0,2000.0,1340000.0,2026-03-09
2026030901000427,CITY,35,32,10.0,507.5,5075.0,2026-03-09
2026030904000544,UMHL,35,62,10.0,669.0,6690.0,2026-03-09
2026030904000543,UMHL,35,1,100.0,669.0,66900.0,2026-03-09
2026030904000542,NGPL,35,39,64.0,468.0,29952.0,2026-03-09
2026030901000426,CREST,1,91,10.0,1532.0,15320.0,2026-03-09
2026030904000541,SGIC,57,91,500.0,499.3,249650.0,2026-03-09
2026030901000425,SYPNL,47,76,10.0,2000.0,20000.0,2026-03-09
2026030904000540,AKPL,43,43,500.0,295.0,147500.0,2026-03-09
2026030903000270,LICN,45,45,100.0,870.7,87070.0,2026-03-09
2026030901000424,NBL,45,34,1000.0,271.0,271000.0,2026-03-09
2026030903000269,GMFBS,42,45,20.0,1477.0,29540.0,2026-03-09
2026030904000539,NHPC,54,34,50.0,249.0,12450.0,2026-03-09
2026030903000268,JBBL,19,51,10.0,359.6,3596.0,2026-03-09
2026030905000522,BHL,22,37,1400.0,221.0,309400.0,2026-03-09
2026030901000423,NIMBPO,19,55,500.0,160.9,80450.0,2026-03-09
2026030901000422,NIMBPO,19,55,500.0,160.9,80450.0,2026-03-09
2026030901000421,NIMBPO,19,43,300.0,160.8,48240.0,2026-03-09
2026030901000420,NIMBPO,19,55,500.0,160.0,80000.0,2026-03-09
2026030901000419,NIMBPO,19,55,500.0,160.0,80000.0,2026-03-09
2026030904000538,HPPL,94,51,50.0,508.0,25400.0,2026-03-09
2026030904000537,HPPL,94,34,500.0,508.0,254000.0,2026-03-09
2026030904000536,HPPL,94,1,1000.0,508.0,508000.0,2026-03-09
2026030904000535,HPPL,94,34,10.0,508.0,5080.0,2026-03-09
2026030904000534,HPPL,94,59,90.0,508.0,45720.0,2026-03-09
2026030903000267,SLBBL,36,7,10.0,873.7,8737.0,2026-03-09
2026030905000521,TPC,42,39,10.0,414.8,4148.0,2026-03-09
2026030905000520,TPC,42,58,55.0,414.0,22770.0,2026-03-09
2026030904000533,HURJA,35,45,2250.0,289.0,650250.0,2026-03-09
2026030905000519,SPC,57,47,50.0,521.2,26060.0,2026-03-09
2026030903000266,MFIL,41,91,200.0,900.0,180000.0,2026-03-09
2026030901000418,BANDIPUR,45,60,20.0,1020.0,20400.0,2026-03-09
2026030904000532,AHPC,58,57,30.0,316.0,9480.0,2026-03-09
2026030904000531,AHPC,41,57,85.0,316.0,26860.0,2026-03-09
2026030904000530,AHPC,26,57,100.0,316.0,31600.0,2026-03-09
2026030904000529,AHPC,59,57,660.0,316.0,208560.0,2026-03-09
2026030905000518,NTC,7,42,100.0,904.0,90400.0,2026-03-09
2026030905000517,SHIVM,11,42,30.0,673.0,20190.0,2026-03-09
2026030901000417,DHEL,57,50,30.0,780.3,23409.0,2026-03-09
2026030904000528,HURJA,39,48,1000.0,292.0,292000.0,2026-03-09
2026030905000516,SHIVM,17,42,20.0,673.0,13460.0,2026-03-09
2026030903000265,EDBL,56,1,500.0,655.0,327500.0,2026-03-09
2026030904000527,HURJA,45,48,1712.0,292.0,499904.0,2026-03-09
2026030905000515,MHL,49,32,100.0,550.0,55000.0,2026-03-09
2026030905000514,SHIVM,41,42,225.0,673.0,151425.0,2026-03-09
2026030905000513,SMHL,42,16,165.0,505.0,83325.0,2026-03-09
2026030905000512,MKJC,49,72,33.0,568.9,18773.7,2026-03-09
2026030904000526,RADHI,13,74,500.0,926.0,463000.0,2026-03-09
2026030904000525,RIDI,44,13,20.0,336.0,6720.0,2026-03-09
2026030905000511,PHCL,19,65,200.0,327.0,65400.0,2026-03-09
2026030905000510,SMHL,52,16,50.0,505.0,25250.0,2026-03-09
2026030904000524,AKPL,21,43,500.0,295.0,147500.0,2026-03-09
2026030904000523,API,53,25,600.0,341.0,204600.0,2026-03-09
2026030905000509,BHPL,42,95,77.0,615.0,47355.0,2026-03-09
2026030905000508,BHPL,42,34,10.0,615.0,6150.0,2026-03-09
2026030905000507,BHPL,42,58,13.0,614.0,7982.0,2026-03-09
2026030905000506,SMHL,42,16,50.0,505.0,25250.0,2026-03-09
2026030905000505,HIDCL,48,52,10.0,282.6,2826.0,2026-03-09
2026030905000504,RNLI,58,52,100.0,500.4,50040.0,2026-03-09
2026030904000522,AKPL,19,43,990.0,295.0,292050.0,2026-03-09
2026030904000521,AKPL,19,81,10.0,295.0,2950.0,2026-03-09
2026030905000503,SMHL,64,16,235.0,505.0,118675.0,2026-03-09
2026030905000502,SMHL,64,34,10.0,505.0,5050.0,2026-03-09
2026030905000501,SMHL,64,16,205.0,505.0,103525.0,2026-03-09
2026030901000416,GBIME,19,47,130.0,240.3,31239.0,2026-03-09
2026030901000415,GBIME,17,47,100.0,240.3,24030.0,2026-03-09
2026030901000414,GBIME,8,47,100.0,240.3,24030.0,2026-03-09
2026030905000500,BHL,45,37,100.0,221.0,22100.0,2026-03-09
2026030905000499,DORDI,14,32,10.0,300.1,3001.0,2026-03-09
2026030904000520,SHPC,45,77,100.0,579.3,57930.0,2026-03-09
2026030901000413,SYPNL,58,76,50.0,2000.0,100000.0,2026-03-09
2026030905000498,MMKJL,7,75,100.0,602.0,60200.0,2026-03-09
2026030901000412,TTL,42,6,100.0,1000.0,100000.0,2026-03-09
2026030904000519,HPPL,49,59,10.0,508.0,5080.0,2026-03-09
2026030904000518,HPPL,49,41,890.0,505.0,449450.0,2026-03-09
2026030904000517,UPCL,44,34,30.0,408.0,12240.0,2026-03-09
2026030904000516,UPCL,44,29,140.0,407.0,56980.0,2026-03-09
2026030904000515,CGH,3,74,103.0,888.1,91474.3,2026-03-09
2026030904000514,CGH,3,35,100.0,888.0,88800.0,2026-03-09
2026030904000513,NHPC,49,34,1200.0,249.0,298800.0,2026-03-09
2026030904000512,API,58,14,62.0,336.4,20856.8,2026-03-09
2026030905000497,BHL,52,37,500.0,221.0,110500.0,2026-03-09
2026030904000511,KPCL,75,58,10.0,553.4,5534.0,2026-03-09
2026030904000510,HDHPC,19,38,50.0,219.5,10975.0,2026-03-09
2026030903000264,MFIL,25,40,20.0,896.0,17920.0,2026-03-09
2026030903000263,MFIL,25,40,480.0,896.0,430080.0,2026-03-09
2026030904000509,LEC,38,58,10.0,235.1,2351.0,2026-03-09
2026030904000508,API,58,25,100.0,341.0,34100.0,2026-03-09
2026030905000496,SANVI,58,48,100.0,890.0,89000.0,2026-03-09
2026030905000495,NRM,58,34,200.0,462.0,92400.0,2026-03-09
2026030905000494,NRM,58,48,200.0,460.0,92000.0,2026-03-09
2026030905000493,NRM,58,44,100.0,453.5,45350.0,2026-03-09
2026030905000492,NRM,58,48,200.0,453.5,90700.0,2026-03-09
2026030905000491,NRM,58,28,300.0,453.5,136050.0,2026-03-09
2026030905000490,SMHL,58,16,125.0,505.0,63125.0,2026-03-09
2026030901000411,MBL,3,59,50.0,250.6,12530.0,2026-03-09
2026030901000410,SAIL,48,99,90.0,1468.0,132120.0,2026-03-09
2026030901000409,SAIL,48,34,10.0,1468.0,14680.0,2026-03-09
2026030904000507,RADHI,16,8,1000.0,925.0,925000.0,2026-03-09
2026030904000506,RADHI,16,39,700.0,925.0,647500.0,2026-03-09
2026030904000505,RADHI,16,39,50.0,923.0,46150.0,2026-03-09
2026030905000489,PPL,34,91,160.0,415.8,66528.0,2026-03-09
2026030905000488,PPL,34,58,40.0,415.8,16632.0,2026-03-09
2026030905000487,SMHL,62,16,20.0,505.0,10100.0,2026-03-09
2026030901000408,CZBIL,49,56,788.0,207.0,163116.0,2026-03-09
2026030901000407,CZBIL,41,56,1000.0,207.0,207000.0,2026-03-09
2026030904000504,API,59,25,300.0,341.0,102300.0,2026-03-09
2026030901000406,PRVU,13,58,10.0,202.0,2020.0,2026-03-09
2026030905000486,SHIVM,49,42,30.0,673.0,20190.0,2026-03-09
2026030905000485,SHIVM,49,33,970.0,670.0,649900.0,2026-03-09
2026030903000262,NFS,34,43,20.0,683.2,13664.0,2026-03-09
2026030905000484,HDL,48,58,10.0,1229.6,12296.0,2026-03-09
2026030901000405,BUNGAL,42,62,10.0,713.0,7130.0,2026-03-09
2026030905000483,RHGCL,101,18,1400.0,303.4,424760.0,2026-03-09
2026030905000482,RHGCL,38,18,100.0,303.4,30340.0,2026-03-09
2026030901000404,TTL,42,45,80.0,1000.0,80000.0,2026-03-09
2026030905000481,SHIVM,4,33,50.0,670.0,33500.0,2026-03-09
2026030905000480,SMHL,45,16,150.0,505.0,75750.0,2026-03-09
2026030904000503,AKJCL,50,38,200.0,400.0,80000.0,2026-03-09
2026030901000403,DHEL,34,50,10.0,780.3,7803.0,2026-03-09
2026030903000261,MDB,60,39,10.0,700.0,7000.0,2026-03-09
2026030903000260,RLFL,89,52,100.0,497.7,49770.0,2026-03-09
2026030904000502,UPPER,80,17,10.0,205.1,2051.0,2026-03-09
2026030905000479,NTC,58,42,100.0,904.0,90400.0,2026-03-09
2026030904000501,UNHPL,58,8,10.0,536.0,5360.0,2026-03-09
2026030901000402,HIDCLP,58,45,100.0,213.9,21390.0,2026-03-09
2026030904000500,SHEL,39,35,2000.0,327.0,654000.0,2026-03-09
2026030901000401,SRLI,22,96,10.0,412.1,4121.0,2026-03-09
2026030901000400,CZBIL,42,57,10.0,211.0,2110.0,2026-03-09
2026030905000478,SHIVM,36,33,500.0,670.0,335000.0,2026-03-09
2026030904000499,AHPC,34,11,300.0,316.1,94830.0,2026-03-09
2026030901000399,SYPNL,58,76,50.0,2000.0,100000.0,2026-03-09
2026030905000477,NTC,34,42,120.0,904.0,108480.0,2026-03-09
2026030905000476,SHIVM,101,33,10.0,670.0,6700.0,2026-03-09
2026030905000475,TVCL,60,68,10.0,676.0,6760.0,2026-03-09
2026030905000474,NRN,38,45,10.0,1646.0,16460.0,2026-03-09
2026030903000259,GMFBS,74,45,10.0,1477.0,14770.0,2026-03-09
2026030901000398,SAGAR,61,57,25.0,2130.0,53250.0,2026-03-09
2026030903000258,EDBL,56,16,500.0,655.0,327500.0,2026-03-09
2026030903000257,FMDBL,58,83,2500.0,865.0,2162500.0,2026-03-09
2026030903000256,FMDBL,58,58,10.0,865.0,8650.0,2026-03-09
2026030903000255,FMDBL,58,62,2000.0,864.0,1728000.0,2026-03-09
2026030904000498,HPPL,48,41,10.0,505.0,5050.0,2026-03-09
2026030904000497,SSHL,58,43,10.0,202.0,2020.0,2026-03-09
2026030903000254,MLBL,22,45,100.0,397.5,39750.0,2026-03-09
2026030901000397,TTL,42,49,10.0,992.0,9920.0,2026-03-09
2026030901000396,NBL,46,34,200.0,271.0,54200.0,2026-03-09
2026030905000473,SANVI,35,48,500.0,890.0,445000.0,2026-03-09
2026030901000395,PURE,38,22,10.0,1036.2,10362.0,2026-03-09
2026030901000394,MABEL,33,48,490.0,816.0,399840.0,2026-03-09
2026030901000393,MABEL,35,48,200.0,832.3,166460.0,2026-03-09
2026030901000392,DHEL,36,62,200.0,780.0,156000.0,2026-03-09
2026030905000472,SHIVM,45,33,470.0,670.0,314900.0,2026-03-09
2026030905000471,SHIVM,45,44,530.0,670.0,355100.0,2026-03-09
2026030901000391,NMB,54,22,10.0,246.7,2467.0,2026-03-09
2026030904000496,AKJCL,33,38,1000.0,400.0,400000.0,2026-03-09
2026030901000390,NBL,58,7,100.0,270.0,27000.0,2026-03-09
2026030904000495,SSHL,58,16,2000.0,202.0,404000.0,2026-03-09
2026030903000253,MPFL,35,52,10.0,674.0,6740.0,2026-03-09
2026030904000494,KKHC,32,28,170.0,317.0,53890.0,2026-03-09
2026030904000493,KKHC,1,28,1000.0,317.0,317000.0,2026-03-09
2026030904000492,KKHC,26,28,50.0,317.0,15850.0,2026-03-09
2026030904000491,KKHC,58,28,500.0,317.0,158500.0,2026-03-09
2026030904000490,KKHC,49,28,180.0,317.0,57060.0,2026-03-09
2026030904000489,KKHC,48,28,500.0,317.0,158500.0,2026-03-09
2026030904000488,KKHC,42,28,100.0,318.0,31800.0,2026-03-09
2026030904000487,KKHC,35,28,500.0,318.0,159000.0,2026-03-09
2026030904000486,UPCL,39,29,30.0,407.0,12210.0,2026-03-09
2026030904000485,UAIL,28,52,100.0,464.8,46480.0,2026-03-09
2026030901000389,SYPNL,58,76,40.0,2000.0,80000.0,2026-03-09
2026030901000388,SYPNL,19,76,50.0,2000.0,100000.0,2026-03-09
2026030901000387,SYPNL,43,76,70.0,2000.0,140000.0,2026-03-09
2026030901000386,SYPNL,54,76,10.0,2001.0,20010.0,2026-03-09
2026030901000385,SYPNL,34,76,50.0,2005.0,100250.0,2026-03-09
2026030903000252,SJLIC,56,44,10.0,475.4,4754.0,2026-03-09
2026030905000470,HRL,45,57,500.0,925.0,462500.0,2026-03-09
2026030905000469,NIFRA,39,42,370.0,284.0,105080.0,2026-03-09
2026030904000484,NGPL,34,39,1000.0,468.0,468000.0,2026-03-09
2026030905000468,SGHC,62,58,20.0,431.6,8632.0,2026-03-09
2026030905000467,SGHC,62,94,890.0,424.0,377360.0,2026-03-09
2026030905000466,CHDC,42,59,200.0,2655.0,531000.0,2026-03-09
2026030905000465,NTC,44,42,30.0,904.0,27120.0,2026-03-09
2026030905000464,HRL,58,38,50.0,937.0,46850.0,2026-03-09
2026030904000483,HURJA,35,50,1000.0,289.0,289000.0,2026-03-09
2026030905000463,SGHC,58,94,100.0,424.0,42400.0,2026-03-09
2026030905000462,SMHL,46,49,1000.0,496.0,496000.0,2026-03-09
2026030905000461,PHCL,51,65,1000.0,327.0,327000.0,2026-03-09
2026030905000460,SHIVM,6,44,100.0,670.0,67000.0,2026-03-09
2026030903000251,SADBL,21,33,10.0,442.1,4421.0,2026-03-09
2026030905000459,ILI,49,22,38.0,465.0,17670.0,2026-03-09
2026030904000482,UMRH,65,58,10.0,604.0,6040.0,2026-03-09
2026030904000481,AHPC,34,19,200.0,316.1,63220.0,2026-03-09
2026030904000480,RIDI,8,13,100.0,336.0,33600.0,2026-03-09
2026030904000479,AKJCL,6,38,500.0,400.0,200000.0,2026-03-09
2026030903000250,SINDU,42,55,40.0,795.6,31824.0,2026-03-09
2026030903000249,SINDU,42,22,60.0,795.0,47700.0,2026-03-09
2026030904000478,GLH,41,38,10.0,286.0,2860.0,2026-03-09
2026030904000477,DHPL,45,49,10.0,312.1,3121.0,2026-03-09
2026030905000458,SPL,92,96,10.0,763.0,7630.0,2026-03-09
2026030904000476,BARUN,48,58,490.0,384.0,188160.0,2026-03-09
2026030905000457,MBJC,58,94,950.0,323.0,306850.0,2026-03-09
2026030905000456,MBJC,58,35,50.0,321.0,16050.0,2026-03-09
2026030901000384,HIDCLP,34,40,1000.0,214.0,214000.0,2026-03-09
2026030901000383,SYPNL,54,52,40.0,2000.3,80012.0,2026-03-09
2026030904000475,API,22,56,100.0,342.0,34200.0,2026-03-09
2026030901000382,BANDIPUR,58,60,147.0,1020.0,149940.0,2026-03-09
2026030904000474,HURJA,35,7,1000.0,289.0,289000.0,2026-03-09
2026030904000473,SHEL,49,45,500.0,324.0,162000.0,2026-03-09
2026030904000472,SHEL,51,35,100.0,327.0,32700.0,2026-03-09
2026030904000471,SJCL,50,44,10.0,317.1,3171.0,2026-03-09
2026030905000455,MAKAR,49,86,10.0,563.8,5638.0,2026-03-09
2026030901000381,NWCL,42,64,25.0,940.0,23500.0,2026-03-09
2026030904000470,RIDI,38,13,500.0,336.0,168000.0,2026-03-09
2026030905000454,SHIVM,25,44,50.0,670.0,33500.0,2026-03-09
2026030901000380,TTL,59,14,30.0,990.0,29700.0,2026-03-09
2026030905000453,TVCL,28,32,2000.0,670.0,1340000.0,2026-03-09
2026030904000469,SHEL,18,35,250.0,327.0,81750.0,2026-03-09
2026030904000468,SHEL,54,35,230.0,327.0,75210.0,2026-03-09
2026030901000379,BUNGAL,42,32,10.0,713.0,7130.0,2026-03-09
2026030901000378,NBL,21,45,500.0,266.0,133000.0,2026-03-09
2026030904000467,RIDI,49,13,10.0,336.0,3360.0,2026-03-09
2026030904000466,PMHPL,8,96,200.0,395.0,79000.0,2026-03-09
2026030901000377,KBL,58,38,870.0,211.8,184266.0,2026-03-09
2026030904000465,SSHL,58,28,20.0,201.7,4034.0,2026-03-09
2026030901000376,BUNGAL,48,26,75.0,713.0,53475.0,2026-03-09
2026030901000375,SRLI,87,52,10.0,420.0,4200.0,2026-03-09
2026030901000374,JHAPA,56,56,10.0,1529.0,15290.0,2026-03-09
2026030904000464,HDHPC,54,42,10.0,215.2,2152.0,2026-03-09
2026030904000463,AKJCL,60,38,1000.0,400.0,400000.0,2026-03-09
2026030905000452,SHIVM,58,44,250.0,670.0,167500.0,2026-03-09
2026030905000451,VLUCL,44,7,30.0,590.0,17700.0,2026-03-09
2026030903000248,SADBL,58,33,10.0,442.0,4420.0,2026-03-09
2026030901000373,PURE,42,21,10.0,1036.2,10362.0,2026-03-09
2026030901000372,SAIL,52,35,10.0,1443.3,14433.0,2026-03-09
2026030904000462,JOSHI,91,3,900.0,319.0,287100.0,2026-03-09
2026030901000371,BNT,45,51,10.0,12276.5,122765.0,2026-03-09
2026030904000461,NGPL,83,39,2900.0,468.0,1357200.0,2026-03-09
2026030904000460,NGPL,83,6,100.0,468.0,46800.0,2026-03-09
2026030903000247,FMDBL,58,62,3000.0,864.0,2592000.0,2026-03-09
2026030901000370,TTL,58,14,50.0,990.0,49500.0,2026-03-09
2026030905000450,CKHL,58,41,90.0,738.0,66420.0,2026-03-09
2026030905000449,MHL,13,22,500.0,556.0,278000.0,2026-03-09
2026030905000448,MEHL,42,57,10.0,472.0,4720.0,2026-03-09
2026030904000459,SGIC,28,91,2000.0,499.3,998600.0,2026-03-09
2026030904000458,NGPL,45,84,400.0,459.0,183600.0,2026-03-09
2026030904000457,NGPL,100,84,500.0,459.0,229500.0,2026-03-09
2026030904000456,NGPL,52,84,500.0,459.0,229500.0,2026-03-09
2026030904000455,NGPL,14,84,450.0,459.0,206550.0,2026-03-09
2026030904000454,NGPL,91,84,1000.0,459.0,459000.0,2026-03-09
2026030904000453,NGPL,34,84,700.0,459.0,321300.0,2026-03-09
2026030904000452,NGPL,38,84,500.0,459.0,229500.0,2026-03-09
2026030904000451,NGPL,21,84,950.0,460.0,437000.0,2026-03-09
2026030901000369,NBL,54,34,500.0,271.0,135500.0,2026-03-09
2026030903000246,EDBL,60,16,500.0,655.0,327500.0,2026-03-09
2026030903000245,ALICL,45,13,100.0,479.4,47940.0,2026-03-09
2026030903000244,ALICL,45,8,27.0,479.4,12943.8,2026-03-09
2026030903000243,ALICL,45,42,100.0,479.4,47940.0,2026-03-09
2026030903000242,ALICL,45,85,10.0,479.4,4794.0,2026-03-09
2026030904000450,BPCL,16,67,200.0,770.1,154020.0,2026-03-09
2026030905000447,TPC,34,58,170.0,414.8,70516.0,2026-03-09
2026030904000449,RIDI,99,13,10.0,336.0,3360.0,2026-03-09
2026030901000368,NIMB,58,16,10.0,210.0,2100.0,2026-03-09
2026030901000367,CREST,59,91,100.0,1532.0,153200.0,2026-03-09
2026030905000446,MEHL,28,57,580.0,472.0,273760.0,2026-03-09
2026030905000445,MEHL,28,48,420.0,470.0,197400.0,2026-03-09
2026030903000241,GMFIL,41,47,10.0,483.4,4834.0,2026-03-09
2026030904000448,SHEL,87,35,1000.0,327.0,327000.0,2026-03-09
2026030905000444,HRL,58,38,10.0,919.0,9190.0,2026-03-09
2026030905000443,ULHC,62,57,10.0,587.5,5875.0,2026-03-09
2026030905000442,SONA,34,35,10.0,462.5,4625.0,2026-03-09
2026030901000366,PRVU,14,16,10.0,201.7,2017.0,2026-03-09
2026030905000441,SHIVM,11,44,60.0,670.0,40200.0,2026-03-09
2026030901000365,BANDIPUR,58,60,100.0,1023.0,102300.0,2026-03-09
2026030904000447,RIDI,55,13,410.0,336.0,137760.0,2026-03-09
2026030904000446,RIDI,55,37,90.0,336.0,30240.0,2026-03-09
2026030904000445,DLBS,19,7,10.0,1377.0,13770.0,2026-03-09
2026030904000444,RHPL,58,58,10.0,316.0,3160.0,2026-03-09
2026030905000440,SMHL,46,53,500.0,496.0,248000.0,2026-03-09
2026030903000240,MFIL,35,91,10.0,900.0,9000.0,2026-03-09
2026030905000439,PPL,34,58,10.0,415.8,4158.0,2026-03-09
2026030905000438,NRN,58,58,10.0,1646.0,16460.0,2026-03-09
2026030904000443,NGPL,21,35,50.0,460.0,23000.0,2026-03-09
2026030903000239,LLBS,58,62,200.0,1037.0,207400.0,2026-03-09
2026030905000437,HRL,58,38,50.0,919.0,45950.0,2026-03-09
2026030905000436,SANVI,58,48,20.0,890.0,17800.0,2026-03-09
2026030903000238,NMLBBL,32,44,50.0,650.0,32500.0,2026-03-09
2026030904000442,SHEL,34,35,500.0,327.0,163500.0,2026-03-09
2026030904000441,AHPC,39,58,50.0,316.1,15805.0,2026-03-09
2026030901000364,HIDCLP,45,74,500.0,210.9,105450.0,2026-03-09
2026030904000440,NGPL,95,35,50.0,460.0,23000.0,2026-03-09
2026030904000439,NGPL,95,6,400.0,460.0,184000.0,2026-03-09
2026030905000435,ILI,49,58,12.0,465.0,5580.0,2026-03-09
2026030905000434,SANVI,88,48,1000.0,890.0,890000.0,2026-03-09
2026030905000433,SHIVM,58,44,10.0,670.0,6700.0,2026-03-09
2026030904000438,PMHPL,47,96,10.0,395.0,3950.0,2026-03-09
2026030905000432,PHCL,58,19,100.0,321.0,32100.0,2026-03-09
2026030901000363,SYPNL,43,60,30.0,2000.0,60000.0,2026-03-09
2026030904000437,NGPL,38,49,500.0,459.0,229500.0,2026-03-09
2026030904000436,UNHPL,71,8,10.0,526.0,5260.0,2026-03-09
2026030904000435,UNHPL,71,67,100.0,520.0,52000.0,2026-03-09
2026030904000434,UNHPL,71,56,300.0,510.0,153000.0,2026-03-09
2026030904000433,HDHPC,54,1,300.0,215.2,64560.0,2026-03-09
2026030904000432,HDHPC,28,1,100.0,215.2,21520.0,2026-03-09
2026030905000431,MHL,45,22,200.0,546.0,109200.0,2026-03-09
2026030901000362,SYPNL,98,60,20.0,2000.0,40000.0,2026-03-09
2026030903000237,NFS,11,42,10.0,669.9,6699.0,2026-03-09
2026030904000431,UNHPL,3,56,400.0,510.0,204000.0,2026-03-09
2026030904000430,GLH,36,49,880.0,280.0,246400.0,2026-03-09
2026030904000429,AKJCL,58,38,500.0,400.0,200000.0,2026-03-09
2026030905000430,ULHC,62,42,10.0,587.5,5875.0,2026-03-09
2026030903000236,NABBC,20,34,1370.0,1494.0,2046780.0,2026-03-09
2026030905000429,NIFRA,39,86,10.0,284.0,2840.0,2026-03-09
2026030901000361,SARBTM,3,62,232.0,942.0,218544.0,2026-03-09
2026030901000360,SYPNL,56,60,1000.0,2000.0,2000000.0,2026-03-09
2026030901000359,CREST,58,28,105.0,1533.0,160965.0,2026-03-09
2026030901000358,CREST,58,55,200.0,1533.0,306600.0,2026-03-09
2026030901000357,CREST,58,34,25.0,1503.4,37585.0,2026-03-09
2026030901000356,CREST,58,32,170.0,1502.0,255340.0,2026-03-09
2026030905000428,NTC,35,42,50.0,904.0,45200.0,2026-03-09
2026030904000428,AKJCL,56,38,1000.0,400.0,400000.0,2026-03-09
2026030904000427,AKJCL,38,38,100.0,400.0,40000.0,2026-03-09
2026030904000426,AKJCL,34,38,100.0,400.0,40000.0,2026-03-09
2026030904000425,AKJCL,94,38,15.0,400.0,6000.0,2026-03-09
2026030904000424,AKJCL,99,38,100.0,400.0,40000.0,2026-03-09
2026030904000423,AKJCL,17,38,900.0,400.0,360000.0,2026-03-09
2026030903000235,SKBBL,56,49,89.0,812.0,72268.0,2026-03-09
2026030903000234,LBBL,59,66,500.0,524.0,262000.0,2026-03-09
2026030903000233,LBBL,59,58,1000.0,514.0,514000.0,2026-03-09
2026030903000232,LBBL,59,32,910.0,514.0,467740.0,2026-03-09
2026030903000231,LBBL,59,45,70.0,510.0,35700.0,2026-03-09
2026030901000355,SYPNL,45,60,200.0,2000.0,400000.0,2026-03-09
2026030904000422,UNHPL,56,56,100.0,510.0,51000.0,2026-03-09
2026030905000427,MBJC,29,94,100.0,323.0,32300.0,2026-03-09
2026030905000426,MBJC,29,57,50.0,322.5,16125.0,2026-03-09
2026030905000425,MBJC,29,35,50.0,322.0,16100.0,2026-03-09
2026030904000421,API,55,8,200.0,336.3,67260.0,2026-03-09
2026030901000354,NIMB,58,22,468.0,206.6,96688.8,2026-03-09
2026030903000230,SKBBL,42,49,55.0,812.0,44660.0,2026-03-09
2026030901000353,CREST,48,32,100.0,1502.0,150200.0,2026-03-09
2026030905000424,SGHC,58,94,10.0,424.0,4240.0,2026-03-09
2026030904000420,AHPC,59,34,340.0,316.0,107440.0,2026-03-09
2026030905000423,PPL,14,59,10.0,407.7,4077.0,2026-03-09
2026030903000229,LBBL,51,45,210.0,510.0,107100.0,2026-03-09
2026030905000422,SMHL,46,59,910.0,496.0,451360.0,2026-03-09
2026030901000352,HBL,49,1,10.0,204.0,2040.0,2026-03-09
2026030903000228,USLB,34,57,10.0,1502.0,15020.0,2026-03-09
2026030901000351,TTL,54,14,20.0,992.4,19848.0,2026-03-09
2026030905000421,SMHL,55,59,200.0,496.0,99200.0,2026-03-09
2026030904000419,AHPC,57,32,109.0,310.0,33790.0,2026-03-09
2026030904000418,AHPC,51,32,297.0,310.0,92070.0,2026-03-09
2026030905000420,DORDI,55,65,10.0,294.3,2943.0,2026-03-09
2026030903000227,HLI,45,22,90.0,390.0,35100.0,2026-03-09
2026030901000350,SARBTM,3,62,268.0,924.0,247632.0,2026-03-09
2026030904000417,AKJCL,26,29,490.0,406.0,198940.0,2026-03-09
2026030904000416,AKJCL,26,66,210.0,405.0,85050.0,2026-03-09
2026030904000415,AKJCL,26,96,300.0,405.0,121500.0,2026-03-09
2026030901000349,SYPNL,45,62,60.0,1962.0,117720.0,2026-03-09
2026030901000348,SYPNL,18,62,200.0,1963.0,392600.0,2026-03-09
2026030901000347,SYPNL,41,62,90.0,1970.0,177300.0,2026-03-09
2026030901000346,SYPNL,57,62,40.0,1980.0,79200.0,2026-03-09
2026030905000419,SMHL,57,59,100.0,496.0,49600.0,2026-03-09
2026030903000226,MLBSL,60,22,10.0,1945.3,19453.0,2026-03-09
2026030903000225,FMDBL,8,29,55.0,848.0,46640.0,2026-03-09
2026030904000414,BARUN,58,58,10.0,384.0,3840.0,2026-03-09
2026030905000418,SHIVM,38,42,500.0,673.0,336500.0,2026-03-09
2026030904000413,RIDI,95,37,10.0,336.0,3360.0,2026-03-09
2026030904000412,UNHPL,34,56,200.0,510.0,102000.0,2026-03-09
2026030904000411,RADHI,38,39,300.0,925.0,277500.0,2026-03-09
2026030904000410,NICL,57,34,10.0,522.1,5221.0,2026-03-09
2026030904000409,AKJCL,44,96,200.0,405.0,81000.0,2026-03-09
2026030901000345,CREST,45,35,20.0,1474.0,29480.0,2026-03-09
2026030904000408,UNHPL,44,56,300.0,510.0,153000.0,2026-03-09
2026030901000344,CREST,49,34,50.0,1503.4,75170.0,2026-03-09
2026030904000407,SHEL,36,35,100.0,327.0,32700.0,2026-03-09
2026030904000406,SPDL,21,34,10.0,426.0,4260.0,2026-03-09
2026030904000405,UMHL,34,17,10.0,655.9,6559.0,2026-03-09
2026030905000417,NRM,47,28,100.0,453.5,45350.0,2026-03-09
2026030904000404,GHL,38,45,10.0,256.2,2562.0,2026-03-09
2026030904000403,GHL,38,45,10.0,256.2,2562.0,2026-03-09
2026030904000402,GHL,38,39,50.0,256.0,12800.0,2026-03-09
2026030905000416,SHIVM,64,99,500.0,670.0,335000.0,2026-03-09
2026030904000401,GLH,49,49,1000.0,280.0,280000.0,2026-03-09
2026030905000415,USHL,42,74,50.0,759.0,37950.0,2026-03-09
2026030905000414,SHIVM,1,38,695.0,660.0,458700.0,2026-03-09
2026030905000413,SHIVM,26,38,200.0,660.0,132000.0,2026-03-09
2026030905000412,SHIVM,6,38,15.0,660.0,9900.0,2026-03-09
2026030905000411,SHIVM,14,38,100.0,660.0,66000.0,2026-03-09
2026030905000410,SHIVM,35,38,100.0,660.0,66000.0,2026-03-09
2026030905000409,SHIVM,4,38,40.0,660.0,26400.0,2026-03-09
2026030905000408,SHIVM,57,38,300.0,660.0,198000.0,2026-03-09
2026030905000407,SHIVM,49,38,500.0,665.0,332500.0,2026-03-09
2026030905000406,SHIVM,49,38,80.0,665.0,53200.0,2026-03-09
2026030905000405,SHIVM,87,38,20.0,665.0,13300.0,2026-03-09
2026030903000224,MFIL,25,29,10.0,896.0,8960.0,2026-03-09
2026030903000223,MFIL,25,40,310.0,896.0,277760.0,2026-03-09
2026030903000222,MFIL,25,91,200.0,890.0,178000.0,2026-03-09
2026030904000400,SHEL,45,35,720.0,327.0,235440.0,2026-03-09
2026030904000399,GLH,35,49,20.0,280.0,5600.0,2026-03-09
2026030905000404,NRM,53,28,180.0,451.0,81180.0,2026-03-09
2026030901000343,SYPNL,49,60,10.0,2000.0,20000.0,2026-03-09
2026030901000342,SAIL,48,35,480.0,1443.3,692784.0,2026-03-09
2026030901000341,SAIL,48,36,20.0,1443.0,28860.0,2026-03-09
2026030904000398,NHPC,67,35,10.0,244.8,2448.0,2026-03-09
2026030904000397,NHPC,67,29,10.0,244.0,2440.0,2026-03-09
2026030904000396,IGI,34,17,10.0,452.3,4523.0,2026-03-09
2026030904000395,AHPC,51,74,933.0,310.0,289230.0,2026-03-09
2026030905000403,MBJC,35,35,50.0,322.0,16100.0,2026-03-09
2026030903000221,LICN,62,35,10.0,870.7,8707.0,2026-03-09
2026030901000340,MABEL,33,95,10.0,816.0,8160.0,2026-03-09
2026030901000339,BHCL,35,48,10.0,628.1,6281.0,2026-03-09
2026030905000402,SGHC,58,42,440.0,416.6,183304.0,2026-03-09
2026030901000338,SBI,57,14,50.0,433.0,21650.0,2026-03-09
2026030901000337,SBI,57,38,100.0,425.0,42500.0,2026-03-09
2026030904000394,KKHC,56,38,100.0,323.0,32300.0,2026-03-09
2026030904000393,KKHC,56,43,1000.0,322.9,322900.0,2026-03-09
2026030904000392,KKHC,22,3,295.0,320.0,94400.0,2026-03-09
2026030904000391,KKHC,22,32,2705.0,318.0,860190.0,2026-03-09
2026030904000390,HPPL,29,50,100.0,500.0,50000.0,2026-03-09
2026030904000389,HPPL,29,36,50.0,500.0,25000.0,2026-03-09
2026030904000388,AKJCL,6,96,200.0,405.0,81000.0,2026-03-09
2026030905000401,SMHL,43,59,790.0,496.0,391840.0,2026-03-09
2026030905000400,SMHL,43,34,10.0,496.0,4960.0,2026-03-09
2026030905000399,SMHL,43,16,10.0,496.0,4960.0,2026-03-09
2026030905000398,SMHL,43,16,190.0,496.0,94240.0,2026-03-09
2026030905000397,NTC,38,42,100.0,905.0,90500.0,2026-03-09
2026030905000396,NTC,49,42,50.0,905.0,45250.0,2026-03-09
2026030901000336,SAIL,32,36,30.0,1443.0,43290.0,2026-03-09
2026030905000395,SANVI,45,48,10.0,890.0,8900.0,2026-03-09
2026030905000394,SMHL,34,16,10.0,496.0,4960.0,2026-03-09
2026030901000335,SYPNL,34,60,125.0,2000.0,250000.0,2026-03-09
2026030905000393,MEL,49,53,30.0,305.0,9150.0,2026-03-09
2026030904000387,SHEL,49,58,10.0,330.0,3300.0,2026-03-09
2026030904000386,NGPL,58,6,100.0,460.0,46000.0,2026-03-09
2026030904000385,NGPL,58,8,1500.0,460.0,690000.0,2026-03-09
2026030904000384,NGPL,58,84,3400.0,459.0,1560600.0,2026-03-09
2026030903000220,MFIL,17,26,500.0,880.0,440000.0,2026-03-09
2026030905000392,HRL,7,38,100.0,919.0,91900.0,2026-03-09
2026030905000391,HRL,7,57,100.0,911.3,91130.0,2026-03-09
2026030905000390,SMHL,11,16,200.0,496.0,99200.0,2026-03-09
2026030905000389,BHL,51,69,10.0,217.2,2172.0,2026-03-09
2026030905000388,NRM,49,28,300.0,451.0,135300.0,2026-03-09
2026030904000383,LEC,38,57,10.0,230.5,2305.0,2026-03-09
2026030901000334,NABIL,34,58,176.0,534.4,94054.4,2026-03-09
2026030904000382,SHEL,38,58,100.0,330.0,33000.0,2026-03-09
2026030901000333,SYPNL,48,60,200.0,2000.0,400000.0,2026-03-09
2026030904000381,PMHPL,58,96,10.0,395.0,3950.0,2026-03-09
2026030904000380,NGPL,55,84,40.0,459.0,18360.0,2026-03-09
2026030904000379,NGPL,45,84,720.0,459.0,330480.0,2026-03-09
2026030904000378,NGPL,45,43,780.0,458.0,357240.0,2026-03-09
2026030905000387,HRL,54,49,229.0,902.0,206558.0,2026-03-09
2026030905000386,HRL,26,49,200.0,903.0,180600.0,2026-03-09
2026030905000385,HRL,35,49,85.0,911.0,77435.0,2026-03-09
2026030904000377,SHEL,48,58,10.0,330.0,3300.0,2026-03-09
2026030904000376,SHEL,48,43,490.0,330.0,161700.0,2026-03-09
2026030905000384,SMJC,57,57,10.0,483.4,4834.0,2026-03-09
2026030904000375,HURJA,74,32,10.0,287.0,2870.0,2026-03-09
2026030905000383,BGWT,38,60,10.0,796.0,7960.0,2026-03-09
2026030905000382,BGWT,38,49,34.0,796.0,27064.0,2026-03-09
2026030905000381,CHDC,50,1,10.0,2637.2,26372.0,2026-03-09
2026030904000374,NGPL,49,43,1000.0,458.0,458000.0,2026-03-09
2026030905000380,PHCL,44,34,320.0,317.0,101440.0,2026-03-09
2026030905000379,PHCL,49,34,50.0,320.0,16000.0,2026-03-09
2026030905000378,PHCL,41,34,300.0,322.0,96600.0,2026-03-09
2026030904000373,RHPL,58,58,10.0,310.4,3104.0,2026-03-09
2026030904000372,AKPL,58,81,10.0,289.4,2894.0,2026-03-09
2026030905000377,USHL,34,32,10.0,759.0,7590.0,2026-03-09
2026030904000371,KKHC,42,32,295.0,318.0,93810.0,2026-03-09
2026030904000370,KKHC,42,46,10.0,318.0,3180.0,2026-03-09
2026030904000369,KKHC,42,51,100.0,317.0,31700.0,2026-03-09
2026030904000368,KKHC,42,58,595.0,317.0,188615.0,2026-03-09
2026030904000367,API,55,13,10.0,336.2,3362.0,2026-03-09
2026030904000366,API,55,25,60.0,336.0,20160.0,2026-03-09
2026030904000365,SHEL,18,43,10.0,330.0,3300.0,2026-03-09
2026030904000364,API,62,25,500.0,336.0,168000.0,2026-03-09
2026030905000376,HRL,35,57,15.0,911.0,13665.0,2026-03-09
2026030901000332,TTL,54,41,100.0,992.0,99200.0,2026-03-09
2026030904000363,HPPL,49,36,100.0,500.0,50000.0,2026-03-09
2026030904000362,SJCL,36,38,50.0,317.1,15855.0,2026-03-09
2026030904000361,UMHL,51,72,10.0,655.0,6550.0,2026-03-09
2026030903000219,GUFL,89,60,42.0,591.9,24859.8,2026-03-09
2026030901000331,SYPNL,17,60,10.0,2000.0,20000.0,2026-03-09
2026030903000218,SIFC,17,42,10.0,616.7,6167.0,2026-03-09
2026030904000360,UNHPL,44,56,500.0,510.0,255000.0,2026-03-09
2026030903000217,NLIC,34,57,366.0,797.0,291702.0,2026-03-09
2026030903000216,NLIC,21,57,20.0,800.0,16000.0,2026-03-09
2026030903000215,NLIC,52,57,150.0,800.0,120000.0,2026-03-09
2026030903000214,NLIC,3,57,310.0,800.0,248000.0,2026-03-09
2026030903000213,NLIC,49,57,490.0,812.5,398125.0,2026-03-09
2026030903000212,NLIC,62,57,34.0,828.0,28152.0,2026-03-09
2026030903000211,NLIC,49,57,500.0,828.7,414350.0,2026-03-09
2026030903000210,NLIC,38,57,130.0,828.7,107731.0,2026-03-09
2026030901000330,SYPNL,65,60,20.0,2000.0,40000.0,2026-03-09
2026030904000359,NGPL,34,43,200.0,458.0,91600.0,2026-03-09
2026030905000375,ENL,57,80,10.0,953.7,9537.0,2026-03-09
2026030903000209,SINDU,34,22,10.0,780.0,7800.0,2026-03-09
2026030903000208,HLI,55,22,10.0,390.0,3900.0,2026-03-09
2026030904000358,UPCL,77,17,10.0,408.0,4080.0,2026-03-09
2026030904000357,UPCL,77,59,100.0,408.0,40800.0,2026-03-09
2026030905000374,SGHC,58,42,50.0,416.6,20830.0,2026-03-09
2026030905000373,SAHAS,58,76,10.0,612.7,6127.0,2026-03-09
2026030905000372,RAWA,38,25,10.0,736.4,7364.0,2026-03-09
2026030904000356,AKPL,49,8,1000.0,289.4,289400.0,2026-03-09
2026030903000207,RLFL,14,52,90.0,488.0,43920.0,2026-03-09
2026030901000329,SAIL,34,35,10.0,1443.3,14433.0,2026-03-09
2026030904000355,BPCL,39,16,500.0,770.1,385050.0,2026-03-09
2026030904000354,BPCL,39,62,10.0,770.0,7700.0,2026-03-09
2026030904000353,BPCL,39,45,50.0,762.0,38100.0,2026-03-09
2026030903000206,MLBL,77,57,200.0,390.0,78000.0,2026-03-09
2026030904000352,BPCL,82,34,800.0,760.0,608000.0,2026-03-09
2026030904000351,API,62,25,80.0,336.0,26880.0,2026-03-09
2026030903000205,JBBL,58,44,10.0,352.6,3526.0,2026-03-09
2026030904000350,AKJCL,6,96,500.0,405.0,202500.0,2026-03-09
2026030901000328,HIMSTAR,3,32,55.0,1099.0,60445.0,2026-03-09
2026030901000327,HIMSTAR,3,95,10.0,1099.0,10990.0,2026-03-09
2026030901000326,HIMSTAR,3,7,435.0,1078.0,468930.0,2026-03-09
2026030904000349,NGPL,48,84,200.0,459.0,91800.0,2026-03-09
2026030904000348,LEC,35,46,2000.0,230.5,461000.0,2026-03-09
2026030903000204,LBBL,51,53,300.0,510.0,153000.0,2026-03-09
2026030904000347,RIDI,48,4,1100.0,330.2,363220.0,2026-03-09
2026030901000325,SAIL,6,34,50.0,1468.0,73400.0,2026-03-09
2026030901000324,SYPNL,56,60,100.0,2000.0,200000.0,2026-03-09
2026030904000346,NGPL,38,84,640.0,459.0,293760.0,2026-03-09
2026030904000345,NGPL,38,33,10.0,459.0,4590.0,2026-03-09
2026030901000323,BHCL,41,39,10.0,628.1,6281.0,2026-03-09
2026030904000344,JOSHI,45,59,200.0,319.0,63800.0,2026-03-09
2026030903000203,KSBBL,45,57,470.0,486.8,228796.0,2026-03-09
2026030904000343,AKJCL,14,96,300.0,405.0,121500.0,2026-03-09
2026030901000322,SYPNL,25,60,200.0,2000.0,400000.0,2026-03-09
2026030901000321,SYPNL,57,60,200.0,2000.0,400000.0,2026-03-09
2026030901000320,SYPNL,19,60,10.0,2000.0,20000.0,2026-03-09
2026030901000319,SYPNL,83,60,100.0,2000.0,200000.0,2026-03-09
2026030904000342,RHPL,54,58,10.0,310.0,3100.0,2026-03-09
2026030901000318,NIMB,58,38,500.0,206.6,103300.0,2026-03-09
2026030903000202,SINDU,34,58,10.0,780.0,7800.0,2026-03-09
2026030904000341,API,35,25,60.0,336.2,20172.0,2026-03-09
2026030904000340,API,48,25,300.0,336.2,100860.0,2026-03-09
2026030905000371,SHIVM,80,42,200.0,673.0,134600.0,2026-03-09
2026030905000370,SHIVM,80,33,300.0,670.0,201000.0,2026-03-09
2026030901000317,BANDIPUR,49,38,170.0,1023.0,173910.0,2026-03-09
2026030901000316,BANDIPUR,54,38,20.0,1023.0,20460.0,2026-03-09
2026030901000315,ADBL,43,50,10.0,315.0,3150.0,2026-03-09
2026030904000339,UNHPL,59,56,200.0,510.0,102000.0,2026-03-09
2026030901000314,BANDIPUR,38,38,10.0,1023.0,10230.0,2026-03-09
2026030904000338,SPIL,45,43,10.0,738.6,7386.0,2026-03-09
2026030905000369,CKHL,58,96,10.0,738.0,7380.0,2026-03-09
2026030904000337,HURJA,13,50,100.0,282.5,28250.0,2026-03-09
2026030903000201,FOWAD,25,42,73.0,1109.0,80957.0,2026-03-09
2026030904000336,NHPC,54,39,10.0,240.0,2400.0,2026-03-09
2026030901000313,SARBTM,58,62,50.0,924.0,46200.0,2026-03-09
2026030905000368,PHCL,65,32,10.0,322.0,3220.0,2026-03-09
2026030903000200,SWBBL,21,26,30.0,761.8,22854.0,2026-03-09
2026030904000335,NGPL,70,33,500.0,459.0,229500.0,2026-03-09
2026030903000199,MPFL,35,32,10.0,674.0,6740.0,2026-03-09
2026030903000198,SADBL,1,33,10.0,433.5,4335.0,2026-03-09
2026030901000312,SAIL,48,34,140.0,1468.0,205520.0,2026-03-09
2026030901000311,SAIL,48,82,10.0,1468.0,14680.0,2026-03-09
2026030901000310,SAIL,48,32,50.0,1443.3,72165.0,2026-03-09
2026030901000309,SYPNL,37,52,50.0,2000.3,100015.0,2026-03-09
2026030905000367,SMHL,26,16,100.0,496.0,49600.0,2026-03-09
2026030904000334,HURJA,45,59,200.0,282.0,56400.0,2026-03-09
2026030904000333,HPPL,58,41,10.0,498.1,4981.0,2026-03-09
2026030905000366,SGHC,58,42,10.0,416.6,4166.0,2026-03-09
2026030904000332,CHL,45,67,10.0,301.5,3015.0,2026-03-09
2026030904000331,SHPC,52,67,100.0,568.0,56800.0,2026-03-09
2026030904000330,SHPC,45,67,200.0,568.0,113600.0,2026-03-09
2026030904000329,SHPC,34,67,60.0,568.0,34080.0,2026-03-09
2026030904000328,SHPC,52,67,140.0,568.0,79520.0,2026-03-09
2026030904000327,SHPC,32,67,500.0,568.0,284000.0,2026-03-09
2026030905000365,NRIC,50,17,300.0,1352.0,405600.0,2026-03-09
2026030901000308,BUNGAL,58,26,25.0,713.0,17825.0,2026-03-09
2026030905000364,SHIVM,59,33,700.0,670.0,469000.0,2026-03-09
2026030905000363,MKJC,58,38,50.0,569.0,28450.0,2026-03-09
2026030903000197,ALBSL,41,86,280.0,1167.2,326816.0,2026-03-09
2026030901000307,SAIL,58,32,10.0,1443.3,14433.0,2026-03-09
2026030905000362,NTC,3,58,10.0,900.0,9000.0,2026-03-09
2026030903000196,ALBSL,39,38,500.0,1144.4,572200.0,2026-03-09
2026030905000361,NRIC,56,17,490.0,1326.0,649740.0,2026-03-09
2026030905000360,CHDC,65,39,40.0,2637.0,105480.0,2026-03-09
2026030904000326,BPCL,58,34,200.0,760.0,152000.0,2026-03-09
2026030905000359,NRM,58,28,20.0,452.0,9040.0,2026-03-09
2026030904000325,RIDI,48,99,10.0,330.2,3302.0,2026-03-09
2026030901000306,SAIL,38,32,10.0,1460.0,14600.0,2026-03-09
2026030903000195,SADBL,1,21,10.0,433.5,4335.0,2026-03-09
2026030901000305,PCBL,1,22,10.0,251.9,2519.0,2026-03-09
2026030901000304,HBL,49,51,10.0,204.0,2040.0,2026-03-09
2026030903000194,JBBL,58,51,10.0,352.6,3526.0,2026-03-09
2026030903000193,DDBL,17,22,24.0,876.1,21026.4,2026-03-09
2026030903000192,NMLBBL,58,44,10.0,639.0,6390.0,2026-03-09
2026030903000191,NLIC,62,47,66.0,828.0,54648.0,2026-03-09
2026030904000324,RADHI,38,74,620.0,926.0,574120.0,2026-03-09
2026030904000323,RADHI,38,34,1380.0,926.0,1277880.0,2026-03-09
2026030904000322,NGPL,44,33,50.0,459.0,22950.0,2026-03-09
2026030904000321,AKJCL,38,96,500.0,405.0,202500.0,2026-03-09
2026030904000320,AKJCL,17,35,100.0,400.0,40000.0,2026-03-09
2026030905000358,MKJC,48,38,10.0,569.0,5690.0,2026-03-09
2026030905000357,BHPL,14,39,20.0,603.0,12060.0,2026-03-09
2026030903000190,MFIL,38,40,100.0,896.0,89600.0,2026-03-09
2026030904000319,AKJCL,44,48,500.0,400.0,200000.0,2026-03-09
2026030905000356,NRIC,62,17,10.0,1326.0,13260.0,2026-03-09
2026030905000355,DORDI,55,7,10.0,294.3,2943.0,2026-03-09
2026030904000318,AHPC,51,43,350.0,310.0,108500.0,2026-03-09
2026030904000317,UNHPL,84,68,786.0,507.0,398502.0,2026-03-09
2026030904000316,UNHPL,25,68,214.0,510.0,109140.0,2026-03-09
2026030903000189,CORBL,65,13,10.0,1656.2,16562.0,2026-03-09
2026030905000354,BHDC,56,43,100.0,503.4,50340.0,2026-03-09
2026030904000315,HDHPC,6,34,10.0,211.0,2110.0,2026-03-09
2026030904000314,MEN,64,58,300.0,623.0,186900.0,2026-03-09
2026030903000188,MFIL,50,26,500.0,880.0,440000.0,2026-03-09
2026030903000187,PROFL,45,95,200.0,499.0,99800.0,2026-03-09
2026030904000313,RADHI,49,34,20.0,926.0,18520.0,2026-03-09
2026030904000312,NGPL,49,33,500.0,459.0,229500.0,2026-03-09
2026030905000353,MEL,29,36,300.0,301.9,90570.0,2026-03-09
2026030905000352,RAWA,45,6,10.0,736.4,7364.0,2026-03-09
2026030904000311,UPPER,38,62,10.0,201.1,2011.0,2026-03-09
2026030905000351,SONA,58,35,10.0,453.5,4535.0,2026-03-09
2026030904000310,AHPC,51,16,10.0,310.0,3100.0,2026-03-09
2026030904000309,AHPC,51,91,10.0,310.0,3100.0,2026-03-09
2026030903000186,LBBL,50,32,90.0,514.0,46260.0,2026-03-09
2026030904000308,NGPL,77,33,200.0,459.0,91800.0,2026-03-09
2026030905000350,NRIC,67,17,500.0,1326.0,663000.0,2026-03-09
2026030904000307,UNHPL,25,56,86.0,510.0,43860.0,2026-03-09
2026030905000349,MCHL,17,63,180.0,438.4,78912.0,2026-03-09
2026030905000348,SHIVM,39,42,100.0,673.0,67300.0,2026-03-09
2026030905000347,SHIVM,91,42,100.0,673.0,67300.0,2026-03-09
2026030903000185,SADBL,1,58,10.0,433.5,4335.0,2026-03-09
2026030905000346,MHL,1,22,500.0,546.0,273000.0,2026-03-09
2026030905000345,HRL,49,42,10.0,901.0,9010.0,2026-03-09
2026030901000303,SAIL,48,46,10.0,1443.3,14433.0,2026-03-09
2026030903000184,PROFL,58,57,10.0,499.8,4998.0,2026-03-09
2026030901000302,HIDCLP,59,22,2000.0,210.9,421800.0,2026-03-09
2026030904000306,KKHC,48,58,500.0,317.0,158500.0,2026-03-09
2026030904000305,RURU,26,26,10.0,695.8,6958.0,2026-03-09
2026030903000183,NMLBBL,58,80,10.0,650.0,6500.0,2026-03-09
2026030904000304,BARUN,34,50,900.0,377.0,339300.0,2026-03-09
2026030904000303,BARUN,34,58,110.0,375.0,41250.0,2026-03-09
2026030904000302,UMRH,58,65,10.0,593.0,5930.0,2026-03-09
2026030905000344,BBC,45,55,10.0,4807.2,48072.0,2026-03-09
2026030904000301,NGPL,83,33,200.0,459.0,91800.0,2026-03-09
2026030901000301,HIMSTAR,49,7,100.0,1078.0,107800.0,2026-03-09
2026030901000300,SARBTM,54,62,100.0,924.0,92400.0,2026-03-09
2026030905000343,MBJC,58,94,10.0,323.0,3230.0,2026-03-09
2026030904000300,SHEL,45,35,280.0,324.0,90720.0,2026-03-09
2026030904000299,KKHC,65,58,200.0,317.0,63400.0,2026-03-09
2026030905000342,HATHY,49,94,10.0,956.0,9560.0,2026-03-09
2026030905000341,NIFRA,62,58,54.0,278.5,15039.0,2026-03-09
2026030903000182,MLBL,4,57,865.0,383.5,331727.5,2026-03-09
2026030903000181,MLBL,48,57,100.0,384.0,38400.0,2026-03-09
2026030903000180,MLBL,58,57,1035.0,385.0,398475.0,2026-03-09
2026030903000179,DDBL,17,65,10.0,876.1,8761.0,2026-03-09
2026030905000340,BBC,45,32,10.0,4807.2,48072.0,2026-03-09
2026030901000299,CZBIL,40,49,608.0,206.9,125795.2,2026-03-09
2026030901000298,CZBIL,60,49,10.0,206.9,2069.0,2026-03-09
2026030905000339,NRM,49,34,200.0,451.0,90200.0,2026-03-09
2026030905000338,SPL,92,96,10.0,749.0,7490.0,2026-03-09
2026030901000297,NBL,21,34,570.0,266.0,151620.0,2026-03-09
2026030901000296,NBL,21,39,280.0,265.9,74452.0,2026-03-09
2026030903000178,FMDBL,60,58,10.0,849.0,8490.0,2026-03-09
2026030901000295,CREST,58,62,10.0,1503.1,15031.0,2026-03-09
2026030901000294,CREST,58,43,35.0,1503.0,52605.0,2026-03-09
2026030901000293,CREST,58,51,190.0,1474.0,280060.0,2026-03-09
2026030901000292,HIMSTAR,59,7,90.0,1078.0,97020.0,2026-03-09
2026030905000337,NRM,45,34,200.0,451.0,90200.0,2026-03-09
2026030905000336,GCIL,37,55,10.0,442.6,4426.0,2026-03-09
2026030905000335,SHIVM,6,33,250.0,665.0,166250.0,2026-03-09
2026030905000334,TPC,42,39,10.0,406.7,4067.0,2026-03-09
2026030904000298,PMHPL,54,96,30.0,395.2,11856.0,2026-03-09
2026030905000333,SMHL,57,49,900.0,487.0,438300.0,2026-03-09
2026030905000332,SMHL,42,49,100.0,487.3,48730.0,2026-03-09
2026030905000331,UHEWA,43,50,50.0,593.0,29650.0,2026-03-09
2026030905000330,UHEWA,42,50,50.0,593.0,29650.0,2026-03-09
2026030903000177,GMFBS,41,58,20.0,1448.4,28968.0,2026-03-09
2026030901000291,LSL,67,22,10.0,222.5,2225.0,2026-03-09
2026030905000329,SGHC,34,58,10.0,414.4,4144.0,2026-03-09
2026030901000290,NBL,45,56,10.0,265.0,2650.0,2026-03-09
2026030905000328,BHPL,34,39,50.0,603.1,30155.0,2026-03-09
2026030905000327,BHPL,11,39,30.0,603.1,18093.0,2026-03-09
2026030905000326,NYADI,58,53,10.0,413.1,4131.0,2026-03-09
2026030901000289,SYPNL,51,17,150.0,2040.0,306000.0,2026-03-09
2026030904000297,SHEL,18,35,10.0,324.0,3240.0,2026-03-09
2026030903000176,RLFL,89,52,10.0,488.0,4880.0,2026-03-09
2026030901000288,SYPNL,51,48,10.0,2040.0,20400.0,2026-03-09
2026030901000287,SYPNL,51,58,50.0,2000.0,100000.0,2026-03-09
2026030901000286,SYPNL,51,48,10.0,2000.0,20000.0,2026-03-09
2026030901000285,SYPNL,51,19,500.0,2000.0,1000000.0,2026-03-09
2026030901000284,SYPNL,51,76,280.0,2000.0,560000.0,2026-03-09
2026030904000296,NGPL,48,33,300.0,459.0,137700.0,2026-03-09
2026030904000295,HDHPC,6,44,10.0,211.0,2110.0,2026-03-09
2026030904000294,GLH,58,49,100.0,280.9,28090.0,2026-03-09
2026030901000283,SBI,13,44,300.0,425.0,127500.0,2026-03-09
2026030905000325,PHCL,19,19,100.0,316.2,31620.0,2026-03-09
2026030905000324,BHPL,11,34,10.0,603.1,6031.0,2026-03-09
2026030905000323,PPL,14,28,100.0,407.7,40770.0,2026-03-09
2026030903000175,MDB,60,48,100.0,692.0,69200.0,2026-03-09
2026030904000293,SPDL,41,58,10.0,419.2,4192.0,2026-03-09
2026030904000292,SPDL,41,58,10.0,419.2,4192.0,2026-03-09
2026030903000174,NFS,34,86,200.0,656.8,131360.0,2026-03-09
2026030905000322,MKJC,58,57,70.0,559.0,39130.0,2026-03-09
2026030901000282,KBL,64,22,318.0,207.7,66048.6,2026-03-09
2026030901000281,KBL,26,22,56.0,207.7,11631.2,2026-03-09
2026030901000280,KBL,50,22,1000.0,207.7,207700.0,2026-03-09
2026030901000279,KBL,8,22,1000.0,207.7,207700.0,2026-03-09
2026030901000278,KBL,42,22,450.0,207.7,93465.0,2026-03-09
2026030901000277,KBL,48,22,150.0,207.7,31155.0,2026-03-09
2026030904000291,NGPL,34,33,100.0,459.0,45900.0,2026-03-09
2026030901000276,GMLI,45,58,10.0,1839.0,18390.0,2026-03-09
2026030905000321,TSHL,38,28,79.0,771.1,60916.9,2026-03-09
2026030905000320,TSHL,62,28,10.0,771.1,7711.0,2026-03-09
2026030905000319,TSHL,64,28,11.0,771.1,8482.1,2026-03-09
2026030904000290,AKJCL,58,91,10.0,407.0,4070.0,2026-03-09
2026030903000173,ALBSL,54,86,20.0,1167.2,23344.0,2026-03-09
2026030904000289,MEN,34,58,100.0,623.0,62300.0,2026-03-09
2026030904000288,SHEL,42,35,200.0,324.0,64800.0,2026-03-09
2026030905000318,NRIC,29,57,10.0,1326.0,13260.0,2026-03-09
2026030901000275,NBL,44,34,250.0,266.0,66500.0,2026-03-09
2026030901000274,CREST,38,51,20.0,1474.0,29480.0,2026-03-09
2026030901000273,SYPNL,43,76,100.0,2000.0,200000.0,2026-03-09
2026030904000287,AKJCL,94,91,500.0,407.0,203500.0,2026-03-09
2026030904000286,RADHI,34,34,100.0,926.0,92600.0,2026-03-09
2026030901000272,NIMB,99,16,10.0,202.6,2026.0,2026-03-09
2026030904000285,GHL,58,45,10.0,251.2,2512.0,2026-03-09
2026030901000271,NABIL,58,40,10.0,524.0,5240.0,2026-03-09
2026030905000317,RNLI,62,57,10.0,500.0,5000.0,2026-03-09
2026030905000316,SHIVM,48,33,800.0,665.0,532000.0,2026-03-09
2026030904000284,NHPC,58,29,10.0,240.0,2400.0,2026-03-09
2026030905000315,HIDCL,52,43,200.0,277.1,55420.0,2026-03-09
2026030905000314,SMHL,43,82,315.0,487.0,153405.0,2026-03-09
2026030901000270,NBL,45,5,50.0,265.0,13250.0,2026-03-09
2026030901000269,HIMSTAR,49,7,25.0,1078.0,26950.0,2026-03-09
2026030905000313,SHIVM,42,33,200.0,665.0,133000.0,2026-03-09
2026030901000268,TTL,58,14,200.0,973.0,194600.0,2026-03-09
2026030903000172,LBBL,50,52,10.0,514.0,5140.0,2026-03-09
2026030905000312,CHDC,46,62,100.0,2600.0,260000.0,2026-03-09
2026030904000283,MEN,6,58,500.0,623.0,311500.0,2026-03-09
2026030905000311,MKJC,48,57,10.0,559.0,5590.0,2026-03-09
2026030904000282,UNHPL,61,56,1000.0,510.0,510000.0,2026-03-09
2026030905000310,CHDC,16,59,200.0,2637.0,527400.0,2026-03-09
2026030905000309,SMHL,33,82,1000.0,487.0,487000.0,2026-03-09
2026030905000308,SMHL,35,82,1000.0,487.0,487000.0,2026-03-09
2026030905000307,MBJC,58,58,10.0,318.2,3182.0,2026-03-09
2026030901000267,BUNGAL,45,58,10.0,699.1,6991.0,2026-03-09
2026030903000171,CORBL,41,13,25.0,1656.2,41405.0,2026-03-09
2026030904000281,PMHPL,19,78,500.0,396.0,198000.0,2026-03-09
2026030905000306,NRIC,57,57,90.0,1326.0,119340.0,2026-03-09
2026030905000305,NRIC,57,62,10.0,1326.0,13260.0,2026-03-09
2026030905000304,MHCL,62,58,140.0,375.3,52542.0,2026-03-09
2026030905000303,MHCL,58,58,50.0,375.3,18765.0,2026-03-09
2026030901000266,SYPNL,58,76,50.0,2000.0,100000.0,2026-03-09
2026030904000280,NGPL,46,33,500.0,459.0,229500.0,2026-03-09
2026030905000302,NRN,16,38,10.0,1614.6,16146.0,2026-03-09
2026030903000170,MDB,57,46,50.0,679.3,33965.0,2026-03-09
2026030903000169,MDB,57,91,20.0,679.3,13586.0,2026-03-09
2026030905000301,SANVI,45,45,10.0,872.8,8728.0,2026-03-09
2026030905000300,SMHL,48,82,2000.0,487.0,974000.0,2026-03-09
2026030901000265,CREST,52,51,300.0,1474.0,442200.0,2026-03-09
2026030904000279,AKJCL,48,91,10.0,407.0,4070.0,2026-03-09
2026030905000299,PHCL,19,32,10.0,316.0,3160.0,2026-03-09
2026030901000264,SYPNL,42,76,30.0,2000.0,60000.0,2026-03-09
2026030904000278,API,34,53,100.0,329.7,32970.0,2026-03-09
2026030904000277,RADHI,16,39,10.0,908.0,9080.0,2026-03-09
2026030901000263,SAIL,48,60,10.0,1443.3,14433.0,2026-03-09
2026030901000262,SAIL,48,56,100.0,1443.0,144300.0,2026-03-09
2026030905000298,STC,51,39,15.0,6171.0,92565.0,2026-03-09
2026030904000276,KKHC,58,58,45.0,317.0,14265.0,2026-03-09
2026030904000275,UPCL,67,59,100.0,400.0,40000.0,2026-03-09
2026030905000297,SMATA,35,58,60.0,820.2,49212.0,2026-03-09
2026030901000261,NBL,45,34,1100.0,266.0,292600.0,2026-03-09
2026030904000274,UPPER,49,62,10.0,197.2,1972.0,2026-03-09
2026030903000168,RLFL,92,52,10.0,478.5,4785.0,2026-03-09
2026030904000273,NGPL,28,33,2000.0,459.0,918000.0,2026-03-09
2026030901000260,SYPNL,41,26,10.0,1970.0,19700.0,2026-03-09
2026030901000259,NWCL,48,64,10.0,924.0,9240.0,2026-03-09
2026030904000272,RADHI,16,39,1000.0,908.0,908000.0,2026-03-09
2026030904000271,API,34,8,225.0,329.7,74182.5,2026-03-09
2026030904000270,API,45,8,50.0,329.7,16485.0,2026-03-09
2026030904000269,MEN,83,58,100.0,623.0,62300.0,2026-03-09
2026030903000167,MFIL,49,40,90.0,896.0,80640.0,2026-03-09
2026030901000258,SARBTM,13,62,132.0,924.0,121968.0,2026-03-09
2026030904000268,CGH,42,74,10.0,870.7,8707.0,2026-03-09
2026030904000267,HURJA,45,35,10.0,282.0,2820.0,2026-03-09
2026030903000166,KSBBL,94,57,630.0,477.3,300699.0,2026-03-09
2026030903000165,KSBBL,26,57,10.0,477.3,4773.0,2026-03-09
2026030903000164,KSBBL,58,57,50.0,477.3,23865.0,2026-03-09
2026030903000163,KSBBL,58,57,210.0,477.3,100233.0,2026-03-09
2026030903000162,KSBBL,57,57,100.0,477.3,47730.0,2026-03-09
2026030905000296,DOLTI,58,43,10.0,520.2,5202.0,2026-03-09
2026030901000257,NBL,57,34,80.0,266.2,21296.0,2026-03-09
2026030905000295,MBJC,58,58,10.0,318.0,3180.0,2026-03-09
2026030905000294,SHIVM,64,33,750.0,670.5,502875.0,2026-03-09
2026030904000266,NGPL,34,33,440.0,459.0,201960.0,2026-03-09
2026030904000265,NGPL,34,33,560.0,458.0,256480.0,2026-03-09
2026030904000264,HDHPC,37,42,10.0,210.0,2100.0,2026-03-09
2026030904000263,NGPL,46,33,150.0,458.0,68700.0,2026-03-09
2026030905000293,HDL,64,41,80.0,1205.5,96440.0,2026-03-09
2026030905000292,HDL,38,41,20.0,1205.5,24110.0,2026-03-09
2026030905000291,SHIVM,64,56,100.0,670.0,67000.0,2026-03-09
2026030905000290,SHIVM,64,99,10.0,670.0,6700.0,2026-03-09
2026030905000289,SHIVM,64,33,140.0,660.0,92400.0,2026-03-09
2026030901000256,SYPNL,21,76,400.0,2000.0,800000.0,2026-03-09
2026030904000262,NGPL,68,33,250.0,458.0,114500.0,2026-03-09
2026030901000255,SYPNL,8,76,30.0,2000.0,60000.0,2026-03-09
2026030904000261,AHPC,7,57,1000.0,304.8,304800.0,2026-03-09
2026030904000260,AKPL,17,81,10.0,283.8,2838.0,2026-03-09
2026030901000254,NBL,57,49,20.0,266.2,5324.0,2026-03-09
2026030904000259,GHL,58,39,10.0,251.2,2512.0,2026-03-09
2026030901000253,SYPNL,58,76,50.0,2000.0,100000.0,2026-03-09
2026030901000252,SAGAR,8,57,25.0,2090.0,52250.0,2026-03-09
2026030905000288,CKHL,58,41,100.0,751.7,75170.0,2026-03-09
2026030904000258,NGPL,19,33,40.0,458.0,18320.0,2026-03-09
2026030903000161,MFIL,35,35,10.0,896.0,8960.0,2026-03-09
2026030905000287,SMHL,42,82,45.0,487.0,21915.0,2026-03-09
2026030904000257,UPCL,90,17,10.0,401.5,4015.0,2026-03-09
2026030904000256,UPCL,90,29,10.0,401.0,4010.0,2026-03-09
2026030904000255,SHEL,49,35,10.0,324.0,3240.0,2026-03-09
2026030905000286,SHIVM,16,33,50.0,660.0,33000.0,2026-03-09
2026030904000254,API,45,75,50.0,329.7,16485.0,2026-03-09
2026030901000251,DHEL,14,95,10.0,765.0,7650.0,2026-03-09
2026030905000285,MBJC,58,58,10.0,312.0,3120.0,2026-03-09
2026030905000284,SHIVM,45,33,210.0,660.0,138600.0,2026-03-09
2026030905000283,NRIC,40,45,100.0,1326.0,132600.0,2026-03-09
2026030903000160,SHINE,6,58,10.0,426.0,4260.0,2026-03-09
2026030904000253,AHPC,7,16,10.0,304.0,3040.0,2026-03-09
2026030904000252,BPCL,57,67,100.0,755.0,75500.0,2026-03-09
2026030904000251,NGPL,34,33,200.0,459.0,91800.0,2026-03-09
2026030903000159,HLI,58,22,100.0,385.2,38520.0,2026-03-09
2026030901000250,MBL,58,22,10.0,245.7,2457.0,2026-03-09
2026030901000249,MBL,58,11,250.0,245.7,61425.0,2026-03-09
2026030901000248,MBL,58,58,10.0,245.0,2450.0,2026-03-09
2026030905000282,MEHL,7,65,10.0,462.9,4629.0,2026-03-09
2026030904000250,AKJCL,42,94,20.0,408.0,8160.0,2026-03-09
2026030904000249,NESDO,74,50,10.0,1575.9,15759.0,2026-03-09
2026030903000158,ILBS,41,62,70.0,967.7,67739.0,2026-03-09
2026030904000248,NGPL,5,52,500.0,450.0,225000.0,2026-03-09
2026030904000247,NGPL,43,52,500.0,451.3,225650.0,2026-03-09
2026030903000157,KSBBL,57,57,400.0,477.3,190920.0,2026-03-09
2026030903000156,KSBBL,62,57,500.0,477.3,238650.0,2026-03-09
2026030903000155,KSBBL,74,57,200.0,477.3,95460.0,2026-03-09
2026030903000154,KSBBL,47,57,200.0,477.3,95460.0,2026-03-09
2026030903000153,KSBBL,34,57,200.0,477.3,95460.0,2026-03-09
2026030903000152,KSBBL,41,57,500.0,477.3,238650.0,2026-03-09
2026030904000246,PMHPL,71,11,500.0,395.5,197750.0,2026-03-09
2026030904000245,AKJCL,8,94,500.0,408.0,204000.0,2026-03-09
2026030904000244,AKJCL,41,94,1200.0,408.0,489600.0,2026-03-09
2026030904000243,KKHC,46,8,50.0,312.0,15600.0,2026-03-09
2026030905000281,SMHL,6,82,1000.0,487.0,487000.0,2026-03-09
2026030905000280,CKHL,17,41,10.0,751.7,7517.0,2026-03-09
2026030905000279,CKHL,17,57,10.0,737.4,7374.0,2026-03-09
2026030901000247,BANDIPUR,49,38,10.0,1003.9,10039.0,2026-03-09
2026030905000278,NRIC,64,36,100.0,1300.0,130000.0,2026-03-09
2026030905000277,NRIC,64,42,250.0,1300.0,325000.0,2026-03-09
2026030904000242,KKHC,72,58,10.0,317.0,3170.0,2026-03-09
2026030905000276,MBJC,58,58,10.0,306.2,3062.0,2026-03-09
2026030903000151,MDB,42,91,100.0,679.3,67930.0,2026-03-09
2026030904000241,PMHPL,41,78,100.0,396.0,39600.0,2026-03-09
2026030904000240,UNHPL,34,56,79.0,510.0,40290.0,2026-03-09
2026030904000239,RADHI,16,62,23.0,908.0,20884.0,2026-03-09
2026030904000238,BARUN,58,50,10.0,370.3,3703.0,2026-03-09
2026030901000246,SRLI,57,52,10.0,412.1,4121.0,2026-03-09
2026030905000275,SHIVM,59,33,200.0,660.0,132000.0,2026-03-09
2026030901000245,SYPNL,17,76,60.0,2000.0,120000.0,2026-03-09
2026030905000274,SMHL,26,82,100.0,487.0,48700.0,2026-03-09
2026030903000150,EDBL,58,58,20.0,656.0,13120.0,2026-03-09
2026030901000244,CREST,47,51,100.0,1474.0,147400.0,2026-03-09
2026030905000273,SHIVM,34,33,400.0,660.0,264000.0,2026-03-09
2026030905000272,MBJC,58,58,10.0,306.0,3060.0,2026-03-09
2026030904000237,AKJCL,34,94,1100.0,408.0,448800.0,2026-03-09
2026030905000271,SMHL,1,82,500.0,487.0,243500.0,2026-03-09
2026030903000149,NFS,34,42,10.0,656.8,6568.0,2026-03-09
2026030901000243,HIMSTAR,3,95,10.0,1078.0,10780.0,2026-03-09
2026030904000236,MEN,90,58,1000.0,623.0,623000.0,2026-03-09
2026030904000235,KKHC,72,58,10.0,318.0,3180.0,2026-03-09
2026030903000148,GLBSL,43,71,10.0,1978.0,19780.0,2026-03-09
2026030903000147,GLBSL,43,42,10.0,1978.0,19780.0,2026-03-09
2026030901000242,MABEL,33,59,100.0,800.0,80000.0,2026-03-09
2026030904000234,GLH,58,49,1000.0,275.4,275400.0,2026-03-09
2026030905000270,NRIC,26,42,1000.0,1300.0,1300000.0,2026-03-09
2026030903000146,FMDBL,83,58,10.0,833.0,8330.0,2026-03-09
2026030901000241,SCB,36,8,10.0,676.2,6762.0,2026-03-09
2026030904000233,UNHPL,45,56,485.0,510.0,247350.0,2026-03-09
2026030904000232,UNHPL,48,56,350.0,516.0,180600.0,2026-03-09
2026030903000145,EDBL,58,58,20.0,644.0,12880.0,2026-03-09
2026030903000144,KSBBL,34,57,30.0,486.8,14604.0,2026-03-09
2026030904000231,JOSHI,84,34,10.0,313.1,3131.0,2026-03-09
2026030904000230,AKJCL,35,94,1000.0,408.0,408000.0,2026-03-09
2026030905000269,HRL,58,64,10.0,893.5,8935.0,2026-03-09
2026030904000229,NHPC,19,39,130.0,235.6,30628.0,2026-03-09
2026030904000228,NHPC,19,8,260.0,235.6,61256.0,2026-03-09
2026030905000268,MKHL,92,34,10.0,816.0,8160.0,2026-03-09
2026030905000267,SGHC,52,58,10.0,408.5,4085.0,2026-03-09
2026030901000240,SYPNL,45,44,50.0,1962.0,98100.0,2026-03-09
2026030905000266,NRIC,55,42,250.0,1300.0,325000.0,2026-03-09
2026030905000265,NRIC,55,17,750.0,1299.0,974250.0,2026-03-09
2026030904000227,UNHPL,48,67,100.0,516.0,51600.0,2026-03-09
2026030901000239,SAGAR,59,34,10.0,2049.1,20491.0,2026-03-09
2026030903000143,NLIC,49,34,10.0,812.5,8125.0,2026-03-09
2026030905000264,NRM,41,48,150.0,444.7,66705.0,2026-03-09
2026030903000142,EDBL,58,58,20.0,632.0,12640.0,2026-03-09
2026030901000238,SARBTM,62,62,450.0,924.8,416160.0,2026-03-09
2026030904000226,BPCL,57,62,10.0,755.0,7550.0,2026-03-09
2026030904000225,RADHI,16,74,1700.0,908.0,1543600.0,2026-03-09
2026030905000263,NRIC,17,17,250.0,1299.0,324750.0,2026-03-09
2026030904000224,NHPC,34,8,200.0,235.6,47120.0,2026-03-09
2026030901000237,HIDCLP,49,22,1000.0,206.8,206800.0,2026-03-09
2026030904000223,RADHI,38,74,200.0,908.0,181600.0,2026-03-09
2026030904000222,PMHPL,58,78,100.0,396.0,39600.0,2026-03-09
2026030905000262,MEL,58,55,10.0,301.9,3019.0,2026-03-09
2026030905000261,MEL,58,53,20.0,300.0,6000.0,2026-03-09
2026030904000221,AKJCL,25,64,500.0,409.0,204500.0,2026-03-09
2026030904000220,AKJCL,71,64,490.0,409.0,200410.0,2026-03-09
2026030904000219,UMRH,29,65,10.0,581.4,5814.0,2026-03-09
2026030905000260,SMHL,58,82,400.0,487.3,194920.0,2026-03-09
2026030905000259,SMHL,58,82,40.0,487.3,19492.0,2026-03-09
2026030903000141,ALICL,16,85,10.0,470.0,4700.0,2026-03-09
2026030904000218,SHL,48,67,100.0,522.0,52200.0,2026-03-09
2026030901000236,SBI,57,36,50.0,425.0,21250.0,2026-03-09
2026030904000217,PMHPL,58,78,100.0,396.0,39600.0,2026-03-09
2026030904000216,UNHPL,48,8,500.0,516.0,258000.0,2026-03-09
2026030905000258,USHL,59,74,50.0,744.3,37215.0,2026-03-09
2026030901000235,SABBL,46,6,10.0,712.8,7128.0,2026-03-09
2026030904000215,AHPC,16,63,10.0,298.9,2989.0,2026-03-09
2026030903000140,MFIL,35,35,10.0,879.0,8790.0,2026-03-09
2026030901000234,TTL,58,14,20.0,954.0,19080.0,2026-03-09
2026030905000257,CLI,55,57,140.0,483.2,67648.0,2026-03-09
2026030905000256,CLI,26,57,10.0,483.2,4832.0,2026-03-09
2026030905000255,CLI,19,57,100.0,483.2,48320.0,2026-03-09
2026030905000254,CLI,13,57,250.0,483.2,120800.0,2026-03-09
2026030905000253,CLI,62,57,500.0,483.2,241600.0,2026-03-09
2026030903000139,FMDBL,34,58,10.0,833.0,8330.0,2026-03-09
2026030901000233,CREST,34,51,100.0,1474.0,147400.0,2026-03-09
2026030905000252,SPC,52,41,10.0,511.0,5110.0,2026-03-09
2026030904000214,RHPL,36,58,10.0,304.0,3040.0,2026-03-09
2026030905000251,MKJC,52,57,10.0,559.0,5590.0,2026-03-09
2026030904000213,NGPL,7,33,10.0,451.0,4510.0,2026-03-09
2026030901000232,CREST,59,51,290.0,1474.0,427460.0,2026-03-09
2026030901000231,CREST,59,62,10.0,1474.0,14740.0,2026-03-09
2026030904000212,SHEL,45,35,100.0,317.7,31770.0,2026-03-09
2026030904000211,NGPL,5,33,10.0,450.0,4500.0,2026-03-09
2026030904000210,JOSHI,19,34,50.0,307.0,15350.0,2026-03-09
2026030904000209,KKHC,46,72,10.0,312.0,3120.0,2026-03-09
2026030904000208,KKHC,46,58,34.0,306.5,10421.0,2026-03-09
2026030901000230,HIDCLP,57,8,490.0,206.8,101332.0,2026-03-09
2026030904000207,CHL,35,67,10.0,295.6,2956.0,2026-03-09
2026030904000206,HPPL,58,34,10.0,498.1,4981.0,2026-03-09
2026030905000250,RHGCL,58,58,10.0,297.5,2975.0,2026-03-09
2026030901000229,HIDCLP,57,8,500.0,206.8,103400.0,2026-03-09
2026030903000138,EDBL,50,58,20.0,620.0,12400.0,2026-03-09
2026030904000205,RIDI,58,49,10.0,323.8,3238.0,2026-03-09
2026030904000204,PMHPL,71,62,195.0,395.5,77122.5,2026-03-09
2026030901000228,HIMSTAR,48,48,10.0,1057.0,10570.0,2026-03-09
2026030904000203,NGPL,5,69,500.0,450.0,225000.0,2026-03-09
2026030903000137,PROFL,58,57,10.0,490.0,4900.0,2026-03-09
2026030904000202,NHPC,6,8,20.0,235.6,4712.0,2026-03-09
2026030904000201,RADHI,34,74,100.0,908.0,90800.0,2026-03-09
2026030904000200,UPCL,49,29,10.0,393.7,3937.0,2026-03-09
2026030903000136,MPFL,7,32,10.0,660.9,6609.0,2026-03-09
2026030905000249,MKJC,48,57,10.0,559.0,5590.0,2026-03-09
2026030903000135,FOWAD,38,42,100.0,1087.3,108730.0,2026-03-09
2026030905000248,STC,8,39,10.0,6171.0,61710.0,2026-03-09
2026030904000199,UPCL,57,81,10.0,393.0,3930.0,2026-03-09
2026030904000198,UPCL,57,59,10.0,393.0,3930.0,2026-03-09
2026030901000227,HIDCLP,67,8,10.0,206.8,2068.0,2026-03-09
2026030903000134,MERO,47,42,10.0,749.7,7497.0,2026-03-09
2026030903000133,ALBSL,39,86,10.0,1144.4,11444.0,2026-03-09
2026030905000247,NRM,49,34,350.0,444.0,155400.0,2026-03-09
2026030904000197,AHPC,16,91,10.0,298.9,2989.0,2026-03-09
2026030901000226,SAIL,48,74,10.0,1415.0,14150.0,2026-03-09
2026030901000225,SAIL,48,60,10.0,1366.9,13669.0,2026-03-09
2026030905000246,NRM,38,34,50.0,444.0,22200.0,2026-03-09
2026030903000132,MLBSL,60,22,10.0,1907.2,19072.0,2026-03-09
2026030901000224,MABEL,58,59,100.0,785.4,78540.0,2026-03-09
2026030901000223,SARBTM,62,67,50.0,924.8,46240.0,2026-03-09
2026030903000131,MDB,38,91,500.0,679.3,339650.0,2026-03-09
2026030903000130,MDB,57,91,100.0,679.3,67930.0,2026-03-09
2026030903000129,MDB,50,91,80.0,679.3,54344.0,2026-03-09
2026030905000245,TPC,19,39,10.0,398.8,3988.0,2026-03-09
2026030905000244,PHCL,69,32,10.0,310.0,3100.0,2026-03-09
2026030901000222,SYPNL,5,19,100.0,1961.1,196110.0,2026-03-09
2026030903000128,NABBC,20,20,10000.0,1465.0,14650000.0,2026-03-09
2026030903000127,LLBS,33,62,185.0,1016.8,188108.0,2026-03-09
2026030903000126,LLBS,58,62,15.0,1016.8,15252.0,2026-03-09
2026030905000243,NRIC,59,62,10.0,1300.5,13005.0,2026-03-09
2026030904000196,NHPC,45,8,500.0,235.6,117800.0,2026-03-09
2026030904000195,HURJA,58,29,10.0,277.0,2770.0,2026-03-09
2026030901000221,NBL,57,5,50.0,261.0,13050.0,2026-03-09
2026030905000242,MEHL,55,57,65.0,453.9,29503.5,2026-03-09
2026030905000241,MEHL,54,57,50.0,453.9,22695.0,2026-03-09
2026030905000240,MEHL,7,57,20.0,453.9,9078.0,2026-03-09
2026030905000239,MEHL,49,57,300.0,453.9,136170.0,2026-03-09
2026030905000238,MEHL,58,57,85.0,453.9,38581.5,2026-03-09
2026030904000194,NHPC,36,8,20.0,235.6,4712.0,2026-03-09
2026030905000237,SPL,92,96,10.0,735.0,7350.0,2026-03-09
2026030905000236,SHIVM,14,99,10.0,657.4,6574.0,2026-03-09
2026030901000220,DHEL,58,62,10.0,750.6,7506.0,2026-03-09
2026030903000125,RLFL,41,34,10.0,469.2,4692.0,2026-03-09
2026030905000235,TPC,19,25,10.0,398.8,3988.0,2026-03-09
2026030901000219,BHCL,64,95,10.0,615.8,6158.0,2026-03-09
2026030901000218,BNT,33,28,10.0,12035.8,120358.0,2026-03-09
2026030904000193,KKHC,65,58,30.0,306.5,9195.0,2026-03-09
2026030905000234,BHL,57,37,100.0,213.0,21300.0,2026-03-09
2026030905000233,NTC,69,57,38.0,889.4,33797.2,2026-03-09
2026030905000232,NTC,67,57,132.0,889.4,117400.8,2026-03-09
2026030905000231,NTC,6,57,500.0,889.4,444700.0,2026-03-09
2026030905000230,NTC,58,57,10.0,889.4,8894.0,2026-03-09
2026030905000229,NTC,74,57,200.0,889.4,177880.0,2026-03-09
2026030905000228,NTC,58,57,100.0,889.4,88940.0,2026-03-09
2026030905000227,NTC,34,57,20.0,889.4,17788.0,2026-03-09
2026030905000226,MKJC,48,48,10.0,548.7,5487.0,2026-03-09
2026030901000217,CREST,58,34,10.0,1446.0,14460.0,2026-03-09
2026030901000216,CREST,58,44,20.0,1446.0,28920.0,2026-03-09
2026030901000215,CREST,58,44,20.0,1446.0,28920.0,2026-03-09
2026030901000214,CREST,58,45,75.0,1445.9,108442.5,2026-03-09
2026030901000213,CREST,58,28,60.0,1445.0,86700.0,2026-03-09
2026030901000212,CREST,58,45,35.0,1442.0,50470.0,2026-03-09
2026030903000124,LBBL,59,53,200.0,504.0,100800.0,2026-03-09
2026030901000211,SAIL,48,46,10.0,1388.9,13889.0,2026-03-09
2026030901000210,SAIL,48,58,70.0,1388.0,97160.0,2026-03-09
2026030904000192,AKJCL,71,38,10.0,409.0,4090.0,2026-03-09
2026030903000123,MSLB,55,55,10.0,1343.2,13432.0,2026-03-09
2026030905000225,MAKAR,49,14,10.0,552.8,5528.0,2026-03-09
2026030901000209,CREST,58,78,40.0,1440.0,57600.0,2026-03-09
2026030903000122,EDBL,7,58,10.0,608.8,6088.0,2026-03-09
2026030905000224,MEL,10,53,10.0,296.0,2960.0,2026-03-09
2026030901000208,CREST,58,78,170.0,1440.0,244800.0,2026-03-09
2026030904000191,PMHPL,58,62,45.0,396.0,17820.0,2026-03-09
2026030905000223,NTC,74,57,200.0,889.4,177880.0,2026-03-09
2026030905000222,NTC,19,57,50.0,889.4,44470.0,2026-03-09
2026030905000221,NTC,58,57,20.0,889.4,17788.0,2026-03-09
2026030905000220,NTC,41,57,50.0,889.4,44470.0,2026-03-09
2026030905000219,NTC,38,57,500.0,889.4,444700.0,2026-03-09
2026030905000218,NTC,6,57,100.0,889.4,88940.0,2026-03-09
2026030905000217,NTC,14,57,80.0,889.4,71152.0,2026-03-09
2026030901000207,CREST,58,78,90.0,1440.0,129600.0,2026-03-09
2026030904000190,KKHC,46,72,10.0,306.0,3060.0,2026-03-09
2026030904000189,KKHC,58,58,150.0,306.5,45975.0,2026-03-09
2026030904000188,AKJCL,29,62,10.0,409.0,4090.0,2026-03-09
2026030904000187,AKJCL,97,29,10.0,402.3,4023.0,2026-03-09
2026030901000206,HIDCLP,58,58,10.0,202.8,2028.0,2026-03-09
2026030901000205,BUNGAL,58,58,10.0,685.4,6854.0,2026-03-09
2026030904000186,AKJCL,97,29,10.0,394.5,3945.0,2026-03-09
2026030904000185,SPDL,38,58,10.0,411.0,4110.0,2026-03-09
2026030904000184,AKJCL,29,62,10.0,386.8,3868.0,2026-03-09
2026030903000121,PROFL,58,44,60.0,480.4,28824.0,2026-03-09
2026030904000183,AKJCL,29,62,10.0,379.3,3793.0,2026-03-09
2026030903000120,PROFL,53,44,40.0,480.4,19216.0,2026-03-09
2026030901000204,TTL,5,48,10.0,935.3,9353.0,2026-03-09
2026030901000203,PRVU,41,58,150.0,197.8,29670.0,2026-03-09
2026030901000202,SYPNL,95,58,20.0,1922.7,38454.0,2026-03-09
2026030901000201,NABIL,45,53,50.0,514.0,25700.0,2026-03-09
2026030901000200,NABIL,81,53,100.0,514.0,51400.0,2026-03-09
2026030901000199,NABIL,17,53,10.0,514.0,5140.0,2026-03-09
2026030901000198,NABIL,43,53,500.0,514.0,257000.0,2026-03-09
2026030901000197,NABIL,35,53,50.0,514.0,25700.0,2026-03-09
2026030901000196,NABIL,43,53,500.0,514.0,257000.0,2026-03-09
2026030901000195,NABIL,43,53,500.0,514.0,257000.0,2026-03-09
2026030901000194,NABIL,43,53,500.0,514.0,257000.0,2026-03-09
2026030901000193,NABIL,38,53,200.0,514.0,102800.0,2026-03-09
2026030901000192,NABIL,58,53,10.0,514.0,5140.0,2026-03-09
2026030901000191,NABIL,49,53,300.0,514.0,154200.0,2026-03-09
2026030901000190,NABIL,16,53,280.0,514.0,143920.0,2026-03-09
2026030901000189,SRLI,62,48,100.0,404.1,40410.0,2026-03-09
2026030901000188,SCB,20,42,45.0,663.0,29835.0,2026-03-09
2026030901000187,BANDIPUR,49,6,10.0,984.3,9843.0,2026-03-09
2026030901000186,OMPL,50,29,10.0,1366.8,13668.0,2026-03-09
2026030901000185,DHEL,58,34,10.0,750.6,7506.0,2026-03-09
2026030901000184,SARBTM,13,80,68.0,906.7,61655.6,2026-03-09
2026030901000183,SARBTM,57,80,22.0,906.7,19947.4,2026-03-09
2026030901000182,SARBTM,62,80,10.0,906.7,9067.0,2026-03-09
2026030901000181,PRVU,41,21,700.0,197.8,138460.0,2026-03-09
2026030901000180,PRVU,41,29,100.0,197.8,19780.0,2026-03-09
2026030901000179,PRVU,41,29,100.0,197.8,19780.0,2026-03-09
2026030901000178,MKCL,53,57,20.0,1422.7,28454.0,2026-03-09
2026030901000177,SRLI,62,54,11.0,404.1,4445.1,2026-03-09
2026030901000176,PRVU,41,29,100.0,197.8,19780.0,2026-03-09
2026030901000175,KBL,68,65,400.0,203.7,81480.0,2026-03-09
2026030901000174,CITY,58,57,50.0,497.6,24880.0,2026-03-09
2026030901000173,SAGAR,59,49,10.0,2049.1,20491.0,2026-03-09
2026030901000172,KBL,68,65,600.0,203.7,122220.0,2026-03-09
2026030901000171,PURE,33,42,65.0,1015.9,66033.5,2026-03-09
2026030901000170,PURE,58,42,100.0,1015.9,101590.0,2026-03-09
2026030901000169,PURE,53,42,20.0,1015.9,20318.0,2026-03-09
2026030901000168,PURE,8,42,65.0,1015.9,66033.5,2026-03-09
2026030901000167,PRVU,41,29,100.0,197.8,19780.0,2026-03-09
2026030901000166,RSML,62,34,10.0,675.3,6753.0,2026-03-09
2026030901000165,SABBL,62,34,10.0,698.9,6989.0,2026-03-09
2026030901000164,SYPNL,95,58,10.0,1922.7,19227.0,2026-03-09
2026030901000163,SYPNL,95,45,10.0,1922.7,19227.0,2026-03-09
2026030901000162,SYPNL,95,45,10.0,1922.7,19227.0,2026-03-09
2026030901000161,SYPNL,95,55,100.0,1922.7,192270.0,2026-03-09
2026030901000160,SYPNL,95,45,20.0,1922.7,38454.0,2026-03-09
2026030901000159,SYPNL,52,54,10.0,1922.7,19227.0,2026-03-09
2026030901000158,SAIL,48,48,4143.0,1361.7,5641523.1,2026-03-09
2026030901000157,SAIL,52,48,100.0,1361.7,136170.0,2026-03-09
2026030901000156,SAIL,56,48,500.0,1361.7,680850.0,2026-03-09
2026030901000155,SAIL,33,48,142.0,1361.7,193361.4,2026-03-09
2026030901000154,SAIL,48,48,10.0,1361.7,13617.0,2026-03-09
2026030901000153,SAIL,19,48,75.0,1361.7,102127.5,2026-03-09
2026030901000152,SAIL,58,48,30.0,1361.7,40851.0,2026-03-09
2026030901000151,SAIL,58,46,10.0,1361.7,13617.0,2026-03-09
2026030901000150,SAIL,58,59,10.0,1361.7,13617.0,2026-03-09
2026030901000149,JHAPA,56,38,10.0,1499.4,14994.0,2026-03-09
2026030901000148,BANDIPUR,49,40,30.0,984.3,29529.0,2026-03-09
2026030901000147,BANDIPUR,49,32,10.0,984.3,9843.0,2026-03-09
2026030901000146,BANDIPUR,49,59,10.0,984.3,9843.0,2026-03-09
2026030901000145,BUNGAL,59,49,10.0,672.0,6720.0,2026-03-09
2026030901000144,BUNGAL,59,44,100.0,672.0,67200.0,2026-03-09
2026030901000143,BUNGAL,59,44,10.0,672.0,6720.0,2026-03-09
2026030901000142,BUNGAL,59,44,10.0,672.0,6720.0,2026-03-09
2026030901000141,BUNGAL,59,54,5.0,672.0,3360.0,2026-03-09
2026030901000140,BUNGAL,5,54,5.0,672.0,3360.0,2026-03-09
2026030901000139,BUNGAL,5,44,10.0,672.0,6720.0,2026-03-09
2026030901000138,BUNGAL,5,58,10.0,672.0,6720.0,2026-03-09
2026030901000137,SAGAR,59,41,10.0,2049.1,20491.0,2026-03-09
2026030901000136,SAGAR,41,101,10.0,2049.1,20491.0,2026-03-09
2026030901000135,DHEL,58,62,5.0,750.6,3753.0,2026-03-09
2026030901000134,DHEL,74,62,5.0,750.6,3753.0,2026-03-09
2026030901000133,DHEL,74,43,195.0,750.6,146367.0,2026-03-09
2026030901000132,DHEL,45,43,100.0,750.6,75060.0,2026-03-09
2026030901000131,DHEL,34,43,200.0,750.6,150120.0,2026-03-09
2026030901000130,DHEL,42,43,5.0,750.6,3753.0,2026-03-09
2026030901000129,DHEL,42,59,45.0,750.6,33777.0,2026-03-09
2026030901000128,DHEL,4,59,10.0,750.6,7506.0,2026-03-09
2026030901000127,DHEL,19,59,25.0,750.6,18765.0,2026-03-09
2026030901000126,DHEL,34,59,100.0,750.6,75060.0,2026-03-09
2026030901000125,DHEL,41,59,20.0,750.6,15012.0,2026-03-09
2026030901000124,HIMSTAR,5,48,10.0,1036.3,10363.0,2026-03-09
2026030901000123,BHCL,35,62,10.0,603.8,6038.0,2026-03-09
2026030901000122,BHCL,35,14,10.0,603.8,6038.0,2026-03-09
2026030901000121,BHCL,35,13,10.0,603.8,6038.0,2026-03-09
2026030901000120,TTL,5,45,10.0,935.3,9353.0,2026-03-09
2026030901000119,TTL,5,37,20.0,935.3,18706.0,2026-03-09
2026030901000118,PURE,8,97,10.0,1015.9,10159.0,2026-03-09
2026030901000117,PURE,8,19,25.0,1015.9,25397.5,2026-03-09
2026030901000116,CREST,57,91,84.0,1417.9,119103.6,2026-03-09
2026030901000115,CREST,38,91,30.0,1417.9,42537.0,2026-03-09
2026030901000114,CREST,53,91,100.0,1417.9,141790.0,2026-03-09
2026030901000113,CREST,32,91,100.0,1417.9,141790.0,2026-03-09
2026030901000112,CREST,58,91,10.0,1417.9,14179.0,2026-03-09
2026030901000111,CREST,47,91,50.0,1417.9,70895.0,2026-03-09
2026030901000110,CREST,59,91,50.0,1417.9,70895.0,2026-03-09
2026030901000109,CREST,75,91,300.0,1417.9,425370.0,2026-03-09
2026030901000108,CREST,29,91,176.0,1417.9,249550.4,2026-03-09
2026030901000107,CREST,29,91,69.0,1417.9,97835.1,2026-03-09
2026030901000106,CREST,29,78,55.0,1417.9,77984.5,2026-03-09
2026030901000105,CREST,35,78,50.0,1417.9,70895.0,2026-03-09
2026030901000104,CREST,34,78,100.0,1417.9,141790.0,2026-03-09
2026030901000103,NMIC,56,51,20.0,1351.5,27030.0,2026-03-09
2026030901000102,NMIC,56,43,14.0,1351.5,18921.0,2026-03-09
2026030901000101,GMLI,49,45,20.0,1803.0,36060.0,2026-03-09
2026030901000100,NIBLSTF,40,55,100.0,9.38,938.0,2026-03-09
2026030901000099,NWCL,19,43,30.0,905.9,27177.0,2026-03-09
2026030901000098,MKCL,53,50,10.0,1422.7,14227.0,2026-03-09
2026030901000097,MKCL,53,42,10.0,1422.7,14227.0,2026-03-09
2026030901000096,SNLI,62,60,10.0,479.2,4792.0,2026-03-09
2026030901000095,SNLI,62,36,10.0,479.2,4792.0,2026-03-09
2026030901000094,CITY,58,29,140.0,497.6,69664.0,2026-03-09
2026030901000093,CITY,55,29,200.0,497.6,99520.0,2026-03-09
2026030901000092,CITY,1,29,100.0,497.6,49760.0,2026-03-09
2026030901000091,CITY,49,29,10.0,497.6,4976.0,2026-03-09
2026030901000090,CITY,57,29,50.0,497.6,24880.0,2026-03-09
2026030901000089,CITY,57,29,50.0,497.6,24880.0,2026-03-09
2026030901000088,CITY,32,29,250.0,497.6,124400.0,2026-03-09
2026030901000087,CITY,32,98,100.0,497.6,49760.0,2026-03-09
2026030901000086,HIDCLP,1,55,1000.0,198.9,198900.0,2026-03-09
2026030901000085,HIDCLP,1,55,1000.0,198.9,198900.0,2026-03-09
2026030901000084,HIDCLP,1,55,1000.0,198.9,198900.0,2026-03-09
2026030905000216,MMKJL,52,58,57.0,590.5,33658.5,2026-03-09
2026030905000215,MMKJL,26,58,500.0,590.5,295250.0,2026-03-09
2026030905000214,MMKJL,33,58,67.0,590.5,39563.5,2026-03-09
2026030905000213,NTC,14,52,10.0,889.4,8894.0,2026-03-09
2026030905000212,NTC,14,52,10.0,889.4,8894.0,2026-03-09
2026030905000211,BHL,35,52,25.0,208.9,5222.5,2026-03-09
2026030905000210,ILI,68,43,609.0,455.9,277643.1,2026-03-09
2026030905000209,HHL,32,34,200.0,349.7,69940.0,2026-03-09
2026030905000208,HIDCL,52,52,25.0,271.7,6792.5,2026-03-09
2026030905000207,MKJC,48,80,200.0,548.7,109740.0,2026-03-09
2026030905000206,BEDC,38,57,10.0,533.3,5333.0,2026-03-09
2026030905000205,CHDC,59,98,50.0,2585.5,129275.0,2026-03-09
2026030905000204,MKJC,48,80,500.0,548.7,274350.0,2026-03-09
2026030905000203,STC,81,39,10.0,6211.7,62117.0,2026-03-09
2026030905000202,STC,41,39,10.0,6211.8,62118.0,2026-03-09
2026030905000201,STC,42,39,3.0,6211.8,18635.4,2026-03-09
2026030905000200,BHL,35,88,635.0,208.9,132651.5,2026-03-09
2026030905000199,BHL,34,88,10.0,208.9,2089.0,2026-03-09
2026030905000198,BHL,58,88,130.0,208.9,27157.0,2026-03-09
2026030905000197,BHL,44,88,625.0,208.9,130562.5,2026-03-09
2026030905000196,BHL,57,88,100.0,208.9,20890.0,2026-03-09
2026030905000195,BHL,63,88,1500.0,208.9,313350.0,2026-03-09
2026030905000194,CHDC,59,70,79.0,2585.5,204254.5,2026-03-09
2026030905000193,CHDC,39,70,250.0,2585.5,646375.0,2026-03-09
2026030905000192,CHDC,59,70,171.0,2585.5,442120.5,2026-03-09
2026030905000191,NTC,14,38,100.0,889.4,88940.0,2026-03-09
2026030905000190,HATHY,48,53,175.0,937.3,164027.5,2026-03-09
2026030905000189,SHIVM,36,34,379.0,644.6,244303.4,2026-03-09
2026030905000188,SHIVM,35,34,300.0,644.6,193380.0,2026-03-09
2026030905000187,SHIVM,21,34,50.0,644.6,32230.0,2026-03-09
2026030905000186,SHIVM,39,34,600.0,644.6,386760.0,2026-03-09
2026030905000185,SHIVM,17,34,500.0,644.6,322300.0,2026-03-09
2026030905000184,SHIVM,39,34,13.0,644.6,8379.8,2026-03-09
2026030905000183,SHIVM,17,34,500.0,644.6,322300.0,2026-03-09
2026030905000182,SHIVM,43,34,400.0,644.6,257840.0,2026-03-09
2026030905000181,SHIVM,41,34,500.0,644.6,322300.0,2026-03-09
2026030905000180,SHIVM,19,34,500.0,644.6,322300.0,2026-03-09
2026030905000179,SHIVM,48,34,20.0,644.6,12892.0,2026-03-09
2026030905000178,SHIVM,39,34,20.0,644.6,12892.0,2026-03-09
2026030905000177,SHIVM,57,34,51.0,644.6,32874.6,2026-03-09
2026030905000176,SHIVM,21,34,77.0,644.6,49634.2,2026-03-09
2026030905000175,SHIVM,100,34,1000.0,644.6,644600.0,2026-03-09
2026030905000174,SHIVM,58,34,90.0,644.6,58014.0,2026-03-09
2026030905000173,RNLI,22,19,200.0,490.6,98120.0,2026-03-09
2026030905000172,BHL,63,6,2000.0,208.9,417800.0,2026-03-09
2026030905000171,HIDCL,52,54,17.0,271.7,4618.9,2026-03-09
2026030905000170,NIFRA,35,54,14.0,273.1,3823.4,2026-03-09
2026030905000169,HIDCL,52,54,13.0,271.7,3532.1,2026-03-09
2026030905000168,DORDI,14,4,200.0,288.6,57720.0,2026-03-09
2026030905000167,ILI,68,29,43.0,455.9,19603.7,2026-03-09
2026030905000166,NIFRA,35,54,14.0,273.1,3823.4,2026-03-09
2026030905000165,BHL,63,57,100.0,208.9,20890.0,2026-03-09
2026030905000164,MMKJL,33,58,333.0,590.5,196636.5,2026-03-09
2026030905000163,DORDI,14,4,160.0,288.6,46176.0,2026-03-09
2026030905000162,DORDI,58,4,40.0,288.6,11544.0,2026-03-09
2026030901000083,SRLI,62,52,10.0,404.1,4041.0,2026-03-09
2026030901000082,SRLI,62,55,190.0,404.1,76779.0,2026-03-09
2026030901000081,SRLI,26,55,10.0,404.1,4041.0,2026-03-09
2026030901000080,SRLI,71,55,100.0,404.1,40410.0,2026-03-09
2026030901000079,SRLI,71,26,100.0,404.1,40410.0,2026-03-09
2026030905000161,SANVI,54,33,10.0,855.7,8557.0,2026-03-09
2026030905000160,SANVI,45,33,500.0,855.7,427850.0,2026-03-09
2026030905000159,SANVI,1,33,300.0,855.7,256710.0,2026-03-09
2026030905000158,SANVI,45,33,100.0,855.7,85570.0,2026-03-09
2026030905000157,SANVI,35,33,90.0,855.7,77013.0,2026-03-09
2026030905000156,SANVI,35,83,10.0,855.7,8557.0,2026-03-09
2026030905000155,HRL,26,45,20.0,876.0,17520.0,2026-03-09
2026030905000154,HRL,26,34,10.0,876.0,8760.0,2026-03-09
2026030905000153,HRL,26,45,7.0,876.0,6132.0,2026-03-09
2026030905000152,HRL,48,45,50.0,876.0,43800.0,2026-03-09
2026030905000151,HRL,58,45,10.0,876.0,8760.0,2026-03-09
2026030905000150,CKHL,38,33,10.0,737.0,7370.0,2026-03-09
2026030905000149,CKHL,38,57,10.0,737.0,7370.0,2026-03-09
2026030905000148,VLUCL,59,41,20.0,579.0,11580.0,2026-03-09
2026030905000147,TVCL,57,60,10.0,663.0,6630.0,2026-03-09
2026030905000146,TVCL,57,34,10.0,663.0,6630.0,2026-03-09
2026030905000145,SONA,62,59,10.0,444.7,4447.0,2026-03-09
2026030905000144,SONA,62,55,290.0,444.7,128963.0,2026-03-09
2026030905000143,SONA,58,55,110.0,444.7,48917.0,2026-03-09
2026030905000142,BGWT,35,45,30.0,781.0,23430.0,2026-03-09
2026030905000141,HATHY,48,48,50.0,937.0,46850.0,2026-03-09
2026030905000140,MANDU,34,41,150.0,832.0,124800.0,2026-03-09
2026030904000182,SICL,5,42,100.0,651.7,65170.0,2026-03-09
2026030904000181,RURU,11,7,66.0,682.2,45025.2,2026-03-09
2026030904000180,SHPC,33,6,200.0,556.9,111380.0,2026-03-09
2026030904000179,API,57,25,323.0,323.3,104425.9,2026-03-09
2026030904000178,TRH,58,20,15.0,770.0,11550.0,2026-03-09
2026030904000177,TRH,49,20,100.0,770.0,77000.0,2026-03-09
2026030904000176,TRH,58,20,75.0,775.0,58125.0,2026-03-09
2026030904000175,JOSHI,19,52,25.0,307.0,7675.0,2026-03-09
2026030904000174,TRH,58,80,75.0,775.0,58125.0,2026-03-09
2026030904000173,TRH,57,80,25.0,785.0,19625.0,2026-03-09
2026030904000172,NICL,65,4,100.0,511.9,51190.0,2026-03-09
2026030904000171,RIDI,47,49,2000.0,317.5,635000.0,2026-03-09
2026030904000170,UNLB,74,71,10.0,1927.8,19278.0,2026-03-09
2026030904000169,NGPL,5,40,500.0,442.5,221250.0,2026-03-09
2026030904000168,CYCL,65,11,20.0,1628.9,32578.0,2026-03-09
2026030904000167,UNHPL,59,89,150.0,505.9,75885.0,2026-03-09
2026030904000166,HEI,49,22,454.0,533.1,242027.4,2026-03-09
2026030904000165,HEI,26,22,10.0,533.1,5331.0,2026-03-09
2026030904000164,HEI,70,22,50.0,533.1,26655.0,2026-03-09
2026030904000163,HEI,49,22,129.0,533.1,68769.9,2026-03-09
2026030904000162,HEI,49,4,71.0,533.1,37850.1,2026-03-09
2026030904000161,NGPL,5,3,500.0,442.5,221250.0,2026-03-09
2026030904000160,API,57,49,50.0,323.3,16165.0,2026-03-09
2026030904000159,UNLB,74,47,20.0,1927.8,38556.0,2026-03-09
2026030904000158,UNHPL,59,33,292.0,505.9,147722.8,2026-03-09
2026030904000157,UNHPL,38,33,900.0,505.9,455310.0,2026-03-09
2026030904000156,UNHPL,16,33,200.0,505.9,101180.0,2026-03-09
2026030904000155,UNHPL,91,33,350.0,505.9,177065.0,2026-03-09
2026030904000154,UNHPL,7,33,10.0,505.9,5059.0,2026-03-09
2026030904000153,UNHPL,96,33,1300.0,505.9,657670.0,2026-03-09
2026030904000152,UNLB,74,47,30.0,1927.8,57834.0,2026-03-09
2026030904000151,SSHL,47,6,1640.0,197.8,324392.0,2026-03-09
2026030905000139,ULHC,40,42,200.0,576.0,115200.0,2026-03-09
2026030905000138,ULHC,40,42,50.0,576.0,28800.0,2026-03-09
2026030905000137,ULHC,19,42,50.0,576.0,28800.0,2026-03-09
2026030904000150,SSHL,43,6,360.0,197.8,71208.0,2026-03-09
2026030904000149,SSHL,43,43,640.0,197.8,126592.0,2026-03-09
2026030904000148,SSHL,28,43,110.0,197.8,21758.0,2026-03-09
2026030904000147,IGI,16,21,400.0,443.5,177400.0,2026-03-09
2026030904000146,UAIL,33,54,10.0,455.7,4557.0,2026-03-09
2026030904000145,SJCL,36,57,45.0,310.9,13990.5,2026-03-09
2026030904000144,SJCL,36,57,50.0,310.9,15545.0,2026-03-09
2026030904000143,MEN,20,57,50.0,610.9,30545.0,2026-03-09
2026030904000142,KKHC,49,43,453.0,300.5,136126.5,2026-03-09
2026030904000141,KKHC,62,43,50.0,300.5,15025.0,2026-03-09
2026030904000140,KKHC,39,43,497.0,300.5,149348.5,2026-03-09
2026030904000139,UAIL,33,54,10.0,455.7,4557.0,2026-03-09
2026030904000138,SSHL,28,6,890.0,197.8,176042.0,2026-03-09
2026030904000137,SSHL,49,6,110.0,197.8,21758.0,2026-03-09
2026030905000136,RNLI,22,25,10.0,490.6,4906.0,2026-03-09
2026030905000135,RNLI,57,25,35.0,490.6,17171.0,2026-03-09
2026030905000134,RNLI,35,25,10.0,490.6,4906.0,2026-03-09
2026030905000133,RNLI,74,25,200.0,490.6,98120.0,2026-03-09
2026030905000132,RNLI,6,25,45.0,490.6,22077.0,2026-03-09
2026030905000131,RNLI,6,25,205.0,490.6,100573.0,2026-03-09
2026030905000130,RNLI,58,25,10.0,490.6,4906.0,2026-03-09
2026030905000129,RNLI,26,25,85.0,490.6,41701.0,2026-03-09
2026030905000128,RNLI,26,25,300.0,490.6,147180.0,2026-03-09
2026030905000127,RNLI,26,25,170.0,490.6,83402.0,2026-03-09
2026030905000126,RNLI,26,25,10.0,490.6,4906.0,2026-03-09
2026030905000125,RNLI,41,25,30.0,490.6,14718.0,2026-03-09
2026030905000124,RNLI,17,25,90.0,490.6,44154.0,2026-03-09
2026030905000123,RNLI,17,25,300.0,490.6,147180.0,2026-03-09
2026030905000122,RNLI,17,25,300.0,490.6,147180.0,2026-03-09
2026030905000121,RNLI,17,25,300.0,490.6,147180.0,2026-03-09
2026030905000120,RNLI,17,25,10.0,490.6,4906.0,2026-03-09
2026030905000119,RNLI,62,25,190.0,490.6,93214.0,2026-03-09
2026030905000118,RNLI,62,25,200.0,490.6,98120.0,2026-03-09
2026030905000117,RNLI,62,25,110.0,490.6,53966.0,2026-03-09
2026030905000116,RNLI,67,25,90.0,490.6,44154.0,2026-03-09
2026030905000115,RNLI,67,58,10.0,490.6,4906.0,2026-03-09
2026030905000114,KBSH,41,58,10.0,1717.6,17176.0,2026-03-09
2026030905000113,GCIL,57,55,10.0,434.0,4340.0,2026-03-09
2026030905000112,GCIL,57,55,12.0,434.0,5208.0,2026-03-09
2026030905000111,GCIL,40,55,488.0,434.0,211792.0,2026-03-09
2026030905000110,GCIL,40,89,12.0,434.0,5208.0,2026-03-09
2026030905000109,USHL,59,41,10.0,744.3,7443.0,2026-03-09
2026030905000108,USHL,59,41,10.0,744.3,7443.0,2026-03-09
2026030905000107,USHL,59,41,10.0,744.3,7443.0,2026-03-09
2026030905000106,USHL,59,41,10.0,744.3,7443.0,2026-03-09
2026030905000105,ILI,68,89,12.0,447.0,5364.0,2026-03-09
2026030905000104,NRM,48,34,10.0,436.0,4360.0,2026-03-09
2026030905000103,MEL,51,48,260.0,295.6,76856.0,2026-03-09
2026030905000102,MEL,57,48,40.0,295.6,11824.0,2026-03-09
2026030905000101,MEL,57,34,10.0,295.6,2956.0,2026-03-09
2026030905000100,MCHL,66,36,10.0,429.9,4299.0,2026-03-09
2026030905000099,MCHL,66,74,10.0,429.9,4299.0,2026-03-09
2026030904000136,SWASTIK,58,36,10.0,2932.5,29325.0,2026-03-09
2026030905000098,MKHL,92,34,10.0,816.0,8160.0,2026-03-09
2026030905000097,MAKAR,49,14,10.0,552.8,5528.0,2026-03-09
2026030905000096,MHCL,63,6,70.0,368.0,25760.0,2026-03-09
2026030905000095,MHCL,40,6,30.0,368.0,11040.0,2026-03-09
2026030904000135,AVYAN,62,45,10.0,999.3,9993.0,2026-03-09
2026030905000094,TAMOR,39,59,150.0,437.5,65625.0,2026-03-09
2026030905000093,TAMOR,39,43,52.0,437.5,22750.0,2026-03-09
2026030905000092,TAMOR,41,43,10.0,437.5,4375.0,2026-03-09
2026030905000091,TAMOR,41,89,10.0,437.5,4375.0,2026-03-09
2026030904000134,CYCL,65,48,10.0,1628.9,16289.0,2026-03-09
2026030904000133,ULBSL,74,49,10.0,3269.1,32691.0,2026-03-09
2026030905000090,MKHC,51,13,970.0,339.6,329412.0,2026-03-09
2026030905000089,MKHC,25,13,30.0,339.6,10188.0,2026-03-09
2026030905000088,MKHC,25,55,270.0,339.6,91692.0,2026-03-09
2026030905000087,SMH,65,50,100.0,647.0,64700.0,2026-03-09
2026030905000086,SPL,58,96,10.0,721.0,7210.0,2026-03-09
2026030904000132,JBLB,17,55,20.0,1365.0,27300.0,2026-03-09
2026030904000131,JBLB,54,55,50.0,1365.0,68250.0,2026-03-09
2026030904000130,JBLB,52,55,20.0,1365.0,27300.0,2026-03-09
2026030905000085,SMHL,6,56,10.0,477.8,4778.0,2026-03-09
2026030905000084,SMHL,6,44,100.0,477.8,47780.0,2026-03-09
2026030905000083,SMHL,6,58,318.0,477.8,151940.4,2026-03-09
2026030905000082,SMHL,6,44,50.0,477.8,23890.0,2026-03-09
2026030905000081,SMHL,34,44,50.0,477.8,23890.0,2026-03-09
2026030904000129,SHEL,1,8,10.0,311.5,3115.0,2026-03-09
2026030904000128,SHEL,1,42,10.0,311.5,3115.0,2026-03-09
2026030905000080,BHPL,95,58,200.0,591.3,118260.0,2026-03-09
2026030905000079,BHPL,95,34,10.0,591.3,5913.0,2026-03-09
2026030904000127,CGH,48,28,50.0,853.7,42685.0,2026-03-09
2026030904000126,CGH,48,13,600.0,853.7,512220.0,2026-03-09
2026030904000125,CGH,48,28,700.0,853.7,597590.0,2026-03-09
2026030905000078,PHCL,58,34,10.0,304.0,3040.0,2026-03-09
2026030904000124,MEN,20,34,42.0,610.9,25657.8,2026-03-09
2026030904000123,MEN,20,28,500.0,610.9,305450.0,2026-03-09
2026030904000122,MEN,20,28,136.0,610.9,83082.4,2026-03-09
2026030904000121,MEN,58,28,114.0,610.9,69642.6,2026-03-09
2026030904000120,MEN,57,28,50.0,610.9,30545.0,2026-03-09
2026030904000119,MEN,35,28,200.0,610.9,122180.0,2026-03-09
2026030905000077,SIKLES,39,62,10.0,628.3,6283.0,2026-03-09
2026030904000118,SGIC,53,44,50.0,489.6,24480.0,2026-03-09
2026030904000117,SGIC,53,36,10.0,489.6,4896.0,2026-03-09
2026030901000078,HEIP,28,55,500.0,319.2,159600.0,2026-03-09
2026030905000076,PPL,19,49,10.0,399.8,3998.0,2026-03-09
2026030904000116,SSHL,49,55,500.0,197.8,98900.0,2026-03-09
2026030904000115,SSHL,49,55,400.0,197.8,79120.0,2026-03-09
2026030904000114,SSHL,49,55,490.0,197.8,96922.0,2026-03-09
2026030904000113,SSHL,28,55,10.0,197.8,1978.0,2026-03-09
2026030905000075,RHGCL,58,41,100.0,291.7,29170.0,2026-03-09
2026030905000074,RHGCL,58,13,50.0,291.7,14585.0,2026-03-09
2026030904000112,LEC,33,57,10.0,226.0,2260.0,2026-03-09
2026030904000111,LEC,33,62,10.0,226.0,2260.0,2026-03-09
2026030904000110,LEC,33,55,10.0,226.0,2260.0,2026-03-09
2026030904000109,LEC,32,55,490.0,226.0,110740.0,2026-03-09
2026030904000108,LEC,32,74,10.0,226.0,2260.0,2026-03-09
2026030901000077,NBL,46,8,100.0,256.0,25600.0,2026-03-09
2026030901000076,NBL,46,56,10.0,256.0,2560.0,2026-03-09
2026030901000075,NBL,46,5,50.0,256.0,12800.0,2026-03-09
2026030905000073,MHL,74,101,10.0,536.1,5361.0,2026-03-09
2026030905000072,MHL,87,101,90.0,536.1,48249.0,2026-03-09
2026030905000071,MHL,87,89,10.0,536.1,5361.0,2026-03-09
2026030905000070,SGHC,52,89,10.0,400.5,4005.0,2026-03-09
2026030904000107,HDHPC,58,62,10.0,205.9,2059.0,2026-03-09
2026030904000106,HDHPC,58,34,10.0,205.9,2059.0,2026-03-09
2026030904000105,HDHPC,58,55,400.0,205.9,82360.0,2026-03-09
2026030904000104,HDHPC,58,55,500.0,205.9,102950.0,2026-03-09
2026030905000069,UHEWA,42,45,20.0,581.4,11628.0,2026-03-09
2026030904000103,SJCL,36,18,50.0,310.9,15545.0,2026-03-09
2026030905000068,HHL,32,58,100.0,349.7,34970.0,2026-03-09
2026030905000067,HHL,32,45,30.0,349.7,10491.0,2026-03-09
2026030904000102,RHPL,58,26,288.0,298.5,85968.0,2026-03-09
2026030904000101,UNHPL,96,67,200.0,505.0,101000.0,2026-03-09
2026030904000100,UNHPL,96,56,500.0,505.0,252500.0,2026-03-09
2026030905000066,BHDC,39,35,40.0,493.6,19744.0,2026-03-09
2026030905000065,BHDC,49,35,60.0,493.6,29616.0,2026-03-09
2026030905000064,BHDC,49,58,40.0,493.6,19744.0,2026-03-09
2026030905000063,BHDC,41,58,10.0,493.6,4936.0,2026-03-09
2026030905000062,BHDC,58,58,50.0,493.6,24680.0,2026-03-09
2026030905000061,BHDC,58,41,100.0,493.6,49360.0,2026-03-09
2026030905000060,BHDC,58,88,50.0,493.6,24680.0,2026-03-09
2026030904000099,HURJA,59,34,10.0,272.1,2721.0,2026-03-09
2026030904000098,HURJA,59,50,10.0,272.1,2721.0,2026-03-09
2026030901000074,ADBL,45,51,250.0,311.0,77750.0,2026-03-09
2026030901000073,ADBL,45,55,92.0,311.0,28612.0,2026-03-09
2026030905000059,NICFC,40,35,100.0,9.81,981.0,2026-03-09
2026030905000058,NICFC,40,35,100.0,9.81,981.0,2026-03-09
2026030904000097,PPCL,52,19,50.0,395.2,19760.0,2026-03-09
2026030904000096,PPCL,52,49,10.0,395.2,3952.0,2026-03-09
2026030903000119,NABBC,52,28,215.0,1454.4,312696.0,2026-03-09
2026030903000118,MLBBL,10,52,10.0,1383.1,13831.0,2026-03-09
2026030903000117,SMB,6,47,167.0,1951.1,325833.7,2026-03-09
2026030903000116,SMB,49,47,44.0,1951.1,85848.4,2026-03-09
2026030903000115,SJLIC,7,91,178.0,466.1,82965.8,2026-03-09
2026030903000114,SJLIC,38,91,200.0,466.1,93220.0,2026-03-09
2026030903000113,SJLIC,39,91,200.0,466.1,93220.0,2026-03-09
2026030903000112,MFIL,100,14,34.0,861.9,29304.6,2026-03-09
2026030903000111,SMFBS,22,41,10.0,1717.6,17176.0,2026-03-09
2026030905000057,DORDI,58,50,10.0,288.6,2886.0,2026-03-09
2026030905000056,DORDI,58,55,500.0,288.6,144300.0,2026-03-09
2026030903000110,JBBL,38,62,10.0,345.7,3457.0,2026-03-09
2026030904000095,MHNL,49,44,10.0,272.1,2721.0,2026-03-09
2026030903000109,MNBBL,83,57,30.0,378.4,11352.0,2026-03-09
2026030903000108,ALBSL,39,39,20.0,1144.4,22888.0,2026-03-09
2026030903000107,NLIC,49,57,50.0,796.6,39830.0,2026-03-09
2026030904000094,UPCL,101,55,400.0,386.0,154400.0,2026-03-09
2026030904000093,UPCL,101,55,120.0,386.0,46320.0,2026-03-09
2026030904000092,UPCL,29,55,170.0,386.0,65620.0,2026-03-09
2026030904000091,UPCL,29,29,10.0,386.0,3860.0,2026-03-09
2026030904000090,UPCL,29,36,10.0,386.0,3860.0,2026-03-09
2026030904000089,UPCL,29,101,10.0,386.0,3860.0,2026-03-09
2026030905000055,RFPL,57,8,10.0,408.0,4080.0,2026-03-09
2026030905000054,RFPL,57,81,10.0,408.0,4080.0,2026-03-09
2026030901000072,PCBL,58,51,50.0,247.0,12350.0,2026-03-09
2026030901000071,PCBL,58,37,100.0,247.0,24700.0,2026-03-09
2026030904000088,GHL,58,38,10.0,246.3,2463.0,2026-03-09
2026030904000087,GHL,58,34,10.0,246.3,2463.0,2026-03-09
2026030905000053,BHL,63,55,500.0,208.9,104450.0,2026-03-09
2026030904000086,UPPER,17,55,400.0,193.4,77360.0,2026-03-09
2026030904000085,UPPER,17,41,100.0,193.4,19340.0,2026-03-09
2026030904000084,UPPER,17,38,50.0,193.4,9670.0,2026-03-09
2026030904000083,UPPER,17,55,123.0,193.4,23788.2,2026-03-09
2026030904000082,UPPER,25,55,377.0,193.4,72911.8,2026-03-09
2026030905000052,GVL,17,45,45.0,504.6,22707.0,2026-03-09
2026030905000051,GVL,17,43,43.0,504.6,21697.8,2026-03-09
2026030904000081,AKJCL,29,49,300.0,379.3,113790.0,2026-03-09
2026030904000080,AKJCL,29,95,1500.0,379.3,568950.0,2026-03-09
2026030904000079,AKJCL,29,99,10.0,379.3,3793.0,2026-03-09
2026030904000078,AKJCL,29,48,500.0,379.3,189650.0,2026-03-09
2026030904000077,AKJCL,29,62,10.0,379.3,3793.0,2026-03-09
2026030901000070,CZBIL,26,45,35.0,202.9,7101.5,2026-03-09
2026030901000069,CZBIL,26,59,45.0,202.9,9130.5,2026-03-09
2026030901000068,CZBIL,26,55,855.0,202.9,173479.5,2026-03-09
2026030901000067,CZBIL,81,55,145.0,202.9,29420.5,2026-03-09
2026030901000066,CZBIL,81,51,105.0,202.9,21304.5,2026-03-09
2026030901000065,CZBIL,81,55,1000.0,202.9,202900.0,2026-03-09
2026030901000064,CZBIL,81,51,50.0,202.9,10145.0,2026-03-09
2026030901000063,CZBIL,81,1,200.0,202.9,40580.0,2026-03-09
2026030901000062,CZBIL,81,55,500.0,202.9,101450.0,2026-03-09
2026030904000076,KPCL,6,17,50.0,542.6,27130.0,2026-03-09
2026030905000050,MBJC,43,29,10.0,300.2,3002.0,2026-03-09
2026030905000049,MBJC,43,18,50.0,300.2,15010.0,2026-03-09
2026030905000048,MBJC,43,41,34.0,300.2,10206.8,2026-03-09
2026030905000047,MBJC,43,55,500.0,300.2,150100.0,2026-03-09
2026030905000046,MBJC,43,36,220.0,300.2,66044.0,2026-03-09
2026030905000045,MBJC,45,36,1000.0,300.2,300200.0,2026-03-09
2026030904000075,PMHPL,58,62,10.0,396.7,3967.0,2026-03-09
2026030904000074,PMHPL,34,62,20.0,396.7,7934.0,2026-03-09
2026030904000073,PMHPL,49,62,580.0,396.7,230086.0,2026-03-09
2026030904000072,PMHPL,49,78,1000.0,396.7,396700.0,2026-03-09
2026030904000071,PMHPL,49,25,1000.0,396.7,396700.0,2026-03-09
2026030904000070,PMHPL,49,19,60.0,396.7,23802.0,2026-03-09
2026030904000069,PMHPL,49,25,360.0,396.7,142812.0,2026-03-09
2026030904000068,PMHPL,14,25,500.0,396.7,198350.0,2026-03-09
2026030904000067,PMHPL,8,25,10.0,396.7,3967.0,2026-03-09
2026030904000066,PMHPL,58,25,30.0,396.7,11901.0,2026-03-09
2026030904000065,PMHPL,11,25,100.0,396.7,39670.0,2026-03-09
2026030901000061,GBIME,68,58,39.0,235.6,9188.4,2026-03-09
2026030901000060,GBIME,68,17,100.0,235.6,23560.0,2026-03-09
2026030901000059,GBIME,68,1,500.0,235.6,117800.0,2026-03-09
2026030901000058,GBIME,68,28,600.0,235.6,141360.0,2026-03-09
2026030901000057,GBIME,68,28,800.0,235.6,188480.0,2026-03-09
2026030901000056,GBIME,52,28,100.0,235.6,23560.0,2026-03-09
2026030905000044,NYADI,58,1,65.0,405.0,26325.0,2026-03-09
2026030904000064,RADHI,36,51,30.0,890.9,26727.0,2026-03-09
2026030904000063,RADHI,36,58,50.0,890.9,44545.0,2026-03-09
2026030904000062,RADHI,36,62,10.0,890.9,8909.0,2026-03-09
2026030904000061,RADHI,36,34,10.0,890.9,8909.0,2026-03-09
2026030905000043,SPC,17,41,50.0,510.5,25525.0,2026-03-09
2026030905000042,SPC,17,43,57.0,510.5,29098.5,2026-03-09
2026030904000060,NHDL,49,48,60.0,670.0,40200.0,2026-03-09
2026030904000059,NHDL,26,48,40.0,670.0,26800.0,2026-03-09
2026030904000058,NHDL,26,50,10.0,670.0,6700.0,2026-03-09
2026030903000106,PMLI,14,39,91.0,511.0,46501.0,2026-03-09
2026030904000057,HPPL,32,55,300.0,488.4,146520.0,2026-03-09
2026030904000056,HPPL,32,41,95.0,488.4,46398.0,2026-03-09
2026030904000055,HPPL,42,91,50.0,488.4,24420.0,2026-03-09
2026030904000054,HPPL,42,55,200.0,488.4,97680.0,2026-03-09
2026030904000053,HPPL,61,55,200.0,488.4,97680.0,2026-03-09
2026030901000055,PRVU,41,51,100.0,197.8,19780.0,2026-03-09
2026030901000054,PRVU,41,59,10.0,197.8,1978.0,2026-03-09
2026030901000053,PRVU,41,97,10.0,197.8,1978.0,2026-03-09
2026030901000052,PRVU,41,58,10.0,197.8,1978.0,2026-03-09
2026030901000051,PRVU,41,55,100.0,197.8,19780.0,2026-03-09
2026030901000050,PRVU,39,55,700.0,197.8,138460.0,2026-03-09
2026030901000049,PRVU,39,55,300.0,197.8,59340.0,2026-03-09
2026030901000048,PRVU,81,55,200.0,197.8,39560.0,2026-03-09
2026030903000105,NICLBSL,34,55,200.0,578.0,115600.0,2026-03-09
2026030903000104,SAPDBL,17,44,100.0,839.4,83940.0,2026-03-09
2026030903000103,SAPDBL,17,72,10.0,839.4,8394.0,2026-03-09
2026030903000102,ILBS,26,85,10.0,948.8,9488.0,2026-03-09
2026030903000101,ILBS,26,70,10.0,948.8,9488.0,2026-03-09
2026030903000100,SMFBS,22,45,10.0,1717.6,17176.0,2026-03-09
2026030904000052,UMHL,74,62,10.0,643.1,6431.0,2026-03-09
2026030905000041,SAHAS,58,42,100.0,600.7,60070.0,2026-03-09
2026030905000040,SAHAS,58,39,100.0,600.7,60070.0,2026-03-09
2026030905000039,SAHAS,52,16,50.0,600.7,30035.0,2026-03-09
2026030905000038,SAHAS,35,28,200.0,600.7,120140.0,2026-03-09
2026030905000037,SAHAS,49,28,50.0,600.7,30035.0,2026-03-09
2026030905000036,SAHAS,17,28,100.0,600.7,60070.0,2026-03-09
2026030905000035,SAHAS,17,28,350.0,600.7,210245.0,2026-03-09
2026030905000034,SAHAS,17,28,150.0,600.7,90105.0,2026-03-09
2026030905000033,SAHAS,58,28,450.0,600.7,270315.0,2026-03-09
2026030905000032,SAHAS,38,28,200.0,600.7,120140.0,2026-03-09
2026030903000099,ALBSL,39,6,446.0,1144.4,510402.4,2026-03-09
2026030903000098,ALBSL,32,6,54.0,1144.4,61797.6,2026-03-09
2026030903000097,ALBSL,32,54,46.0,1144.4,52642.4,2026-03-09
2026030903000096,ALBSL,7,54,54.0,1144.4,61797.6,2026-03-09
2026030903000095,ALBSL,7,54,15.0,1144.4,17166.0,2026-03-09
2026030903000094,ALBSL,7,33,100.0,1144.4,114440.0,2026-03-09
2026030903000093,ALBSL,7,38,31.0,1144.4,35476.4,2026-03-09
2026030904000051,AKPL,36,29,10.0,278.3,2783.0,2026-03-09
2026030904000050,AKPL,36,29,100.0,278.3,27830.0,2026-03-09
2026030905000031,MKJC,48,48,10.0,548.7,5487.0,2026-03-09
2026030903000092,USLB,49,57,10.0,1473.0,14730.0,2026-03-09
2026030903000091,USLB,49,57,10.0,1473.0,14730.0,2026-03-09
2026030905000030,RMF1,40,55,100.0,9.77,977.0,2026-03-09
2026030903000090,SMB,49,8,56.0,1951.1,109261.6,2026-03-09
2026030904000049,KKHC,39,8,50.0,300.5,15025.0,2026-03-09
2026030904000048,KKHC,39,41,53.0,300.5,15926.5,2026-03-09
2026030904000047,KKHC,32,34,10.0,300.5,3005.0,2026-03-09
2026030901000047,SANIMA,36,51,100.0,347.0,34700.0,2026-03-09
2026030903000089,GRDBL,50,72,10.0,1093.4,10934.0,2026-03-09
2026030903000088,GRDBL,50,48,140.0,1093.4,153076.0,2026-03-09
2026030903000087,GRDBL,32,48,10.0,1093.4,10934.0,2026-03-09
2026030903000086,GRDBL,41,48,50.0,1093.4,54670.0,2026-03-09
2026030903000085,GRDBL,14,48,100.0,1093.4,109340.0,2026-03-09
2026030904000046,NGPL,5,33,10.0,442.5,4425.0,2026-03-09
2026030904000045,NGPL,5,33,10.0,442.5,4425.0,2026-03-09
2026030904000044,NGPL,5,49,35.0,442.5,15487.5,2026-03-09
2026030904000043,NGPL,58,49,65.0,442.5,28762.5,2026-03-09
2026030904000042,NGPL,58,67,35.0,442.5,15487.5,2026-03-09
2026030904000041,NGPL,58,67,65.0,442.5,28762.5,2026-03-09
2026030904000040,NGPL,58,45,35.0,442.5,15487.5,2026-03-09
2026030904000039,NGPL,58,39,100.0,442.5,44250.0,2026-03-09
2026030904000038,NGPL,58,55,100.0,442.5,44250.0,2026-03-09
2026030904000037,NGPL,58,29,100.0,442.5,44250.0,2026-03-09
2026030903000084,SWMF,94,55,100.0,683.0,68300.0,2026-03-09
2026030903000083,SWMF,26,55,100.0,683.0,68300.0,2026-03-09
2026030905000029,CHDC,59,83,10.0,2585.5,25855.0,2026-03-09
2026030905000028,CHDC,59,34,12.0,2585.5,31026.0,2026-03-09
2026030903000082,NMBMF,45,44,10.0,688.0,6880.0,2026-03-09
2026030903000081,NMBMF,45,55,200.0,688.0,137600.0,2026-03-09
2026030904000036,API,57,42,150.0,323.0,48450.0,2026-03-09
2026030904000035,API,57,13,31.0,323.0,10013.0,2026-03-09
2026030903000080,MATRI,58,49,10.0,967.9,9679.0,2026-03-09
2026030903000079,MLBBL,10,45,20.0,1383.1,27662.0,2026-03-09
2026030903000078,MLBBL,10,6,10.0,1383.1,13831.0,2026-03-09
2026030904000034,BARUN,58,99,10.0,363.1,3631.0,2026-03-09
2026030904000033,BARUN,58,45,15.0,363.1,5446.5,2026-03-09
2026030904000032,BARUN,58,48,170.0,363.1,61727.0,2026-03-09
2026030904000031,BARUN,58,48,30.0,363.1,10893.0,2026-03-09
2026030905000027,NIFRA,35,55,395.0,273.1,107874.5,2026-03-09
2026030905000026,NIFRA,39,55,105.0,273.1,28675.5,2026-03-09
2026030905000025,NIFRA,39,58,895.0,273.1,244424.5,2026-03-09
2026030905000024,NIFRA,58,58,200.0,273.1,54620.0,2026-03-09
2026030905000023,NIFRA,58,58,100.0,273.1,27310.0,2026-03-09
2026030905000022,NIFRA,58,39,200.0,273.1,54620.0,2026-03-09
2026030903000077,KMCDB,53,48,10.0,942.9,9429.0,2026-03-09
2026030903000076,KMCDB,53,55,180.0,942.9,169722.0,2026-03-09
2026030903000075,KMCDB,60,55,10.0,942.9,9429.0,2026-03-09
2026030903000074,KMCDB,17,55,100.0,942.9,94290.0,2026-03-09
2026030903000073,KMCDB,41,55,10.0,942.9,9429.0,2026-03-09
2026030901000046,KBL,68,55,1000.0,203.7,203700.0,2026-03-09
2026030901000045,KBL,68,55,500.0,203.7,101850.0,2026-03-09
2026030901000044,KBL,68,55,500.0,203.7,101850.0,2026-03-09
2026030901000043,KBL,68,58,23.0,203.7,4685.1,2026-03-09
2026030901000042,KBL,68,34,10.0,203.7,2037.0,2026-03-09
2026030901000041,KBL,68,55,900.0,203.7,183330.0,2026-03-09
2026030901000040,KBL,68,55,761.0,203.7,155015.7,2026-03-09
2026030901000039,KBL,22,55,239.0,203.7,48684.3,2026-03-09
2026030901000038,KBL,22,1,11.0,203.7,2240.7,2026-03-09
2026030901000037,KBL,22,55,250.0,203.7,50925.0,2026-03-09
2026030901000036,KBL,48,55,250.0,203.7,50925.0,2026-03-09
2026030901000035,KBL,48,45,100.0,203.7,20370.0,2026-03-09
2026030904000030,RIDI,47,58,78.0,317.5,24765.0,2026-03-09
2026030904000029,RIDI,47,49,110.0,317.5,34925.0,2026-03-09
2026030904000028,RIDI,58,49,390.0,317.5,123825.0,2026-03-09
2026030904000027,RIDI,58,99,10.0,317.5,3175.0,2026-03-09
2026030903000072,SKBBL,74,53,120.0,796.6,95592.0,2026-03-09
2026030903000071,SKBBL,45,53,100.0,796.6,79660.0,2026-03-09
2026030903000070,SKBBL,5,53,80.0,796.6,63728.0,2026-03-09
2026030903000069,SKBBL,5,90,20.0,796.6,15932.0,2026-03-09
2026030903000068,SKBBL,42,52,100.0,796.6,79660.0,2026-03-09
2026030905000021,NRN,72,58,40.0,1583.0,63320.0,2026-03-09
2026030905000020,NRN,72,62,10.0,1583.0,15830.0,2026-03-09
2026030903000067,SINDU,6,72,10.0,765.5,7655.0,2026-03-09
2026030903000066,SINDU,6,50,60.0,765.5,45930.0,2026-03-09
2026030903000065,SLBBL,7,85,10.0,856.6,8566.0,2026-03-09
2026030903000064,SLBBL,26,55,50.0,856.6,42830.0,2026-03-09
2026030903000063,SLBBL,49,55,150.0,856.6,128490.0,2026-03-09
2026030904000026,SHPC,33,67,100.0,556.9,55690.0,2026-03-09
2026030904000025,SHPC,33,34,10.0,556.9,5569.0,2026-03-09
2026030904000024,SHPC,33,43,50.0,556.9,27845.0,2026-03-09
2026030901000034,LSL,33,55,1000.0,218.2,218200.0,2026-03-09
2026030901000033,LSL,33,51,100.0,218.2,21820.0,2026-03-09
2026030901000032,LSL,33,55,500.0,218.2,109100.0,2026-03-09
2026030903000062,MFIL,100,63,480.0,845.0,405600.0,2026-03-09
2026030903000061,MFIL,41,63,20.0,845.0,16900.0,2026-03-09
2026030905000019,NRIC,41,62,10.0,1275.0,12750.0,2026-03-09
2026030905000018,NRIC,41,45,66.0,1275.0,84150.0,2026-03-09
2026030905000017,NRIC,48,45,9.0,1275.0,11475.0,2026-03-09
2026030905000016,NRIC,48,45,35.0,1275.0,44625.0,2026-03-09
2026030905000015,NRIC,48,45,6.0,1275.0,7650.0,2026-03-09
2026030905000014,NRIC,58,45,39.0,1275.0,49725.0,2026-03-09
2026030903000060,FMDBL,41,58,40.0,817.0,32680.0,2026-03-09
2026030903000059,FMDBL,41,62,10.0,817.0,8170.0,2026-03-09
2026030903000058,FMDBL,41,60,10.0,817.0,8170.0,2026-03-09
2026030903000057,MNBBL,83,55,300.0,378.4,113520.0,2026-03-09
2026030903000056,MNBBL,83,40,200.0,378.4,75680.0,2026-03-09
2026030903000055,MNBBL,83,43,43.0,378.4,16271.2,2026-03-09
2026030903000054,MNBBL,83,56,15.0,378.4,5676.0,2026-03-09
2026030901000031,MBL,48,26,160.0,240.9,38544.0,2026-03-09
2026030901000030,MBL,19,26,140.0,240.9,33726.0,2026-03-09
2026030901000029,MBL,19,59,250.0,240.9,60225.0,2026-03-09
2026030901000028,MBL,19,101,110.0,240.9,26499.0,2026-03-09
2026030901000027,MBL,35,101,200.0,240.9,48180.0,2026-03-09
2026030901000026,MBL,57,55,500.0,240.9,120450.0,2026-03-09
2026030901000025,MBL,58,55,500.0,240.9,120450.0,2026-03-09
2026030903000053,SHINE,59,58,80.0,417.7,33416.0,2026-03-09
2026030903000052,SHINE,42,58,100.0,417.7,41770.0,2026-03-09
2026030903000051,SHINE,13,58,65.0,417.7,27150.5,2026-03-09
2026030904000023,AHPC,58,62,10.0,293.1,2931.0,2026-03-09
2026030904000022,AHPC,58,36,10.0,293.1,2931.0,2026-03-09
2026030904000021,AHPC,58,13,50.0,293.1,14655.0,2026-03-09
2026030904000020,AHPC,58,51,100.0,293.1,29310.0,2026-03-09
2026030904000019,AHPC,58,43,60.0,293.1,17586.0,2026-03-09
2026030903000050,MPFL,7,35,10.0,648.0,6480.0,2026-03-09
2026030903000049,KSBBL,28,49,10.0,477.3,4773.0,2026-03-09
2026030903000048,KSBBL,28,33,10.0,477.3,4773.0,2026-03-09
2026030904000018,SICL,5,43,50.0,649.9,32495.0,2026-03-09
2026030901000024,NICA,13,51,50.0,341.5,17075.0,2026-03-09
2026030901000023,NICA,13,51,200.0,341.5,68300.0,2026-03-09
2026030901000022,NICA,13,40,10.0,341.5,3415.0,2026-03-09
2026030901000021,NICA,13,45,100.0,341.5,34150.0,2026-03-09
2026030903000047,CORBL,26,34,10.0,1623.8,16238.0,2026-03-09
2026030903000046,JBBL,38,62,10.0,345.7,3457.0,2026-03-09
2026030903000045,JBBL,48,55,500.0,345.7,172850.0,2026-03-09
2026030903000044,SJLIC,39,55,300.0,466.1,139830.0,2026-03-09
2026030901000020,EBL,43,40,100.0,692.0,69200.0,2026-03-09
2026030904000017,PRIN,95,45,45.0,744.5,33502.5,2026-03-09
2026030903000043,MLBL,4,58,81.0,383.5,31063.5,2026-03-09
2026030903000042,MLBL,4,55,500.0,383.5,191750.0,2026-03-09
2026030903000041,NMLBBL,40,58,10.0,638.2,6382.0,2026-03-09
2026030903000040,NMLBBL,40,55,200.0,638.2,127640.0,2026-03-09
2026030903000039,NMLBBL,40,29,100.0,638.2,63820.0,2026-03-09
2026030904000016,NIL,5,43,35.0,634.9,22221.5,2026-03-09
2026030905000013,SHIVM,58,26,100.0,644.6,64460.0,2026-03-09
2026030905000012,SHIVM,58,101,100.0,644.6,64460.0,2026-03-09
2026030903000038,HLI,7,55,300.0,380.4,114120.0,2026-03-09
2026030901000019,SBI,17,57,10.0,417.1,4171.0,2026-03-09
2026030904000015,SPIL,94,26,50.0,724.2,36210.0,2026-03-09
2026030903000037,ALICL,94,55,300.0,461.0,138300.0,2026-03-09
2026030903000036,ALICL,94,55,100.0,461.0,46100.0,2026-03-09
2026030903000035,ALICL,94,41,10.0,461.0,4610.0,2026-03-09
2026030903000034,MDB,50,48,20.0,679.3,13586.0,2026-03-09
2026030903000033,MDB,55,48,80.0,679.3,54344.0,2026-03-09
2026030903000032,MDB,55,45,20.0,679.3,13586.0,2026-03-09
2026030903000031,MDB,81,45,10.0,679.3,6793.0,2026-03-09
2026030903000030,MDB,81,80,10.0,679.3,6793.0,2026-03-09
2026030904000014,UAIL,33,87,10.0,455.7,4557.0,2026-03-09
2026030904000013,UAIL,33,55,198.0,455.7,90228.6,2026-03-09
2026030904000012,UAIL,45,55,100.0,455.7,45570.0,2026-03-09
2026030903000029,LBBL,29,58,25.0,494.4,12360.0,2026-03-09
2026030903000028,LBBL,29,52,100.0,494.4,49440.0,2026-03-09
2026030903000027,LBBL,29,85,10.0,494.4,4944.0,2026-03-09
2026030905000011,SMATA,26,55,130.0,815.0,105950.0,2026-03-09
2026030905000010,SMATA,42,55,70.0,815.0,57050.0,2026-03-09
2026030903000026,PROFL,45,55,30.0,480.0,14400.0,2026-03-09
2026030903000025,PROFL,34,55,10.0,480.0,4800.0,2026-03-09
2026030903000024,PROFL,49,55,100.0,480.0,48000.0,2026-03-09
2026030903000023,PROFL,35,55,10.0,480.0,4800.0,2026-03-09
2026030903000022,PROFL,4,55,100.0,480.0,48000.0,2026-03-09
2026030903000021,PROFL,19,55,50.0,480.0,24000.0,2026-03-09
2026030901000018,HBL,1,58,40.0,200.0,8000.0,2026-03-09
2026030901000017,HBL,1,34,10.0,200.0,2000.0,2026-03-09
2026030901000016,HBL,1,18,100.0,200.0,20000.0,2026-03-09
2026030901000015,HBL,1,36,1000.0,200.0,200000.0,2026-03-09
2026030901000014,HBL,1,58,10.0,200.0,2000.0,2026-03-09
2026030901000013,HBL,1,62,10.0,200.0,2000.0,2026-03-09
2026030905000009,HIDCL,52,55,500.0,271.7,135850.0,2026-03-09
2026030903000020,SWBBL,55,55,50.0,761.0,38050.0,2026-03-09
2026030903000019,SWBBL,5,55,100.0,761.0,76100.0,2026-03-09
2026030903000018,SWBBL,48,55,50.0,761.0,38050.0,2026-03-09
2026030903000017,SFCL,49,55,380.0,402.0,152760.0,2026-03-09
2026030903000016,SFCL,7,55,20.0,402.0,8040.0,2026-03-09
2026030904000011,NICL,65,87,10.0,511.9,5119.0,2026-03-09
2026030901000012,SCB,20,14,15.0,663.0,9945.0,2026-03-09
2026030901000011,SCB,20,36,10.0,663.0,6630.0,2026-03-09
2026030901000010,SCB,20,52,20.0,663.0,13260.0,2026-03-09
2026030905000008,NTC,14,59,100.0,889.4,88940.0,2026-03-09
2026030903000015,CFCL,74,55,400.0,548.7,219480.0,2026-03-09
2026030903000014,CFCL,74,51,50.0,548.7,27435.0,2026-03-09
2026030904000010,BPCL,56,34,10.0,747.6,7476.0,2026-03-09
2026030904000009,BPCL,56,40,100.0,747.6,74760.0,2026-03-09
2026030904000008,BPCL,56,67,100.0,747.6,74760.0,2026-03-09
2026030903000013,PFL,49,55,398.0,395.7,157488.6,2026-03-09
2026030903000012,PFL,49,55,150.0,395.7,59355.0,2026-03-09
2026030903000011,PFL,32,55,250.0,395.7,98925.0,2026-03-09
2026030905000007,HDL,43,3,10.0,1181.9,11819.0,2026-03-09
2026030905000006,HDL,43,34,10.0,1181.9,11819.0,2026-03-09
2026030905000005,HDL,43,58,10.0,1181.9,11819.0,2026-03-09
2026030901000009,NIMB,34,58,18.0,198.7,3576.6,2026-03-09
2026030901000008,NIMB,34,56,10.0,198.7,1987.0,2026-03-09
2026030901000007,NIMB,34,36,300.0,198.7,59610.0,2026-03-09
2026030903000010,BFC,74,55,200.0,488.0,97600.0,2026-03-09
2026030904000007,NHPC,36,14,20.0,231.0,4620.0,2026-03-09
2026030904000006,NHPC,36,55,10.0,231.0,2310.0,2026-03-09
2026030903000009,GUFL,55,97,10.0,580.3,5803.0,2026-03-09
2026030905000004,CIT,42,44,20.0,1839.0,36780.0,2026-03-09
2026030905000003,CIT,58,44,20.0,1839.0,36780.0,2026-03-09
2026030904000005,OHL,35,39,100.0,729.3,72930.0,2026-03-09
2026030903000008,LICN,5,51,20.0,853.7,17074.0,2026-03-09
2026030903000007,LICN,32,51,20.0,853.7,17074.0,2026-03-09
2026030903000006,LICN,41,51,10.0,853.7,8537.0,2026-03-09
2026030905000002,BBC,33,39,10.0,4713.0,47130.0,2026-03-09
2026030903000005,NABBC,52,25,105.0,1454.0,152670.0,2026-03-09
2026030903000004,NABBC,52,64,10.0,1454.0,14540.0,2026-03-09
2026030903000003,NABBC,52,66,10.0,1454.0,14540.0,2026-03-09
2026030903000002,CBBL,17,55,190.0,956.6,181754.0,2026-03-09
2026030903000001,CBBL,36,55,10.0,956.6,9566.0,2026-03-09
2026030901000006,NABIL,16,59,70.0,514.0,35980.0,2026-03-09
2026030901000005,NABIL,74,59,130.0,514.0,66820.0,2026-03-09
2026030901000004,NABIL,74,51,50.0,514.0,25700.0,2026-03-09
2026030901000003,NABIL,74,41,20.0,514.0,10280.0,2026-03-09
2026030901000002,NABIL,57,41,80.0,514.0,41120.0,2026-03-09
2026030901000001,NABIL,57,56,20.0,514.0,10280.0,2026-03-09
2026030904000004,SHL,16,55,165.0,511.8,84447.0,2026-03-09
2026030904000003,SHL,26,55,235.0,511.8,120273.0,2026-03-09
2026030904000002,SHL,26,51,115.0,511.8,58857.0,2026-03-09
2026030904000001,SHL,26,55,150.0,511.8,76770.0,2026-03-09
2026030905000001,STC,42,45,10.0,6211.8,62118.0,2026-03-09
