transaction,symbol,buyer,seller,quantity,rate,amount,date
2025091805002197,BBC,43,84,10.0,4566.1,45661.0,2025-09-18
2025091804002342,MHNL,58,62,80.0,235.3,18824.0,2025-09-18
2025091805002196,RNLI,29,36,12.0,424.0,5088.0,2025-09-18
2025091804002341,RADHI,57,65,100.0,709.0,70900.0,2025-09-18
2025091805002195,BHL,14,86,20.0,167.0,3340.0,2025-09-18
2025091804002340,SPDL,48,16,800.0,362.4,289920.0,2025-09-18
2025091803001111,NFS,58,49,10.0,605.0,6050.0,2025-09-18
2025091801001785,KBL,48,57,160.0,179.0,28640.0,2025-09-18
2025091804002339,SHL,58,25,100.0,489.9,48990.0,2025-09-18
2025091804002338,BPCL,59,1,50.0,727.1,36355.0,2025-09-18
2025091803001110,JBBL,34,58,10.0,309.0,3090.0,2025-09-18
2025091805002194,HDL,45,45,10.0,1298.0,12980.0,2025-09-18
2025091803001109,CBBL,54,53,124.0,925.0,114700.0,2025-09-18
2025091805002193,HRL,26,45,56.0,878.0,49168.0,2025-09-18
2025091805002192,HRL,26,22,32.0,878.0,28096.0,2025-09-18
2025091805002191,HRL,26,34,12.0,878.0,10536.0,2025-09-18
2025091801001784,NMIC,74,32,20.0,1080.0,21600.0,2025-09-18
2025091805002190,SHIVM,45,19,25.0,532.0,13300.0,2025-09-18
2025091805002189,SHIVM,66,19,500.0,532.1,266050.0,2025-09-18
2025091805002188,SHIVM,35,19,675.0,534.0,360450.0,2025-09-18
2025091805002187,SONA,11,34,100.0,422.0,42200.0,2025-09-18
2025091803001108,NFS,58,7,10.0,605.0,6050.0,2025-09-18
2025091805002186,SHIVM,35,42,150.0,534.0,80100.0,2025-09-18
2025091805002185,ILI,45,45,12.0,411.1,4933.2,2025-09-18
2025091804002337,NLG,62,17,30.0,711.0,21330.0,2025-09-18
2025091804002336,BPCL,26,36,77.0,735.0,56595.0,2025-09-18
2025091804002335,BPCL,26,42,10.0,730.0,7300.0,2025-09-18
2025091804002334,BPCL,26,45,243.0,727.2,176709.6,2025-09-18
2025091805002184,SONA,11,44,41.0,422.0,17302.0,2025-09-18
2025091804002333,BPCL,98,45,20.0,727.2,14544.0,2025-09-18
2025091805002183,NIFRA,48,28,49.0,254.0,12446.0,2025-09-18
2025091804002332,RIDI,41,64,125.0,209.0,26125.0,2025-09-18
2025091804002331,RIDI,41,17,65.0,209.0,13585.0,2025-09-18
2025091804002330,RIDI,41,57,310.0,209.0,64790.0,2025-09-18
2025091801001783,BHCL,36,84,100.0,416.0,41600.0,2025-09-18
2025091805002182,CIT,25,35,10.0,1766.0,17660.0,2025-09-18
2025091805002181,CIT,42,35,10.0,1766.0,17660.0,2025-09-18
2025091805002180,CIT,35,35,50.0,1766.0,88300.0,2025-09-18
2025091805002179,CIT,91,35,15.0,1766.0,26490.0,2025-09-18
2025091803001107,JFL,34,34,20.0,402.7,8054.0,2025-09-18
2025091803001106,JFL,49,34,965.0,402.7,388605.5,2025-09-18
2025091801001782,SNLI,48,36,902.0,427.4,385514.8,2025-09-18
2025091801001781,SNLI,11,36,100.0,427.5,42750.0,2025-09-18
2025091801001780,SNLI,55,36,468.0,427.5,200070.0,2025-09-18
2025091804002329,UMHL,82,34,41.0,542.0,22222.0,2025-09-18
2025091801001779,NABIL,17,26,277.0,483.0,133791.0,2025-09-18
2025091801001778,NABIL,49,26,10.0,484.0,4840.0,2025-09-18
2025091801001777,NABIL,45,26,513.0,485.0,248805.0,2025-09-18
2025091801001776,NBL,45,42,285.0,230.0,65550.0,2025-09-18
2025091801001775,NBL,41,42,115.0,231.0,26565.0,2025-09-18
2025091801001774,GBIME,42,28,312.0,229.0,71448.0,2025-09-18
2025091804002328,API,16,37,100.0,260.1,26010.0,2025-09-18
2025091804002327,HPPL,87,81,10.0,419.4,4194.0,2025-09-18
2025091801001773,NMIC,74,54,10.0,1080.0,10800.0,2025-09-18
2025091805002178,SANVI,34,45,10.0,544.0,5440.0,2025-09-18
2025091804002326,LEC,26,10,500.0,194.0,97000.0,2025-09-18
2025091805002177,CIT,54,58,20.0,1781.0,35620.0,2025-09-18
2025091801001772,KBL,84,57,500.0,179.0,89500.0,2025-09-18
2025091801001771,KBL,25,57,340.0,180.0,61200.0,2025-09-18
2025091803001105,MFIL,42,4,20.0,620.5,12410.0,2025-09-18
2025091801001770,NMIC,74,58,40.0,1080.0,43200.0,2025-09-18
2025091801001769,CREST,58,42,10.0,1005.3,10053.0,2025-09-18
2025091803001104,SKBBL,60,29,100.0,813.0,81300.0,2025-09-18
2025091804002325,AHPC,34,58,50.0,268.0,13400.0,2025-09-18
2025091804002324,AHPC,34,62,47.0,267.0,12549.0,2025-09-18
2025091803001103,SINDU,8,21,50.0,618.0,30900.0,2025-09-18
2025091801001768,NIMB,68,7,75.0,193.0,14475.0,2025-09-18
2025091804002323,LEC,59,10,1000.0,194.1,194100.0,2025-09-18
2025091804002322,LEC,33,10,517.0,194.1,100349.7,2025-09-18
2025091804002321,LEC,34,10,1000.0,194.2,194200.0,2025-09-18
2025091804002320,LEC,57,10,150.0,195.0,29250.0,2025-09-18
2025091804002319,LEC,43,10,1000.0,195.0,195000.0,2025-09-18
2025091804002318,LEC,43,10,2000.0,195.0,390000.0,2025-09-18
2025091804002317,LEC,14,10,128.0,196.0,25088.0,2025-09-18
2025091804002316,LEC,26,10,100.0,197.0,19700.0,2025-09-18
2025091803001102,HLI,17,56,35.0,362.0,12670.0,2025-09-18
2025091805002176,SPHL,41,57,10.0,507.1,5071.0,2025-09-18
2025091801001767,HBL,33,52,10.0,187.0,1870.0,2025-09-18
2025091803001101,MLBL,45,26,333.0,356.0,118548.0,2025-09-18
2025091803001100,MLBL,45,17,67.0,356.0,23852.0,2025-09-18
2025091803001099,SJLIC,45,32,165.0,397.0,65505.0,2025-09-18
2025091805002175,SAHAS,29,36,200.0,590.0,118000.0,2025-09-18
2025091804002315,HPPL,69,87,1000.0,420.0,420000.0,2025-09-18
2025091801001766,PRVU,34,45,500.0,188.0,94000.0,2025-09-18
2025091804002314,BPCL,3,45,300.0,728.4,218520.0,2025-09-18
2025091805002174,BHL,14,42,1188.0,167.0,198396.0,2025-09-18
2025091805002173,BHL,38,42,620.0,167.1,103602.0,2025-09-18
2025091805002172,BHL,34,42,200.0,169.0,33800.0,2025-09-18
2025091804002313,CGH,42,39,50.0,888.0,44400.0,2025-09-18
2025091803001098,LBBL,85,22,1103.0,499.0,550397.0,2025-09-18
2025091804002312,AKPL,58,42,10.0,238.0,2380.0,2025-09-18
2025091803001097,JBBL,49,42,130.0,305.0,39650.0,2025-09-18
2025091804002311,SSHL,74,42,50.0,158.5,7925.0,2025-09-18
2025091804002310,AKPL,52,42,10.0,238.0,2380.0,2025-09-18
2025091803001096,LBBL,85,47,250.0,499.0,124750.0,2025-09-18
2025091804002309,UNHPL,11,35,200.0,425.0,85000.0,2025-09-18
2025091803001095,BFC,45,57,50.0,419.8,20990.0,2025-09-18
2025091803001094,BFC,13,57,100.0,422.0,42200.0,2025-09-18
2025091803001093,BFC,45,57,20.0,423.0,8460.0,2025-09-18
2025091803001092,BFC,42,57,129.0,430.0,55470.0,2025-09-18
2025091803001091,SAPDBL,32,48,200.0,699.4,139880.0,2025-09-18
2025091801001765,GBIME,42,45,10.0,229.0,2290.0,2025-09-18
2025091804002308,AHPC,14,62,100.0,267.0,26700.0,2025-09-18
2025091804002307,SHPC,4,86,425.0,500.0,212500.0,2025-09-18
2025091804002306,LEC,26,8,50.0,197.0,9850.0,2025-09-18
2025091804002305,CGH,42,7,100.0,888.0,88800.0,2025-09-18
2025091805002171,MHL,8,35,10.0,451.6,4516.0,2025-09-18
2025091805002170,MHL,91,35,240.0,452.0,108480.0,2025-09-18
2025091804002304,UNHPL,41,49,200.0,427.0,85400.0,2025-09-18
2025091803001090,GBBL,26,36,14.0,395.0,5530.0,2025-09-18
2025091803001089,SWBBL,61,54,176.0,760.0,133760.0,2025-09-18
2025091805002169,RNLI,29,17,50.0,424.0,21200.0,2025-09-18
2025091804002303,API,1,37,1000.0,260.1,260100.0,2025-09-18
2025091804002302,UAIL,51,54,29.0,462.0,13398.0,2025-09-18
2025091804002301,UNHPL,45,49,305.0,427.0,130235.0,2025-09-18
2025091801001764,PCBL,22,57,60.0,234.0,14040.0,2025-09-18
2025091801001763,PCBL,22,17,502.0,230.0,115460.0,2025-09-18
2025091801001762,NMIC,74,11,10.0,1080.0,10800.0,2025-09-18
2025091801001761,NABIL,45,19,17.0,485.0,8245.0,2025-09-18
2025091804002300,HURJA,29,34,200.0,210.0,42000.0,2025-09-18
2025091805002168,BBC,58,58,10.0,5090.0,50900.0,2025-09-18
2025091801001760,GBIME,28,51,10.0,230.5,2305.0,2025-09-18
2025091801001759,GBIME,28,19,10.0,230.0,2300.0,2025-09-18
2025091804002299,SHL,25,25,100.0,489.9,48990.0,2025-09-18
2025091803001088,JFL,49,38,235.0,402.7,94634.5,2025-09-18
2025091803001087,JFL,21,38,20.0,410.9,8218.0,2025-09-18
2025091803001086,JFL,21,38,50.0,411.0,20550.0,2025-09-18
2025091805002167,ILI,58,14,12.0,411.0,4932.0,2025-09-18
2025091804002298,RHPL,41,32,10.0,278.5,2785.0,2025-09-18
2025091803001085,KSBBL,59,4,215.0,490.0,105350.0,2025-09-18
2025091803001084,KSBBL,13,4,200.0,491.0,98200.0,2025-09-18
2025091803001083,KSBBL,74,4,435.0,491.0,213585.0,2025-09-18
2025091801001758,NESDO,1,45,103.0,1428.1,147094.3,2025-09-18
2025091804002297,SHEL,45,32,500.0,275.0,137500.0,2025-09-18
2025091804002296,SHEL,42,32,40.0,275.0,11000.0,2025-09-18
2025091804002295,SHEL,28,32,3287.0,275.0,903925.0,2025-09-18
2025091804002294,SHEL,34,32,700.0,275.1,192570.0,2025-09-18
2025091803001082,CBBL,54,17,1317.0,925.0,1218225.0,2025-09-18
2025091803001081,CBBL,13,17,10.0,925.0,9250.0,2025-09-18
2025091803001080,CBBL,36,17,10.0,925.0,9250.0,2025-09-18
2025091803001079,CBBL,17,17,13.0,926.0,12038.0,2025-09-18
2025091803001078,CBBL,38,17,50.0,927.1,46355.0,2025-09-18
2025091805002166,BBC,99,58,10.0,5090.0,50900.0,2025-09-18
2025091803001077,KSBBL,74,49,65.0,491.0,31915.0,2025-09-18
2025091803001076,KSBBL,8,49,500.0,500.0,250000.0,2025-09-18
2025091804002293,JOSHI,45,49,100.0,261.0,26100.0,2025-09-18
2025091801001757,NABIL,45,42,370.0,485.0,179450.0,2025-09-18
2025091804002292,AKPL,41,16,190.0,234.1,44479.0,2025-09-18
2025091804002291,AKPL,25,16,10.0,235.0,2350.0,2025-09-18
2025091804002290,UPPER,71,22,10.0,169.1,1691.0,2025-09-18
2025091805002165,SONA,11,58,120.0,422.0,50640.0,2025-09-18
2025091804002289,NGPL,36,36,300.0,364.0,109200.0,2025-09-18
2025091803001075,PMLI,35,48,987.0,454.0,448098.0,2025-09-18
2025091803001074,LBBL,85,49,77.0,499.0,38423.0,2025-09-18
2025091801001756,HBL,56,49,10.0,188.0,1880.0,2025-09-18
2025091801001755,HBL,56,38,10.0,188.0,1880.0,2025-09-18
2025091801001754,HBL,56,42,10.0,188.0,1880.0,2025-09-18
2025091801001753,HBL,56,17,1200.0,188.0,225600.0,2025-09-18
2025091801001752,HBL,56,58,10.0,187.5,1875.0,2025-09-18
2025091801001751,HBL,56,34,10.0,187.5,1875.0,2025-09-18
2025091804002288,UAIL,42,40,100.0,460.9,46090.0,2025-09-18
2025091805002164,SHIVM,35,42,175.0,534.0,93450.0,2025-09-18
2025091805002163,SHIVM,45,42,50.0,534.0,26700.0,2025-09-18
2025091805002162,SHIVM,22,42,100.0,534.1,53410.0,2025-09-18
2025091801001750,TTL,49,41,10.0,692.4,6924.0,2025-09-18
2025091805002161,ILI,58,45,200.0,411.0,82200.0,2025-09-18
2025091803001073,MLBBL,34,44,50.0,1449.0,72450.0,2025-09-18
2025091801001749,PCBL,49,17,40.0,230.0,9200.0,2025-09-18
2025091801001748,PCBL,49,34,10.0,230.0,2300.0,2025-09-18
2025091804002287,CHL,72,1,10.0,229.0,2290.0,2025-09-18
2025091801001747,NMIC,74,21,40.0,1080.0,43200.0,2025-09-18
2025091803001072,NFS,17,55,100.0,603.1,60310.0,2025-09-18
2025091804002286,SHEL,34,57,300.0,275.1,82530.0,2025-09-18
2025091804002285,AKPL,14,42,500.0,238.0,119000.0,2025-09-18
2025091801001746,NICA,43,86,50.0,314.0,15700.0,2025-09-18
2025091805002160,HDL,17,45,2000.0,1298.0,2596000.0,2025-09-18
2025091801001745,CREST,58,45,100.0,1005.3,100530.0,2025-09-18
2025091801001744,PRVU,38,45,80.0,188.0,15040.0,2025-09-18
2025091804002284,UPPER,34,58,30.0,169.0,5070.0,2025-09-18
2025091801001743,TTL,57,41,50.0,692.4,34620.0,2025-09-18
2025091805002159,HDL,35,35,35.0,1292.0,45220.0,2025-09-18
2025091805002158,HDL,6,35,21.0,1292.0,27132.0,2025-09-18
2025091804002283,AKPL,26,42,25.0,238.0,5950.0,2025-09-18
2025091801001742,HBL,33,45,10.0,187.0,1870.0,2025-09-18
2025091803001071,MFIL,42,62,50.0,620.5,31025.0,2025-09-18
2025091805002157,MBJC,1,3,95.0,284.5,27027.5,2025-09-18
2025091803001070,BFC,42,4,80.0,430.0,34400.0,2025-09-18
2025091805002156,SHIVM,36,50,200.0,535.0,107000.0,2025-09-18
2025091805002155,NIFRA,48,38,50.0,254.0,12700.0,2025-09-18
2025091805002154,BEDC,1,8,10.0,577.0,5770.0,2025-09-18
2025091801001741,HBL,33,58,10.0,187.0,1870.0,2025-09-18
2025091805002153,SAHAS,5,28,33.0,590.0,19470.0,2025-09-18
2025091803001069,KMCDB,49,56,25.0,994.8,24870.0,2025-09-18
2025091803001068,KMCDB,49,56,15.0,1000.0,15000.0,2025-09-18
2025091801001740,HBL,33,58,10.0,187.0,1870.0,2025-09-18
2025091804002282,HDHPC,11,62,10.0,165.0,1650.0,2025-09-18
2025091801001739,HBL,33,58,10.0,187.0,1870.0,2025-09-18
2025091803001067,SAPDBL,32,47,40.0,699.4,27976.0,2025-09-18
2025091801001738,NABIL,49,14,90.0,484.0,43560.0,2025-09-18
2025091803001066,RSDC,34,65,371.0,633.0,234843.0,2025-09-18
2025091803001065,RSDC,54,65,129.0,633.1,81669.9,2025-09-18
2025091801001737,KBL,25,49,100.0,180.0,18000.0,2025-09-18
2025091801001736,SARBTM,52,19,10.0,810.0,8100.0,2025-09-18
2025091803001064,LICN,13,58,10.0,773.2,7732.0,2025-09-18
2025091804002281,SHEL,28,1,100.0,275.0,27500.0,2025-09-18
2025091801001735,SRLI,58,58,11.0,363.9,4002.9,2025-09-18
2025091805002152,HDL,6,6,39.0,1292.0,50388.0,2025-09-18
2025091805002151,NTC,58,58,60.0,808.0,48480.0,2025-09-18
2025091804002280,API,59,35,200.0,260.0,52000.0,2025-09-18
2025091804002279,GHL,98,25,200.0,204.6,40920.0,2025-09-18
2025091805002150,BHL,42,25,115.0,169.9,19538.5,2025-09-18
2025091804002278,UPPER,41,22,160.0,169.1,27056.0,2025-09-18
2025091804002277,HDHPC,17,62,538.0,165.0,88770.0,2025-09-18
2025091804002276,HDHPC,17,58,462.0,165.0,76230.0,2025-09-18
2025091804002275,UPCL,92,81,1567.0,382.0,598594.0,2025-09-18
2025091804002274,UPCL,92,29,200.0,381.0,76200.0,2025-09-18
2025091804002273,UPCL,92,14,10.0,380.0,3800.0,2025-09-18
2025091804002272,UPCL,92,58,123.0,378.0,46494.0,2025-09-18
2025091804002271,SHEL,28,58,250.0,275.0,68750.0,2025-09-18
2025091804002270,SICL,25,19,115.0,654.2,75233.0,2025-09-18
2025091801001734,CREST,84,14,20.0,1006.0,20120.0,2025-09-18
2025091804002269,UAIL,45,54,10.0,462.0,4620.0,2025-09-18
2025091804002268,AKPL,22,42,200.0,238.0,47600.0,2025-09-18
2025091801001733,KBL,25,38,180.0,180.0,32400.0,2025-09-18
2025091801001732,KBL,25,38,1750.0,180.0,315000.0,2025-09-18
2025091801001731,KBL,25,36,200.0,179.0,35800.0,2025-09-18
2025091801001730,KBL,25,34,430.0,179.0,76970.0,2025-09-18
2025091805002149,HDL,54,22,100.0,1298.0,129800.0,2025-09-18
2025091805002148,SONA,11,52,200.0,422.0,84400.0,2025-09-18
2025091804002267,AHPC,42,62,20.0,267.0,5340.0,2025-09-18
2025091804002266,AHPC,50,62,75.0,267.1,20032.5,2025-09-18
2025091803001063,SAPDBL,38,21,100.0,700.0,70000.0,2025-09-18
2025091805002147,HIDCL,45,29,100.0,250.3,25030.0,2025-09-18
2025091805002146,HIDCL,14,29,50.0,254.0,12700.0,2025-09-18
2025091805002145,MKJC,57,45,10.0,553.0,5530.0,2025-09-18
2025091805002144,HDL,6,57,40.0,1292.0,51680.0,2025-09-18
2025091805002143,HDL,66,57,50.0,1292.0,64600.0,2025-09-18
2025091805002142,HDL,19,57,10.0,1295.0,12950.0,2025-09-18
2025091805002141,HIDCL,45,1,780.0,250.3,195234.0,2025-09-18
2025091805002140,HIDCL,49,1,200.0,250.3,50060.0,2025-09-18
2025091805002139,HIDCL,62,1,1000.0,250.4,250400.0,2025-09-18
2025091805002138,HIDCL,4,1,10.0,252.0,2520.0,2025-09-18
2025091805002137,HIDCL,62,1,10.0,252.0,2520.0,2025-09-18
2025091805002136,SANVI,34,58,10.0,544.0,5440.0,2025-09-18
2025091804002265,LEC,26,58,350.0,197.0,68950.0,2025-09-18
2025091804002264,UNHPL,45,42,10.0,427.0,4270.0,2025-09-18
2025091805002135,BBC,37,58,10.0,4566.0,45660.0,2025-09-18
2025091801001729,PRVU,18,45,22.0,188.0,4136.0,2025-09-18
2025091801001728,PRVU,36,45,20.0,188.1,3762.0,2025-09-18
2025091803001062,LBBL,85,6,200.0,498.0,99600.0,2025-09-18
2025091803001061,LBBL,85,42,100.0,491.8,49180.0,2025-09-18
2025091803001060,LBBL,85,42,270.0,491.8,132786.0,2025-09-18
2025091801001727,HBL,33,56,10.0,187.0,1870.0,2025-09-18
2025091801001726,CREST,84,52,80.0,1006.0,80480.0,2025-09-18
2025091801001725,CREST,34,52,50.0,1006.0,50300.0,2025-09-18
2025091804002263,SHEL,28,7,20.0,275.0,5500.0,2025-09-18
2025091804002262,SICL,25,45,85.0,654.2,55607.0,2025-09-18
2025091803001059,MNBBL,70,58,130.0,426.0,55380.0,2025-09-18
2025091803001058,MNBBL,94,58,650.0,426.1,276965.0,2025-09-18
2025091803001057,MNBBL,17,58,200.0,427.0,85400.0,2025-09-18
2025091803001056,MNBBL,36,58,20.0,427.0,8540.0,2025-09-18
2025091805002134,GIBF1,58,40,170.0,9.67,1643.9,2025-09-18
2025091805002133,NTC,58,32,40.0,808.0,32320.0,2025-09-18
2025091801001724,BHCL,25,51,10.0,413.1,4131.0,2025-09-18
2025091805002132,SHIVM,34,50,100.0,535.0,53500.0,2025-09-18
2025091801001723,LSL,26,51,781.0,219.0,171039.0,2025-09-18
2025091801001722,NMIC,74,58,10.0,1080.0,10800.0,2025-09-18
2025091805002131,ILI,58,58,12.0,411.0,4932.0,2025-09-18
2025091805002130,NRN,38,41,10.0,1846.0,18460.0,2025-09-18
2025091805002129,NRN,25,41,151.0,1850.0,279350.0,2025-09-18
2025091805002128,NRN,58,41,19.0,1850.0,35150.0,2025-09-18
2025091805002127,NRN,7,41,20.0,1850.2,37004.0,2025-09-18
2025091805002126,SONA,11,6,56.0,422.0,23632.0,2025-09-18
2025091804002261,UMHL,82,64,1890.0,542.0,1024380.0,2025-09-18
2025091804002260,UMHL,62,64,50.0,542.1,27105.0,2025-09-18
2025091804002259,UMHL,5,64,500.0,542.2,271100.0,2025-09-18
2025091804002258,UMHL,71,64,60.0,543.0,32580.0,2025-09-18
2025091805002125,SHIVM,44,50,100.0,535.0,53500.0,2025-09-18
2025091805002124,SHIVM,4,50,349.0,535.0,186715.0,2025-09-18
2025091801001721,CZBIL,45,6,20.0,197.0,3940.0,2025-09-18
2025091804002257,UPCL,43,58,500.0,378.0,189000.0,2025-09-18
2025091804002256,CGH,45,50,100.0,889.0,88900.0,2025-09-18
2025091801001720,HBL,33,62,10.0,187.0,1870.0,2025-09-18
2025091801001719,NIMB,11,7,1000.0,193.0,193000.0,2025-09-18
2025091801001718,NBL,35,57,100.0,233.0,23300.0,2025-09-18
2025091804002255,UPPER,25,22,230.0,169.1,38893.0,2025-09-18
2025091804002254,UPPER,38,22,254.0,169.1,42951.4,2025-09-18
2025091804002253,API,45,37,500.0,260.1,130050.0,2025-09-18
2025091804002252,AKJCL,16,81,440.0,173.0,76120.0,2025-09-18
2025091804002251,AKJCL,58,81,50.0,173.0,8650.0,2025-09-18
2025091805002123,SAHAS,50,6,196.0,586.0,114856.0,2025-09-18
2025091805002122,SAHAS,49,6,100.0,587.0,58700.0,2025-09-18
2025091805002121,SAHAS,4,6,352.0,587.0,206624.0,2025-09-18
2025091805002120,SAHAS,17,6,1000.0,588.0,588000.0,2025-09-18
2025091805002119,SAHAS,17,6,352.0,588.0,206976.0,2025-09-18
2025091805002118,SAHAS,34,6,100.0,589.0,58900.0,2025-09-18
2025091804002250,SALICO,6,57,10.0,627.4,6274.0,2025-09-18
2025091801001717,NABIL,17,42,130.0,485.0,63050.0,2025-09-18
2025091801001716,NABIL,17,59,370.0,485.0,179450.0,2025-09-18
2025091805002117,SHIVM,4,13,151.0,535.0,80785.0,2025-09-18
2025091805002116,SHIVM,60,13,500.0,535.0,267500.0,2025-09-18
2025091805002115,SHIVM,22,13,11.0,538.0,5918.0,2025-09-18
2025091805002114,CIT,56,1,50.0,1780.0,89000.0,2025-09-18
2025091805002113,CIT,56,58,49.0,1780.0,87220.0,2025-09-18
2025091801001715,HBL,33,58,10.0,187.0,1870.0,2025-09-18
2025091804002249,UPCL,88,45,100.0,377.2,37720.0,2025-09-18
2025091804002248,RADHI,57,46,90.0,700.0,63000.0,2025-09-18
2025091805002112,HIDCL,57,58,620.0,255.0,158100.0,2025-09-18
2025091805002111,HIDCL,57,71,280.0,255.0,71400.0,2025-09-18
2025091805002110,HIDCL,57,54,100.0,254.0,25400.0,2025-09-18
2025091804002247,LEC,14,49,40.0,196.0,7840.0,2025-09-18
2025091803001055,MNBBL,36,3,284.0,427.0,121268.0,2025-09-18
2025091805002109,SAHAS,17,44,60.0,588.0,35280.0,2025-09-18
2025091804002246,BPCL,59,51,103.0,727.1,74891.3,2025-09-18
2025091804002245,BPCL,57,51,300.0,727.1,218130.0,2025-09-18
2025091804002244,BPCL,94,51,100.0,727.2,72720.0,2025-09-18
2025091804002243,BPCL,94,51,500.0,727.2,363600.0,2025-09-18
2025091804002242,BPCL,6,51,500.0,727.5,363750.0,2025-09-18
2025091804002241,BPCL,72,51,374.0,728.0,272272.0,2025-09-18
2025091804002240,BPCL,13,51,240.0,728.1,174744.0,2025-09-18
2025091804002239,BPCL,72,51,500.0,728.3,364150.0,2025-09-18
2025091804002238,AHPC,49,58,23.0,268.0,6164.0,2025-09-18
2025091804002237,AHPC,49,55,153.0,268.0,41004.0,2025-09-18
2025091804002236,AHPC,49,44,46.0,268.0,12328.0,2025-09-18
2025091803001054,WNLB,64,42,50.0,1906.5,95325.0,2025-09-18
2025091805002108,CHDC,45,16,20.0,2245.0,44900.0,2025-09-18
2025091804002235,NGPL,95,42,1985.0,362.0,718570.0,2025-09-18
2025091801001714,ADBL,50,1,20.0,298.7,5974.0,2025-09-18
2025091803001053,JBBL,6,42,19.0,304.0,5776.0,2025-09-18
2025091801001713,NABIL,21,58,17.0,483.1,8212.7,2025-09-18
2025091801001712,EBL,13,44,175.0,671.1,117442.5,2025-09-18
2025091804002234,AKPL,41,5,450.0,234.1,105345.0,2025-09-18
2025091804002233,AKPL,22,5,50.0,235.0,11750.0,2025-09-18
2025091803001052,SAPDBL,32,34,460.0,699.4,321724.0,2025-09-18
2025091803001051,SAPDBL,4,34,30.0,699.5,20985.0,2025-09-18
2025091803001050,SAPDBL,38,34,10.0,699.5,6995.0,2025-09-18
2025091805002107,SHIVM,22,100,89.0,538.0,47882.0,2025-09-18
2025091805002106,SHIVM,29,100,10.0,538.0,5380.0,2025-09-18
2025091805002105,SHIVM,41,100,101.0,538.0,54338.0,2025-09-18
2025091804002232,GLH,50,32,10.0,232.0,2320.0,2025-09-18
2025091804002231,CHCL,33,58,50.0,464.0,23200.0,2025-09-18
2025091804002230,RIDI,58,57,500.0,209.0,104500.0,2025-09-18
2025091805002104,SONA,11,50,10.0,422.0,4220.0,2025-09-18
2025091803001049,MLBL,88,42,180.0,352.3,63414.0,2025-09-18
2025091804002229,UNHPL,17,16,10.0,428.3,4283.0,2025-09-18
2025091804002228,UNHPL,17,91,990.0,428.0,423720.0,2025-09-18
2025091801001711,NABIL,13,58,140.0,483.1,67634.0,2025-09-18
2025091803001048,PFL,25,58,100.0,385.0,38500.0,2025-09-18
2025091803001047,SJLIC,19,42,137.0,395.1,54128.7,2025-09-18
2025091801001710,MKCL,17,6,50.0,1435.7,71785.0,2025-09-18
2025091801001709,MKCL,39,6,10.0,1435.7,14357.0,2025-09-18
2025091804002227,LEC,14,58,520.0,196.0,101920.0,2025-09-18
2025091805002103,BHL,38,58,380.0,167.1,63498.0,2025-09-18
2025091803001046,MNBBL,51,3,20.0,427.0,8540.0,2025-09-18
2025091803001045,LBBL,45,42,10.0,491.8,4918.0,2025-09-18
2025091805002102,SONA,11,41,184.0,422.0,77648.0,2025-09-18
2025091804002226,SSHL,74,22,300.0,158.5,47550.0,2025-09-18
2025091804002225,UMRH,58,16,10.0,576.0,5760.0,2025-09-18
2025091804002224,OHL,67,41,100.0,700.0,70000.0,2025-09-18
2025091804002223,OHL,67,41,11.0,700.0,7700.0,2025-09-18
2025091804002222,OHL,45,41,100.0,702.0,70200.0,2025-09-18
2025091804002221,UNHPL,45,45,185.0,427.0,78995.0,2025-09-18
2025091801001708,SANIMA,22,58,80.0,348.9,27912.0,2025-09-18
2025091805002101,SANVI,34,34,70.0,544.0,38080.0,2025-09-18
2025091805002100,SANVI,14,34,50.0,544.0,27200.0,2025-09-18
2025091805002099,SANVI,38,34,80.0,544.0,43520.0,2025-09-18
2025091801001707,HBL,33,58,10.0,187.0,1870.0,2025-09-18
2025091804002220,UPCL,6,58,555.0,378.0,209790.0,2025-09-18
2025091804002219,RADHI,34,46,10.0,700.0,7000.0,2025-09-18
2025091805002098,RFPL,58,75,60.0,315.0,18900.0,2025-09-18
2025091801001706,TTL,29,41,10.0,692.4,6924.0,2025-09-18
2025091805002097,NIFRA,48,25,100.0,254.0,25400.0,2025-09-18
2025091801001705,PCBL,14,58,20.0,229.9,4598.0,2025-09-18
2025091805002096,SONA,11,49,35.0,422.0,14770.0,2025-09-18
2025091804002218,SHPC,4,11,200.0,500.0,100000.0,2025-09-18
2025091804002217,UPCL,89,58,200.0,378.0,75600.0,2025-09-18
2025091801001704,HBL,33,21,10.0,187.0,1870.0,2025-09-18
2025091804002216,LEC,14,45,312.0,196.0,61152.0,2025-09-18
2025091804002215,LEC,25,45,498.0,196.0,97608.0,2025-09-18
2025091803001044,PMLI,35,21,13.0,454.0,5902.0,2025-09-18
2025091804002214,RIDI,51,57,54.0,209.0,11286.0,2025-09-18
2025091804002213,HPPL,26,87,100.0,420.0,42000.0,2025-09-18
2025091805002095,BHL,50,25,130.0,169.9,22087.0,2025-09-18
2025091805002094,BHL,50,46,100.0,169.6,16960.0,2025-09-18
2025091805002093,BHL,50,10,100.0,169.0,16900.0,2025-09-18
2025091805002092,BHL,50,98,500.0,169.0,84500.0,2025-09-18
2025091805002091,BHL,50,17,200.0,169.0,33800.0,2025-09-18
2025091805002090,BHL,50,59,370.0,169.0,62530.0,2025-09-18
2025091804002212,UNHPL,97,26,38.0,421.4,16013.2,2025-09-18
2025091804002211,UNHPL,60,26,112.0,422.0,47264.0,2025-09-18
2025091804002210,NLG,91,17,50.0,711.0,35550.0,2025-09-18
2025091805002089,SANVI,38,34,10.0,544.0,5440.0,2025-09-18
2025091804002209,AKPL,6,42,50.0,238.0,11900.0,2025-09-18
2025091805002088,HIDCL,48,54,100.0,254.0,25400.0,2025-09-18
2025091805002087,HDL,17,35,176.0,1291.0,227216.0,2025-09-18
2025091805002086,HDL,26,35,10.0,1295.0,12950.0,2025-09-18
2025091804002208,GHL,42,58,1000.0,202.1,202100.0,2025-09-18
2025091801001703,BHCL,57,84,180.0,416.5,74970.0,2025-09-18
2025091801001702,BHCL,1,84,90.0,417.0,37530.0,2025-09-18
2025091801001701,BHCL,34,84,80.0,417.1,33368.0,2025-09-18
2025091804002207,UPCL,13,58,522.0,378.0,197316.0,2025-09-18
2025091804002206,HPPL,57,87,100.0,420.0,42000.0,2025-09-18
2025091804002205,HPPL,53,87,90.0,420.0,37800.0,2025-09-18
2025091803001043,MNBBL,70,42,855.0,426.0,364230.0,2025-09-18
2025091804002204,BPCL,98,36,10.0,735.0,7350.0,2025-09-18
2025091803001042,HLI,17,49,12.0,361.0,4332.0,2025-09-18
2025091805002085,SHIVM,41,67,100.0,538.0,53800.0,2025-09-18
2025091805002084,HHL,49,55,296.0,319.0,94424.0,2025-09-18
2025091805002083,MKJC,57,57,10.0,553.0,5530.0,2025-09-18
2025091804002203,UNHPL,60,20,888.0,422.0,374736.0,2025-09-18
2025091804002202,UNHPL,94,20,100.0,422.0,42200.0,2025-09-18
2025091804002201,UNHPL,69,20,500.0,422.0,211000.0,2025-09-18
2025091804002200,UNHPL,26,20,299.0,422.0,126178.0,2025-09-18
2025091804002199,UNHPL,8,20,500.0,423.0,211500.0,2025-09-18
2025091804002198,UNHPL,6,20,200.0,423.0,84600.0,2025-09-18
2025091804002197,UNHPL,35,20,123.0,423.0,52029.0,2025-09-18
2025091804002196,UNHPL,39,20,611.0,423.1,258514.1,2025-09-18
2025091804002195,UNHPL,19,20,100.0,425.0,42500.0,2025-09-18
2025091804002194,UNHPL,40,20,179.0,425.0,76075.0,2025-09-18
2025091805002082,NTC,32,59,50.0,808.0,40400.0,2025-09-18
2025091801001700,HBL,33,44,10.0,187.0,1870.0,2025-09-18
2025091804002193,LEC,25,38,402.0,196.0,78792.0,2025-09-18
2025091804002192,HPPL,53,39,100.0,420.0,42000.0,2025-09-18
2025091804002191,NGPL,95,59,100.0,362.0,36200.0,2025-09-18
2025091804002190,UAIL,42,54,100.0,462.0,46200.0,2025-09-18
2025091801001699,TTL,49,41,55.0,692.4,38082.0,2025-09-18
2025091805002081,RFPL,62,4,20.0,315.1,6302.0,2025-09-18
2025091805002080,HDL,26,25,20.0,1295.0,25900.0,2025-09-18
2025091804002189,HPPL,53,32,10.0,420.0,4200.0,2025-09-18
2025091805002079,NIFRA,51,43,500.0,253.0,126500.0,2025-09-18
2025091804002188,SHEL,28,44,610.0,275.0,167750.0,2025-09-18
2025091804002187,HDHPC,91,45,10.0,164.0,1640.0,2025-09-18
2025091801001698,HBL,33,19,10.0,187.0,1870.0,2025-09-18
2025091801001697,HBL,33,49,10.0,187.0,1870.0,2025-09-18
2025091801001696,HBL,33,35,10.0,187.0,1870.0,2025-09-18
2025091805002078,SHIVM,52,62,80.0,539.0,43120.0,2025-09-18
2025091803001041,CBBL,36,94,190.0,925.0,175750.0,2025-09-18
2025091803001040,CBBL,58,94,10.0,925.0,9250.0,2025-09-18
2025091801001695,NICA,4,86,100.0,314.0,31400.0,2025-09-18
2025091804002186,HDHPC,91,42,450.0,164.0,73800.0,2025-09-18
2025091804002185,HDHPC,42,42,30.0,164.1,4923.0,2025-09-18
2025091804002184,UPPER,38,19,500.0,169.1,84550.0,2025-09-18
2025091804002183,UNHPL,40,46,10.0,425.0,4250.0,2025-09-18
2025091804002182,NHPC,54,43,290.0,178.6,51794.0,2025-09-18
2025091804002181,NHPC,33,43,200.0,179.0,35800.0,2025-09-18
2025091804002180,NHPC,58,43,10.0,179.0,1790.0,2025-09-18
2025091804002179,RHPL,49,32,100.0,278.5,27850.0,2025-09-18
2025091804002178,CHCL,14,54,100.0,464.0,46400.0,2025-09-18
2025091801001694,HBL,43,59,10.0,186.6,1866.0,2025-09-18
2025091801001693,PCBL,14,11,70.0,229.9,16093.0,2025-09-18
2025091805002077,HDL,58,48,10.0,1291.0,12910.0,2025-09-18
2025091805002076,PHCL,39,58,10.0,373.4,3734.0,2025-09-18
2025091805002075,MKHC,32,58,10.0,371.0,3710.0,2025-09-18
2025091801001692,NICA,42,86,50.0,314.0,15700.0,2025-09-18
2025091801001691,PURE,8,59,200.0,715.0,143000.0,2025-09-18
2025091801001690,PURE,32,59,90.0,715.0,64350.0,2025-09-18
2025091804002177,SHPC,4,28,49.0,500.0,24500.0,2025-09-18
2025091801001689,JBLB,38,49,10.0,1314.0,13140.0,2025-09-18
2025091804002176,HDHPC,42,58,20.0,164.1,3282.0,2025-09-18
2025091805002074,ILI,58,42,238.0,411.0,97818.0,2025-09-18
2025091801001688,SANIMA,22,8,250.0,348.9,87225.0,2025-09-18
2025091803001039,SAPDBL,32,25,100.0,699.4,69940.0,2025-09-18
2025091803001038,CBBL,58,55,70.0,925.0,64750.0,2025-09-18
2025091803001037,CBBL,49,55,30.0,927.0,27810.0,2025-09-18
2025091801001687,HIMSTAR,64,58,10.0,473.5,4735.0,2025-09-18
2025091801001686,GBIME,42,41,78.0,229.0,17862.0,2025-09-18
2025091804002175,UAIL,42,38,60.0,462.0,27720.0,2025-09-18
2025091804002174,UAIL,42,40,140.0,462.0,64680.0,2025-09-18
2025091805002073,TAMOR,36,17,100.0,468.1,46810.0,2025-09-18
2025091803001036,PMLI,35,49,94.0,463.0,43522.0,2025-09-18
2025091805002072,HDL,4,35,100.0,1295.0,129500.0,2025-09-18
2025091804002173,SHEL,28,6,1500.0,275.0,412500.0,2025-09-18
2025091803001035,JSLBB,34,54,10.0,1164.1,11641.0,2025-09-18
2025091801001685,BHCL,34,66,10.0,417.1,4171.0,2025-09-18
2025091804002172,SGIC,44,13,10.0,514.4,5144.0,2025-09-18
2025091803001034,BFC,42,54,101.0,430.0,43430.0,2025-09-18
2025091804002171,SHEL,28,56,1000.0,275.0,275000.0,2025-09-18
2025091805002071,SHIVM,41,50,49.0,538.0,26362.0,2025-09-18
2025091805002070,SHIVM,17,50,51.0,538.0,27438.0,2025-09-18
2025091804002170,API,32,43,180.0,264.0,47520.0,2025-09-18
2025091804002169,API,32,45,20.0,264.0,5280.0,2025-09-18
2025091801001684,KBL,22,34,500.0,179.0,89500.0,2025-09-18
2025091801001683,HBL,43,32,10.0,186.6,1866.0,2025-09-18
2025091801001682,KBL,58,34,2000.0,179.0,358000.0,2025-09-18
2025091804002168,UMHL,99,53,200.0,544.0,108800.0,2025-09-18
2025091803001033,CBBL,49,74,20.0,927.0,18540.0,2025-09-18
2025091801001681,KBL,29,34,1000.0,179.2,179200.0,2025-09-18
2025091801001680,KBL,42,34,500.0,180.0,90000.0,2025-09-18
2025091801001679,KBL,25,34,70.0,180.0,12600.0,2025-09-18
2025091805002069,RNLI,58,7,12.0,423.8,5085.6,2025-09-18
2025091801001678,KBL,42,34,500.0,180.5,90250.0,2025-09-18
2025091803001032,USLB,10,14,10.0,1729.8,17298.0,2025-09-18
2025091804002167,RADHI,58,26,100.0,697.0,69700.0,2025-09-18
2025091801001677,NIMB,45,29,200.0,193.0,38600.0,2025-09-18
2025091801001676,NIMB,45,57,816.0,193.0,157488.0,2025-09-18
2025091803001031,SMPDA,32,34,10.0,872.4,8724.0,2025-09-18
2025091801001675,BHCL,34,58,10.0,417.1,4171.0,2025-09-18
2025091803001030,PMLI,35,41,80.0,463.0,37040.0,2025-09-18
2025091804002166,SSHL,74,68,300.0,158.5,47550.0,2025-09-18
2025091804002165,SSHL,45,68,100.0,159.0,15900.0,2025-09-18
2025091804002164,SSHL,36,68,300.0,160.0,48000.0,2025-09-18
2025091801001674,CYCL,45,40,200.0,1535.0,307000.0,2025-09-18
2025091805002068,CIT,41,58,196.0,1780.0,348880.0,2025-09-18
2025091805002067,BBC,99,34,10.0,5100.0,51000.0,2025-09-18
2025091805002066,CLI,22,14,10.0,412.0,4120.0,2025-09-18
2025091804002163,MEN,91,49,60.0,581.0,34860.0,2025-09-18
2025091801001673,KBL,25,21,1000.0,180.0,180000.0,2025-09-18
2025091801001672,EBL,74,47,13.0,671.0,8723.0,2025-09-18
2025091803001029,MLBL,38,17,33.0,356.0,11748.0,2025-09-18
2025091804002162,NGPL,16,36,200.0,365.0,73000.0,2025-09-18
2025091805002065,SAHAS,17,49,45.0,588.0,26460.0,2025-09-18
2025091803001028,NICLBSL,45,49,30.0,542.0,16260.0,2025-09-18
2025091804002161,AHPC,50,42,200.0,267.1,53420.0,2025-09-18
2025091803001027,HLI,17,65,50.0,361.0,18050.0,2025-09-18
2025091805002064,SANVI,25,22,30.0,544.1,16323.0,2025-09-18
2025091801001671,KBL,25,54,400.0,180.0,72000.0,2025-09-18
2025091801001670,KBL,25,32,580.0,180.0,104400.0,2025-09-18
2025091801001669,KBL,25,72,850.0,180.0,153000.0,2025-09-18
2025091801001668,KBL,25,14,100.0,179.0,17900.0,2025-09-18
2025091804002160,UPCL,54,58,100.0,381.0,38100.0,2025-09-18
2025091804002159,KPCL,41,57,500.0,501.4,250700.0,2025-09-18
2025091804002158,SHPC,67,28,880.0,500.0,440000.0,2025-09-18
2025091805002063,BEDC,1,8,10.0,588.0,5880.0,2025-09-18
2025091805002062,SHIVM,21,62,300.0,539.0,161700.0,2025-09-18
2025091804002157,NLG,45,18,50.0,711.0,35550.0,2025-09-18
2025091801001667,EBL,49,44,25.0,671.1,16777.5,2025-09-18
2025091805002061,RNLI,10,98,319.0,431.0,137489.0,2025-09-18
2025091805002060,RNLI,10,45,20.0,430.0,8600.0,2025-09-18
2025091801001666,NMIC,74,51,10.0,1080.0,10800.0,2025-09-18
2025091804002156,NGPL,16,45,100.0,365.0,36500.0,2025-09-18
2025091805002059,SHIVM,17,62,100.0,539.0,53900.0,2025-09-18
2025091801001665,EBL,6,44,100.0,671.1,67110.0,2025-09-18
2025091801001664,NICA,48,35,100.0,311.0,31100.0,2025-09-18
2025091805002058,NRN,58,34,300.0,1850.0,555000.0,2025-09-18
2025091805002057,CHDC,50,16,100.0,2245.0,224500.0,2025-09-18
2025091804002155,SHPC,67,66,100.0,500.0,50000.0,2025-09-18
2025091803001026,SINDU,32,21,50.0,618.0,30900.0,2025-09-18
2025091805002056,CLI,22,19,50.0,412.0,20600.0,2025-09-18
2025091801001663,NBL,45,19,50.0,230.0,11500.0,2025-09-18
2025091801001662,NBL,45,35,100.0,229.0,22900.0,2025-09-18
2025091803001025,KSBBL,5,29,100.0,500.0,50000.0,2025-09-18
2025091803001024,KSBBL,34,29,25.0,500.0,12500.0,2025-09-18
2025091803001023,KSBBL,64,29,10.0,500.0,5000.0,2025-09-18
2025091801001661,KBL,41,14,50.0,179.1,8955.0,2025-09-18
2025091801001660,KBL,32,14,150.0,179.1,26865.0,2025-09-18
2025091805002055,USHEC,6,26,10.0,453.0,4530.0,2025-09-18
2025091801001659,SANIMA,41,47,10.0,349.0,3490.0,2025-09-18
2025091803001022,FMDBL,67,5,100.0,777.0,77700.0,2025-09-18
2025091803001021,FMDBL,67,42,55.0,777.0,42735.0,2025-09-18
2025091804002154,SHPC,67,51,20.0,500.0,10000.0,2025-09-18
2025091804002153,SHPC,44,51,180.0,500.0,90000.0,2025-09-18
2025091803001020,MLBL,88,49,10.0,352.3,3523.0,2025-09-18
2025091804002152,RURU,26,40,200.0,650.0,130000.0,2025-09-18
2025091803001019,MLBBL,58,44,10.0,1449.0,14490.0,2025-09-18
2025091804002151,UNHPL,40,19,311.0,425.0,132175.0,2025-09-18
2025091804002150,SHL,21,58,996.0,489.9,487940.4,2025-09-18
2025091803001018,NLIC,3,45,190.0,710.0,134900.0,2025-09-18
2025091805002054,MANDU,58,58,70.0,782.1,54747.0,2025-09-18
2025091805002053,MANDU,4,58,30.0,782.2,23466.0,2025-09-18
2025091804002149,UPPER,14,26,1000.0,170.0,170000.0,2025-09-18
2025091804002148,UPPER,14,57,1000.0,169.9,169900.0,2025-09-18
2025091801001658,EBL,17,44,700.0,671.1,469770.0,2025-09-18
2025091805002052,CLI,28,36,216.0,413.0,89208.0,2025-09-18
2025091804002147,RADHI,58,44,371.0,697.0,258587.0,2025-09-18
2025091804002146,RADHI,48,44,129.0,697.0,89913.0,2025-09-18
2025091801001657,SRLI,58,25,10.0,363.9,3639.0,2025-09-18
2025091801001656,NMIC,74,55,10.0,1080.0,10800.0,2025-09-18
2025091801001655,NABIL,28,59,300.0,485.0,145500.0,2025-09-18
2025091801001654,NABIL,28,44,500.0,484.0,242000.0,2025-09-18
2025091804002145,AKJCL,32,81,100.0,175.0,17500.0,2025-09-18
2025091801001653,JBLB,38,44,89.0,1314.0,116946.0,2025-09-18
2025091801001652,JBLB,62,44,25.0,1315.0,32875.0,2025-09-18
2025091804002144,CHCL,6,46,220.0,472.0,103840.0,2025-09-18
2025091801001651,TTL,38,41,33.0,692.4,22849.2,2025-09-18
2025091803001017,LBBL,45,42,220.0,491.8,108196.0,2025-09-18
2025091803001016,LBBL,45,5,180.0,490.0,88200.0,2025-09-18
2025091803001015,LBBL,45,87,100.0,490.0,49000.0,2025-09-18
2025091803001014,NICLBSL,42,39,30.0,536.1,16083.0,2025-09-18
2025091804002143,BPCL,72,21,306.0,728.0,222768.0,2025-09-18
2025091804002142,BPCL,48,21,30.0,728.1,21843.0,2025-09-18
2025091805002051,TPC,42,26,100.0,311.0,31100.0,2025-09-18
2025091805002050,BHL,14,42,200.0,167.0,33400.0,2025-09-18
2025091801001650,NABIL,38,44,100.0,484.0,48400.0,2025-09-18
2025091801001649,SANIMA,22,14,70.0,348.9,24423.0,2025-09-18
2025091804002141,LEC,25,58,1600.0,196.0,313600.0,2025-09-18
2025091801001648,NICA,48,34,300.0,311.0,93300.0,2025-09-18
2025091801001647,KBL,19,72,10.0,180.0,1800.0,2025-09-18
2025091803001013,GLBSL,22,43,10.0,1977.0,19770.0,2025-09-18
2025091805002049,HDL,75,35,100.0,1295.0,129500.0,2025-09-18
2025091805002048,HDL,75,40,100.0,1295.0,129500.0,2025-09-18
2025091805002047,HDL,75,58,10.0,1295.0,12950.0,2025-09-18
2025091805002046,HDL,75,21,10.0,1295.0,12950.0,2025-09-18
2025091804002140,AHPC,50,89,200.0,267.1,53420.0,2025-09-18
2025091804002139,SSHL,74,53,219.0,158.5,34711.5,2025-09-18
2025091804002138,SSHL,41,53,26.0,159.0,4134.0,2025-09-18
2025091804002137,SSHL,58,53,100.0,160.0,16000.0,2025-09-18
2025091804002136,SSHL,62,53,50.0,160.0,8000.0,2025-09-18
2025091804002135,SSHL,42,53,65.0,160.0,10400.0,2025-09-18
2025091804002134,SSHL,43,53,30.0,161.0,4830.0,2025-09-18
2025091803001012,MLBBL,53,43,25.0,1418.0,35450.0,2025-09-18
2025091801001646,NABIL,41,44,800.0,484.1,387280.0,2025-09-18
2025091804002133,HDHPC,91,83,75.0,164.0,12300.0,2025-09-18
2025091801001645,HBL,43,57,10.0,186.6,1866.0,2025-09-18
2025091804002132,UMHL,59,53,39.0,544.0,21216.0,2025-09-18
2025091803001011,HLI,17,17,100.0,361.0,36100.0,2025-09-18
2025091804002131,SHPC,44,13,150.0,500.0,75000.0,2025-09-18
2025091804002130,SHPC,44,70,670.0,500.0,335000.0,2025-09-18
2025091804002129,SHEL,83,98,180.0,276.0,49680.0,2025-09-18
2025091804002128,SHEL,83,49,20.0,275.1,5502.0,2025-09-18
2025091801001644,NABIL,41,58,200.0,484.1,96820.0,2025-09-18
2025091805002045,NTC,4,62,60.0,808.0,48480.0,2025-09-18
2025091805002044,NIFRA,51,4,126.0,253.0,31878.0,2025-09-18
2025091805002043,SHIVM,17,35,80.0,538.0,43040.0,2025-09-18
2025091801001643,TTL,38,58,10.0,692.4,6924.0,2025-09-18
2025091805002042,RHGCL,14,22,609.0,250.0,152250.0,2025-09-18
2025091805002041,RHGCL,14,58,61.0,250.0,15250.0,2025-09-18
2025091805002040,SIKLES,39,22,50.0,651.0,32550.0,2025-09-18
2025091805002039,SIKLES,59,22,20.0,655.0,13100.0,2025-09-18
2025091805002038,NIFRA,51,33,200.0,253.0,50600.0,2025-09-18
2025091801001642,KBL,32,22,800.0,179.1,143280.0,2025-09-18
2025091804002127,RADHI,48,48,100.0,697.0,69700.0,2025-09-18
2025091801001641,SNLI,14,11,19.0,435.0,8265.0,2025-09-18
2025091801001640,SARBTM,62,7,23.0,810.0,18630.0,2025-09-18
2025091801001639,SARBTM,56,7,30.0,810.1,24303.0,2025-09-18
2025091805002037,SAHAS,17,22,600.0,588.0,352800.0,2025-09-18
2025091803001010,NLIC,22,52,70.0,707.0,49490.0,2025-09-18
2025091805002036,NYADI,43,58,200.0,385.0,77000.0,2025-09-18
2025091801001638,HBL,43,32,10.0,186.6,1866.0,2025-09-18
2025091804002126,CGH,42,14,50.0,890.0,44500.0,2025-09-18
2025091804002125,SHEL,28,6,400.0,275.0,110000.0,2025-09-18
2025091803001009,MLBL,88,58,140.0,352.3,49322.0,2025-09-18
2025091803001008,MLBL,19,58,10.0,353.0,3530.0,2025-09-18
2025091805002035,SHIVM,48,62,200.0,539.0,107800.0,2025-09-18
2025091801001637,NMIC,74,57,10.0,1080.0,10800.0,2025-09-18
2025091804002124,LEC,43,45,500.0,195.0,97500.0,2025-09-18
2025091804002123,LEC,43,45,1500.0,195.0,292500.0,2025-09-18
2025091801001636,NMB,17,47,50.0,239.0,11950.0,2025-09-18
2025091801001635,TTL,67,40,30.0,694.0,20820.0,2025-09-18
2025091804002122,NGPL,14,45,100.0,365.0,36500.0,2025-09-18
2025091803001007,GBLBS,7,45,10.0,724.2,7242.0,2025-09-18
2025091801001634,SCB,17,21,300.0,607.0,182100.0,2025-09-18
2025091805002034,CIT,91,58,35.0,1766.0,61810.0,2025-09-18
2025091805002033,CIT,57,58,165.0,1766.0,291390.0,2025-09-18
2025091805002032,CIT,58,58,100.0,1775.0,177500.0,2025-09-18
2025091804002121,UNHPL,39,11,389.0,423.1,164585.9,2025-09-18
2025091804002120,UNHPL,28,11,250.0,423.1,105775.0,2025-09-18
2025091804002119,UNHPL,91,11,500.0,424.0,212000.0,2025-09-18
2025091804002118,UNHPL,38,11,250.0,424.0,106000.0,2025-09-18
2025091804002117,UNHPL,20,11,611.0,424.0,259064.0,2025-09-18
2025091805002031,MBJC,1,58,75.0,284.5,21337.5,2025-09-18
2025091805002030,RNLI,58,54,12.0,430.0,5160.0,2025-09-18
2025091805002029,CHDC,81,39,152.0,2235.0,339720.0,2025-09-18
2025091805002028,CHDC,48,39,500.0,2235.0,1117500.0,2025-09-18
2025091805002027,CHDC,64,39,10.0,2235.0,22350.0,2025-09-18
2025091805002026,CHDC,39,39,100.0,2235.0,223500.0,2025-09-18
2025091805002025,CHDC,25,39,38.0,2242.0,85196.0,2025-09-18
2025091801001633,BHCL,1,40,10.0,417.0,4170.0,2025-09-18
2025091804002116,UPPER,35,41,100.0,169.2,16920.0,2025-09-18
2025091805002024,HDL,17,45,40.0,1290.1,51604.0,2025-09-18
2025091804002115,NHPC,49,57,10.0,182.0,1820.0,2025-09-18
2025091804002114,NIL,34,54,13.0,634.0,8242.0,2025-09-18
2025091805002023,HDL,17,36,80.0,1290.1,103208.0,2025-09-18
2025091804002113,LEC,45,58,400.0,196.0,78400.0,2025-09-18
2025091804002112,AHPC,50,96,25.0,267.1,6677.5,2025-09-18
2025091801001632,KBL,32,8,50.0,179.1,8955.0,2025-09-18
2025091805002022,NRM,34,58,300.0,425.0,127500.0,2025-09-18
2025091805002021,NRM,34,34,100.0,424.0,42400.0,2025-09-18
2025091805002020,NRM,34,45,100.0,424.0,42400.0,2025-09-18
2025091804002111,SPDL,58,49,120.0,365.0,43800.0,2025-09-18
2025091804002110,SPDL,58,47,150.0,364.0,54600.0,2025-09-18
2025091801001631,GBIME,43,41,30.0,229.0,6870.0,2025-09-18
2025091805002019,HDL,17,52,70.0,1290.1,90307.0,2025-09-18
2025091805002018,HDL,35,52,30.0,1291.0,38730.0,2025-09-18
2025091803001006,MNBBL,57,3,196.0,428.0,83888.0,2025-09-18
2025091803001005,FMDBL,34,1,10.0,765.1,7651.0,2025-09-18
2025091804002109,NGPL,53,39,500.0,361.2,180600.0,2025-09-18
2025091805002017,NTC,41,46,40.0,809.0,32360.0,2025-09-18
2025091801001630,ADBL,58,44,229.0,294.0,67326.0,2025-09-18
2025091805002016,GCIL,17,13,200.0,441.0,88200.0,2025-09-18
2025091805002015,GCIL,17,6,800.0,441.0,352800.0,2025-09-18
2025091804002108,API,59,38,27.0,260.0,7020.0,2025-09-18
2025091801001629,SANIMA,19,14,200.0,348.9,69780.0,2025-09-18
2025091804002107,UNHPL,19,19,100.0,425.0,42500.0,2025-09-18
2025091801001628,HBL,43,55,10.0,186.6,1866.0,2025-09-18
2025091801001627,NICA,48,17,70.0,311.0,21770.0,2025-09-18
2025091801001626,NICA,71,17,30.0,311.0,9330.0,2025-09-18
2025091804002106,NGPL,57,45,200.0,365.0,73000.0,2025-09-18
2025091804002105,SHEL,28,41,20.0,275.0,5500.0,2025-09-18
2025091805002014,NRN,58,21,200.0,1850.0,370000.0,2025-09-18
2025091804002104,SHL,33,25,100.0,490.0,49000.0,2025-09-18
2025091804002103,NGPL,58,38,100.0,362.0,36200.0,2025-09-18
2025091803001004,MDB,35,34,50.0,575.0,28750.0,2025-09-18
2025091804002102,API,59,22,18.0,260.0,4680.0,2025-09-18
2025091804002101,API,14,22,42.0,262.0,11004.0,2025-09-18
2025091804002100,UPCL,95,16,230.0,377.0,86710.0,2025-09-18
2025091804002099,UPCL,34,16,50.0,377.1,18855.0,2025-09-18
2025091804002098,UPCL,52,16,200.0,377.1,75420.0,2025-09-18
2025091804002097,UPCL,57,16,20.0,378.0,7560.0,2025-09-18
2025091804002096,UPCL,17,16,200.0,379.0,75800.0,2025-09-18
2025091804002095,UPCL,55,16,300.0,380.0,114000.0,2025-09-18
2025091805002013,CIT,43,58,10.0,1780.0,17800.0,2025-09-18
2025091805002012,CLI,42,36,10.0,413.0,4130.0,2025-09-18
2025091801001625,NBL,14,42,100.0,225.5,22550.0,2025-09-18
2025091801001624,NBL,17,42,10.0,226.0,2260.0,2025-09-18
2025091801001623,NBL,56,42,500.0,227.0,113500.0,2025-09-18
2025091801001622,ADBL,58,44,40.0,294.0,11760.0,2025-09-18
2025091801001621,MBL,48,58,70.0,225.0,15750.0,2025-09-18
2025091804002094,API,14,50,458.0,262.0,119996.0,2025-09-18
2025091804002093,AKPL,4,42,200.0,238.0,47600.0,2025-09-18
2025091801001620,KBL,48,72,4700.0,180.0,846000.0,2025-09-18
2025091801001619,KBL,48,41,300.0,179.0,53700.0,2025-09-18
2025091804002092,SHEL,28,53,500.0,275.0,137500.0,2025-09-18
2025091805002011,CHDC,25,94,62.0,2242.0,139004.0,2025-09-18
2025091801001618,PURE,32,42,10.0,715.0,7150.0,2025-09-18
2025091801001617,PURE,98,42,30.0,725.0,21750.0,2025-09-18
2025091801001616,NABIL,17,34,502.0,483.0,242466.0,2025-09-18
2025091801001615,NABIL,36,34,151.0,484.0,73084.0,2025-09-18
2025091801001614,NMIC,74,34,10.0,1080.0,10800.0,2025-09-18
2025091801001613,KBL,48,41,200.0,179.0,35800.0,2025-09-18
2025091805002010,SHIVM,17,3,24.0,538.0,12912.0,2025-09-18
2025091801001612,SRLI,58,58,218.0,363.9,79330.2,2025-09-18
2025091801001611,NMIC,74,17,10.0,1080.0,10800.0,2025-09-18
2025091805002009,HIDCL,56,71,200.0,255.0,51000.0,2025-09-18
2025091803001003,PMLI,35,11,30.0,463.0,13890.0,2025-09-18
2025091804002091,UNHPL,8,19,200.0,425.0,85000.0,2025-09-18
2025091805002008,NRN,58,56,107.0,1850.0,197950.0,2025-09-18
2025091805002007,SANVI,8,58,10.0,554.0,5540.0,2025-09-18
2025091805002006,CLI,22,36,10.0,412.0,4120.0,2025-09-18
2025091801001610,EBL,74,7,60.0,671.0,40260.0,2025-09-18
2025091805002005,BHL,58,59,10.0,169.0,1690.0,2025-09-18
2025091801001609,HBL,43,58,10.0,186.6,1866.0,2025-09-18
2025091804002090,NHPC,53,57,75.0,182.0,13650.0,2025-09-18
2025091804002089,NHPC,53,18,75.0,182.0,13650.0,2025-09-18
2025091804002088,NHPC,53,35,50.0,182.0,9100.0,2025-09-18
2025091801001608,TTL,38,35,10.0,692.4,6924.0,2025-09-18
2025091804002087,AKPL,42,42,30.0,238.0,7140.0,2025-09-18
2025091804002086,AKPL,4,42,20.0,238.0,4760.0,2025-09-18
2025091804002085,AKPL,58,42,10.0,238.0,2380.0,2025-09-18
2025091804002084,AKPL,7,42,225.0,238.0,53550.0,2025-09-18
2025091804002083,NGPL,74,45,100.0,365.0,36500.0,2025-09-18
2025091801001607,SRLI,58,51,202.0,363.9,73507.8,2025-09-18
2025091801001606,TTL,5,57,10.0,692.4,6924.0,2025-09-18
2025091804002082,CGH,59,21,400.0,890.5,356200.0,2025-09-18
2025091805002004,HDL,17,49,70.0,1290.1,90307.0,2025-09-18
2025091804002081,SHEL,28,6,300.0,275.0,82500.0,2025-09-18
2025091804002080,NLG,34,4,42.0,711.0,29862.0,2025-09-18
2025091804002079,NLG,44,4,75.0,711.0,53325.0,2025-09-18
2025091804002078,UAIL,45,40,20.0,462.0,9240.0,2025-09-18
2025091801001605,SCB,17,58,49.0,607.0,29743.0,2025-09-18
2025091804002077,KPCL,58,57,25.0,501.4,12535.0,2025-09-18
2025091804002076,KPCL,58,98,100.0,491.4,49140.0,2025-09-18
2025091804002075,KPCL,58,34,95.0,491.4,46683.0,2025-09-18
2025091805002003,CIT,57,41,75.0,1766.0,132450.0,2025-09-18
2025091804002074,AHPC,45,8,500.0,266.0,133000.0,2025-09-18
2025091804002073,HPPL,39,55,10.0,420.0,4200.0,2025-09-18
2025091803001002,GFCL,58,11,30.0,550.0,16500.0,2025-09-18
2025091805002002,SANVI,25,58,10.0,544.1,5441.0,2025-09-18
2025091805002001,HDL,17,6,30.0,1290.1,38703.0,2025-09-18
2025091805002000,SHIVM,17,36,45.0,538.0,24210.0,2025-09-18
2025091803001001,NLIC,19,46,100.0,707.1,70710.0,2025-09-18
2025091803001000,NLIC,18,46,200.0,707.1,141420.0,2025-09-18
2025091805001999,SAHAS,17,57,169.0,588.0,99372.0,2025-09-18
2025091805001998,SAHAS,19,57,50.0,589.0,29450.0,2025-09-18
2025091805001997,SAHAS,29,57,500.0,590.0,295000.0,2025-09-18
2025091805001996,SAHAS,45,57,400.0,590.0,236000.0,2025-09-18
2025091805001995,SAHAS,51,57,425.0,590.0,250750.0,2025-09-18
2025091801001604,PRVU,18,58,48.0,188.0,9024.0,2025-09-18
2025091805001994,CHDC,34,34,210.0,2240.1,470421.0,2025-09-18
2025091805001993,CHDC,62,34,10.0,2241.0,22410.0,2025-09-18
2025091805001992,SONA,1,22,30.0,430.0,12900.0,2025-09-18
2025091805001991,SONA,1,41,20.0,430.0,8600.0,2025-09-18
2025091804002072,SHEL,28,57,100.0,275.0,27500.0,2025-09-18
2025091805001990,HDL,17,57,50.0,1290.1,64505.0,2025-09-18
2025091805001989,BBC,34,84,10.0,4565.0,45650.0,2025-09-18
2025091803000999,LBBL,42,58,35.0,489.5,17132.5,2025-09-18
2025091803000998,LBBL,42,41,165.0,484.0,79860.0,2025-09-18
2025091804002071,AKJCL,65,81,200.0,175.0,35000.0,2025-09-18
2025091804002070,RIDI,17,47,100.0,206.0,20600.0,2025-09-18
2025091803000997,SJLIC,19,46,10.0,395.1,3951.0,2025-09-18
2025091803000996,HLI,43,56,90.0,362.0,32580.0,2025-09-18
2025091803000995,HLI,43,21,10.0,361.0,3610.0,2025-09-18
2025091805001988,NRN,58,44,11.0,1850.0,20350.0,2025-09-18
2025091805001987,BBC,99,52,10.0,5100.0,51000.0,2025-09-18
2025091804002069,AHPC,45,22,70.0,266.0,18620.0,2025-09-18
2025091804002068,AHPC,57,22,45.0,267.0,12015.0,2025-09-18
2025091804002067,NLG,44,58,40.0,711.0,28440.0,2025-09-18
2025091803000994,NLICL,14,6,100.0,550.0,55000.0,2025-09-18
2025091804002066,GLH,14,17,50.0,233.0,11650.0,2025-09-18
2025091803000993,GRDBL,60,47,10.0,950.6,9506.0,2025-09-18
2025091803000992,GRDBL,45,47,100.0,951.0,95100.0,2025-09-18
2025091805001986,SAHAS,51,57,50.0,590.0,29500.0,2025-09-18
2025091805001985,SAHAS,51,34,125.0,590.0,73750.0,2025-09-18
2025091804002065,NGPL,94,44,180.0,361.0,64980.0,2025-09-18
2025091804002064,CHCL,6,58,100.0,464.0,46400.0,2025-09-18
2025091805001984,NIFRA,51,7,54.0,253.0,13662.0,2025-09-18
2025091803000991,LBBL,60,4,500.0,476.1,238050.0,2025-09-18
2025091804002063,API,59,7,300.0,260.0,78000.0,2025-09-18
2025091803000990,MDB,45,34,20.0,575.0,11500.0,2025-09-18
2025091801001603,HBL,62,58,10.0,187.0,1870.0,2025-09-18
2025091805001983,BHL,14,10,4579.0,167.0,764693.0,2025-09-18
2025091805001982,BHL,22,10,111.0,167.0,18537.0,2025-09-18
2025091805001981,BHL,48,10,1500.0,168.0,252000.0,2025-09-18
2025091805001980,BHL,34,10,500.0,168.0,84000.0,2025-09-18
2025091805001979,BHL,52,10,860.0,168.0,144480.0,2025-09-18
2025091805001978,BHL,35,10,400.0,168.1,67240.0,2025-09-18
2025091805001977,BHL,7,10,50.0,168.1,8405.0,2025-09-18
2025091805001976,NRN,58,56,10.0,1850.0,18500.0,2025-09-18
2025091805001975,NRN,58,57,523.0,1850.0,967550.0,2025-09-18
2025091805001974,NRN,58,58,10.0,1850.0,18500.0,2025-09-18
2025091805001973,NRN,58,35,10.0,1850.0,18500.0,2025-09-18
2025091805001972,NRN,58,16,810.0,1849.0,1497690.0,2025-09-18
2025091801001602,NABIL,42,59,200.0,485.0,97000.0,2025-09-18
2025091804002062,BPCL,72,48,320.0,728.0,232960.0,2025-09-18
2025091803000989,PROFL,58,59,200.0,457.7,91540.0,2025-09-18
2025091804002061,CGH,59,49,400.0,890.5,356200.0,2025-09-18
2025091804002060,SICL,22,74,30.0,666.4,19992.0,2025-09-18
2025091805001971,HDL,17,51,21.0,1290.1,27092.1,2025-09-18
2025091804002059,SICL,28,19,200.0,678.0,135600.0,2025-09-18
2025091804002058,SICL,28,17,100.0,675.0,67500.0,2025-09-18
2025091804002057,CHL,19,19,999.0,233.0,232767.0,2025-09-18
2025091804002056,CHL,72,19,10.0,233.0,2330.0,2025-09-18
2025091804002055,LEC,43,41,1000.0,195.0,195000.0,2025-09-18
2025091804002054,LEC,35,41,1000.0,196.0,196000.0,2025-09-18
2025091801001601,SBL,77,17,329.0,364.0,119756.0,2025-09-18
2025091801001600,SBL,77,17,671.0,357.7,240016.7,2025-09-18
2025091801001599,KBL,35,72,100.0,180.0,18000.0,2025-09-18
2025091804002053,AHPC,41,35,5.0,266.0,1330.0,2025-09-18
2025091801001598,SNLI,55,13,16.0,427.5,6840.0,2025-09-18
2025091804002052,HDHPC,91,22,150.0,164.0,24600.0,2025-09-18
2025091801001597,KBL,54,56,100.0,179.0,17900.0,2025-09-18
2025091803000988,SAPDBL,38,6,50.0,700.0,35000.0,2025-09-18
2025091805001970,HDL,17,17,40.0,1290.1,51604.0,2025-09-18
2025091805001969,HDL,74,17,60.0,1290.1,77406.0,2025-09-18
2025091804002051,GLH,50,45,610.0,232.0,141520.0,2025-09-18
2025091804002050,GLH,57,45,360.0,232.0,83520.0,2025-09-18
2025091804002049,SHEL,28,57,300.0,275.0,82500.0,2025-09-18
2025091801001596,NMIC,74,52,10.0,1080.0,10800.0,2025-09-18
2025091805001968,HDL,74,36,70.0,1290.1,90307.0,2025-09-18
2025091805001967,NRN,17,16,200.0,1849.0,369800.0,2025-09-18
2025091801001595,PCBL,44,39,185.0,226.0,41810.0,2025-09-18
2025091801001594,PCBL,41,39,20.0,226.0,4520.0,2025-09-18
2025091804002048,SHL,34,25,100.0,490.0,49000.0,2025-09-18
2025091805001966,SAHAS,34,34,80.0,590.0,47200.0,2025-09-18
2025091804002047,SHEL,28,34,1000.0,275.0,275000.0,2025-09-18
2025091804002046,SHEL,28,62,40.0,275.0,11000.0,2025-09-18
2025091804002045,SHEL,28,26,73.0,275.0,20075.0,2025-09-18
2025091804002044,SHEL,28,5,500.0,273.0,136500.0,2025-09-18
2025091805001965,MANDU,26,14,50.0,782.1,39105.0,2025-09-18
2025091805001964,MANDU,33,14,50.0,782.1,39105.0,2025-09-18
2025091801001593,PRVU,41,58,20.0,189.0,3780.0,2025-09-18
2025091801001592,JBLB,38,58,10.0,1314.0,13140.0,2025-09-18
2025091804002043,API,59,49,290.0,260.0,75400.0,2025-09-18
2025091805001963,CIT,57,58,50.0,1766.0,88300.0,2025-09-18
2025091805001962,BHL,53,59,100.0,169.0,16900.0,2025-09-18
2025091805001961,HRL,62,34,20.0,878.0,17560.0,2025-09-18
2025091804002042,RADHI,48,17,131.0,697.0,91307.0,2025-09-18
2025091805001960,HDL,74,26,120.0,1290.1,154812.0,2025-09-18
2025091805001959,CIT,41,49,10.0,1765.0,17650.0,2025-09-18
2025091805001958,BHL,41,59,500.0,169.0,84500.0,2025-09-18
2025091805001957,BHL,35,59,10.0,169.0,1690.0,2025-09-18
2025091805001956,BHL,49,59,10.0,169.0,1690.0,2025-09-18
2025091801001591,SBL,40,94,236.0,350.6,82741.6,2025-09-18
2025091805001955,TAMOR,38,58,10.0,468.0,4680.0,2025-09-18
2025091803000987,NFS,58,14,30.0,603.0,18090.0,2025-09-18
2025091804002041,UPCL,17,35,2000.0,380.0,760000.0,2025-09-18
2025091801001590,HBL,43,49,10.0,186.6,1866.0,2025-09-18
2025091801001589,OMPL,49,65,10.0,1121.2,11212.0,2025-09-18
2025091803000986,MNBBL,57,13,30.0,427.0,12810.0,2025-09-18
2025091804002040,SHPC,58,70,500.0,500.0,250000.0,2025-09-18
2025091805001954,CIT,41,13,20.0,1765.0,35300.0,2025-09-18
2025091805001953,SHIVM,21,36,55.0,538.0,29590.0,2025-09-18
2025091804002039,AKJCL,1,81,200.0,175.0,35000.0,2025-09-18
2025091804002038,AKJCL,32,81,200.0,175.0,35000.0,2025-09-18
2025091804002037,AKJCL,45,81,10.0,175.0,1750.0,2025-09-18
2025091804002036,AKJCL,13,81,20.0,175.0,3500.0,2025-09-18
2025091804002035,AKJCL,19,81,780.0,175.0,136500.0,2025-09-18
2025091804002034,API,48,50,258.0,262.0,67596.0,2025-09-18
2025091804002033,API,48,52,242.0,262.0,63404.0,2025-09-18
2025091805001952,STC,54,50,50.0,4850.0,242500.0,2025-09-18
2025091805001951,SAHAS,35,34,50.0,590.0,29500.0,2025-09-18
2025091801001588,NABIL,38,59,100.0,485.0,48500.0,2025-09-18
2025091805001950,SHIVM,32,36,100.0,538.0,53800.0,2025-09-18
2025091801001587,GBIME,35,53,1781.0,228.0,406068.0,2025-09-18
2025091804002032,API,59,25,990.0,260.0,257400.0,2025-09-18
2025091804002031,HPPL,21,50,100.0,422.0,42200.0,2025-09-18
2025091801001586,PRVU,36,49,1190.0,187.0,222530.0,2025-09-18
2025091801001585,PRVU,36,49,400.0,187.2,74880.0,2025-09-18
2025091801001584,PRVU,26,49,100.0,188.0,18800.0,2025-09-18
2025091801001583,ADBL,19,44,200.0,294.0,58800.0,2025-09-18
2025091801001582,OMPL,22,58,10.0,1121.2,11212.0,2025-09-18
2025091801001581,SBL,40,45,75.0,350.6,26295.0,2025-09-18
2025091801001580,BHCL,57,77,10.0,416.5,4165.0,2025-09-18
2025091805001949,HATHY,64,21,100.0,920.0,92000.0,2025-09-18
2025091803000985,CBBL,58,58,20.0,925.0,18500.0,2025-09-18
2025091801001579,NBL,40,42,342.0,229.4,78454.8,2025-09-18
2025091805001948,CHDC,16,94,10.0,2242.0,22420.0,2025-09-18
2025091804002030,BARUN,57,34,75.0,298.0,22350.0,2025-09-18
2025091804002029,NGPL,94,53,100.0,361.0,36100.0,2025-09-18
2025091803000984,BFC,42,49,40.0,430.0,17200.0,2025-09-18
2025091801001578,PRVU,45,58,100.0,189.0,18900.0,2025-09-18
2025091804002028,UPPER,6,26,100.0,170.0,17000.0,2025-09-18
2025091805001947,HIDCL,58,93,300.0,253.0,75900.0,2025-09-18
2025091804002027,RADHI,48,42,500.0,697.0,348500.0,2025-09-18
2025091804002026,RADHI,48,28,140.0,697.0,97580.0,2025-09-18
2025091801001577,CITY,17,7,10.0,574.7,5747.0,2025-09-18
2025091805001946,NTC,41,58,10.0,809.0,8090.0,2025-09-18
2025091803000983,PMLI,35,1,299.0,463.0,138437.0,2025-09-18
2025091805001945,HRL,17,34,100.0,878.0,87800.0,2025-09-18
2025091805001944,SHIVM,57,36,200.0,538.0,107600.0,2025-09-18
2025091803000982,MNBBL,10,13,20.0,427.0,8540.0,2025-09-18
2025091804002025,UNHPL,45,19,389.0,425.0,165325.0,2025-09-18
2025091804002024,UNHPL,45,57,100.0,425.0,42500.0,2025-09-18
2025091804002023,UNHPL,45,55,110.0,425.0,46750.0,2025-09-18
2025091805001943,CKHL,84,84,10.0,611.0,6110.0,2025-09-18
2025091805001942,BHL,32,34,300.0,170.0,51000.0,2025-09-18
2025091804002022,MEN,91,57,13.0,580.0,7540.0,2025-09-18
2025091803000981,MNBBL,48,100,100.0,428.0,42800.0,2025-09-18
2025091801001576,SANIMA,74,46,200.0,348.0,69600.0,2025-09-18
2025091801001575,SANIMA,74,57,25.0,348.0,8700.0,2025-09-18
2025091801001574,SANIMA,74,54,20.0,345.0,6900.0,2025-09-18
2025091805001941,HDL,74,13,50.0,1290.1,64505.0,2025-09-18
2025091801001573,KBL,58,72,10.0,180.0,1800.0,2025-09-18
2025091801001572,PRVU,49,58,2000.0,189.0,378000.0,2025-09-18
2025091804002021,UNHPL,20,32,10.0,424.0,4240.0,2025-09-18
2025091801001571,KBL,34,72,20.0,180.0,3600.0,2025-09-18
2025091803000980,HLI,35,82,3954.0,360.0,1423440.0,2025-09-18
2025091803000979,HLI,48,82,200.0,360.0,72000.0,2025-09-18
2025091803000978,HLI,1,82,50.0,360.0,18000.0,2025-09-18
2025091803000977,HLI,45,82,346.0,360.0,124560.0,2025-09-18
2025091803000976,HLI,25,82,200.0,360.1,72020.0,2025-09-18
2025091803000975,HLI,41,82,250.0,361.0,90250.0,2025-09-18
2025091805001940,NRIC,43,34,50.0,1468.7,73435.0,2025-09-18
2025091804002020,UNHPL,20,57,100.0,424.0,42400.0,2025-09-18
2025091804002019,UNHPL,20,56,200.0,424.0,84800.0,2025-09-18
2025091804002018,UNHPL,20,38,79.0,424.0,33496.0,2025-09-18
2025091805001939,CLI,22,36,17.0,412.0,7004.0,2025-09-18
2025091804002017,UNHPL,22,38,200.0,424.0,84800.0,2025-09-18
2025091801001570,TTL,57,46,10.0,695.0,6950.0,2025-09-18
2025091801001569,TTL,57,49,10.0,695.0,6950.0,2025-09-18
2025091801001568,TTL,57,62,10.0,695.0,6950.0,2025-09-18
2025091801001567,TTL,57,52,10.0,694.0,6940.0,2025-09-18
2025091801001566,HBL,43,42,10.0,186.6,1866.0,2025-09-18
2025091801001565,CREST,58,45,10.0,1005.3,10053.0,2025-09-18
2025091804002016,CGH,59,50,200.0,890.5,178100.0,2025-09-18
2025091801001564,KBL,57,72,200.0,180.0,36000.0,2025-09-18
2025091801001563,NMIC,74,58,50.0,1080.0,54000.0,2025-09-18
2025091803000974,BFC,42,14,50.0,430.0,21500.0,2025-09-18
2025091803000973,BFC,42,54,100.0,428.3,42830.0,2025-09-18
2025091804002015,RURU,92,40,50.0,650.0,32500.0,2025-09-18
2025091805001938,CHDC,34,32,90.0,2240.0,201600.0,2025-09-18
2025091805001937,BGWT,40,1,10.0,850.0,8500.0,2025-09-18
2025091801001562,MBL,54,58,100.0,225.0,22500.0,2025-09-18
2025091803000972,SKBBL,32,58,30.0,813.0,24390.0,2025-09-18
2025091804002014,UMHL,59,22,11.0,544.0,5984.0,2025-09-18
2025091804002013,UMHL,5,22,550.0,544.0,299200.0,2025-09-18
2025091805001936,NIFRA,45,62,54.0,252.6,13640.4,2025-09-18
2025091804002012,AKPL,7,32,80.0,238.0,19040.0,2025-09-18
2025091805001935,SAHAS,17,6,20.0,588.0,11760.0,2025-09-18
2025091805001934,CHDC,82,32,160.0,2240.0,358400.0,2025-09-18
2025091804002011,UNHPL,28,49,750.0,423.1,317325.0,2025-09-18
2025091803000971,MNBBL,42,100,120.0,428.0,51360.0,2025-09-18
2025091804002010,NGPL,34,42,15.0,367.0,5505.0,2025-09-18
2025091804002009,NGPL,34,6,45.0,364.0,16380.0,2025-09-18
2025091801001561,GBIME,8,53,500.0,228.0,114000.0,2025-09-18
2025091803000970,SAPDBL,32,75,190.0,699.4,132886.0,2025-09-18
2025091804002008,UMHL,91,83,500.0,549.0,274500.0,2025-09-18
2025091805001933,HATHY,38,34,30.0,938.0,28140.0,2025-09-18
2025091805001932,HATHY,38,38,30.0,922.0,27660.0,2025-09-18
2025091805001931,HATHY,38,5,10.0,922.0,9220.0,2025-09-18
2025091801001560,NMIC,74,54,100.0,1080.0,108000.0,2025-09-18
2025091803000969,MNBBL,10,39,900.0,427.0,384300.0,2025-09-18
2025091801001559,HBL,43,45,10.0,186.6,1866.0,2025-09-18
2025091801001558,CREST,26,45,10.0,1005.4,10054.0,2025-09-18
2025091803000968,SHINE,57,41,150.0,390.0,58500.0,2025-09-18
2025091805001930,SANVI,25,42,10.0,544.1,5441.0,2025-09-18
2025091805001929,SAHAS,58,34,280.0,590.0,165200.0,2025-09-18
2025091805001928,SAHAS,58,51,220.0,590.0,129800.0,2025-09-18
2025091804002007,SHEL,80,36,49.0,275.0,13475.0,2025-09-18
2025091804002006,SHEL,80,58,20.0,275.0,5500.0,2025-09-18
2025091804002005,SHEL,80,35,293.0,275.0,80575.0,2025-09-18
2025091805001927,DORDI,22,50,100.0,217.0,21700.0,2025-09-18
2025091804002004,HDHPC,101,7,50.0,163.5,8175.0,2025-09-18
2025091801001557,HBL,43,46,10.0,186.6,1866.0,2025-09-18
2025091801001556,HBL,43,4,10.0,186.6,1866.0,2025-09-18
2025091801001555,HBL,43,56,10.0,186.6,1866.0,2025-09-18
2025091801001554,HBL,43,38,10.0,186.6,1866.0,2025-09-18
2025091801001553,HBL,43,10,10.0,186.5,1865.0,2025-09-18
2025091804002003,RADHI,8,71,250.0,696.2,174050.0,2025-09-18
2025091804002002,SHEL,39,51,33.0,272.0,8976.0,2025-09-18
2025091804002001,SHEL,1,51,1000.0,272.1,272100.0,2025-09-18
2025091804002000,SHEL,3,51,1000.0,272.1,272100.0,2025-09-18
2025091804001999,SHEL,52,51,1000.0,272.2,272200.0,2025-09-18
2025091804001998,SHEL,38,51,1000.0,272.2,272200.0,2025-09-18
2025091804001997,SHEL,48,51,200.0,272.2,54440.0,2025-09-18
2025091804001996,SHEL,61,51,500.0,272.2,136100.0,2025-09-18
2025091804001995,SHEL,58,51,50.0,272.3,13615.0,2025-09-18
2025091804001994,SHEL,49,51,500.0,272.3,136150.0,2025-09-18
2025091804001993,SHEL,49,51,1000.0,273.0,273000.0,2025-09-18
2025091804001992,SHEL,48,51,200.0,273.0,54600.0,2025-09-18
2025091804001991,SHEL,14,51,300.0,273.9,82170.0,2025-09-18
2025091804001990,SPDL,45,89,250.0,365.0,91250.0,2025-09-18
2025091803000967,NLIC,35,45,10.0,710.0,7100.0,2025-09-18
2025091801001552,NBL,6,29,30.0,230.0,6900.0,2025-09-18
2025091801001551,CREST,26,90,10.0,1005.4,10054.0,2025-09-18
2025091805001926,RFPL,99,35,67.0,320.0,21440.0,2025-09-18
2025091804001989,SSHL,42,32,1000.0,161.1,161100.0,2025-09-18
2025091804001988,AHPC,8,44,454.0,268.0,121672.0,2025-09-18
2025091804001987,AHPC,8,58,46.0,268.0,12328.0,2025-09-18
2025091805001925,RHGCL,14,41,200.0,250.0,50000.0,2025-09-18
2025091805001924,HDL,45,58,100.0,1290.0,129000.0,2025-09-18
2025091804001986,AHPC,17,58,20.0,268.0,5360.0,2025-09-18
2025091805001923,SAHAS,17,55,254.0,588.0,149352.0,2025-09-18
2025091805001922,MHL,91,46,260.0,452.0,117520.0,2025-09-18
2025091801001550,JBLB,10,58,69.0,1320.0,91080.0,2025-09-18
2025091801001549,TTL,55,62,10.0,695.0,6950.0,2025-09-18
2025091804001985,UNHPL,35,19,200.0,423.0,84600.0,2025-09-18
2025091801001548,KBL,57,72,300.0,180.0,54000.0,2025-09-18
2025091801001547,NABIL,17,49,10.0,483.0,4830.0,2025-09-18
2025091801001546,NABIL,41,49,20.0,483.1,9662.0,2025-09-18
2025091804001984,CGH,42,21,115.0,908.0,104420.0,2025-09-18
2025091804001983,CGH,42,47,190.0,890.5,169195.0,2025-09-18
2025091804001982,CGH,42,57,45.0,890.5,40072.5,2025-09-18
2025091801001545,SNLI,55,74,16.0,427.5,6840.0,2025-09-18
2025091804001981,AKPL,21,62,40.0,238.2,9528.0,2025-09-18
2025091804001980,CHCL,14,44,441.0,457.0,201537.0,2025-09-18
2025091805001921,HRL,65,34,168.0,878.0,147504.0,2025-09-18
2025091805001920,HRL,65,55,32.0,878.0,28096.0,2025-09-18
2025091805001919,MKJC,39,65,458.0,564.0,258312.0,2025-09-18
2025091805001918,MKJC,39,8,42.0,553.0,23226.0,2025-09-18
2025091805001917,HDL,45,42,350.0,1290.0,451500.0,2025-09-18
2025091805001916,HDL,45,49,90.0,1290.0,116100.0,2025-09-18
2025091805001915,HDL,45,45,350.0,1290.0,451500.0,2025-09-18
2025091805001914,HDL,45,11,61.0,1290.0,78690.0,2025-09-18
2025091804001979,SHPC,58,70,500.0,500.0,250000.0,2025-09-18
2025091803000966,MATRI,47,22,57.0,971.0,55347.0,2025-09-18
2025091801001544,HBL,62,59,10.0,186.4,1864.0,2025-09-18
2025091801001543,NBL,29,29,100.0,230.0,23000.0,2025-09-18
2025091805001913,ILI,48,45,12.0,410.1,4921.2,2025-09-18
2025091803000965,LBBL,25,46,200.0,476.0,95200.0,2025-09-18
2025091804001978,UMHL,5,67,50.0,544.0,27200.0,2025-09-18
2025091801001542,PRVU,36,58,50.0,187.0,9350.0,2025-09-18
2025091804001977,RURU,39,40,30.0,650.0,19500.0,2025-09-18
2025091804001976,RURU,39,21,16.0,650.0,10400.0,2025-09-18
2025091801001541,KBL,14,72,100.0,180.0,18000.0,2025-09-18
2025091804001975,UPCL,90,35,500.0,380.0,190000.0,2025-09-18
2025091804001974,NLG,44,46,65.0,711.0,46215.0,2025-09-18
2025091803000964,PMLI,35,28,13.0,463.0,6019.0,2025-09-18
2025091801001540,PRVU,36,85,2350.0,187.0,439450.0,2025-09-18
2025091801001539,PRVU,51,85,1000.0,187.1,187100.0,2025-09-18
2025091801001538,PRVU,54,85,350.0,188.0,65800.0,2025-09-18
2025091805001912,NIFRA,52,35,320.0,255.0,81600.0,2025-09-18
2025091805001911,NIFRA,52,26,180.0,253.0,45540.0,2025-09-18
2025091803000963,SINDU,32,21,20.0,618.0,12360.0,2025-09-18
2025091803000962,SINDU,42,21,50.0,618.0,30900.0,2025-09-18
2025091801001537,CZBIL,45,28,520.0,196.5,102180.0,2025-09-18
2025091804001973,UPCL,95,16,1000.0,377.0,377000.0,2025-09-18
2025091804001972,SSHL,49,48,64.0,161.5,10336.0,2025-09-18
2025091803000961,NFS,58,52,10.0,603.0,6030.0,2025-09-18
2025091805001910,ILI,48,7,12.0,410.1,4921.2,2025-09-18
2025091805001909,RHGCL,14,39,130.0,250.0,32500.0,2025-09-18
2025091804001971,NGPL,94,58,1355.0,361.0,489155.0,2025-09-18
2025091801001536,NICA,44,86,1000.0,314.0,314000.0,2025-09-18
2025091804001970,KPCL,62,34,200.0,491.4,98280.0,2025-09-18
2025091801001535,BHCL,57,34,10.0,416.5,4165.0,2025-09-18
2025091805001908,RNLI,10,58,48.0,430.0,20640.0,2025-09-18
2025091801001534,BHCL,39,66,19.0,425.0,8075.0,2025-09-18
2025091805001907,NRN,58,64,350.0,1845.0,645750.0,2025-09-18
2025091804001969,RADHI,34,28,100.0,697.0,69700.0,2025-09-18
2025091804001968,RADHI,34,16,1350.0,697.0,940950.0,2025-09-18
2025091801001533,TTL,5,33,10.0,692.4,6924.0,2025-09-18
2025091801001532,TTL,25,33,10.0,692.4,6924.0,2025-09-18
2025091801001531,TTL,8,33,60.0,692.4,41544.0,2025-09-18
2025091801001530,TTL,34,33,30.0,692.5,20775.0,2025-09-18
2025091801001529,TTL,11,33,60.0,692.5,41550.0,2025-09-18
2025091801001528,TTL,58,33,20.0,693.0,13860.0,2025-09-18
2025091801001527,TTL,58,33,10.0,693.0,6930.0,2025-09-18
2025091801001526,NMIC,74,77,10.0,1080.0,10800.0,2025-09-18
2025091805001906,CHDC,82,33,40.0,2240.0,89600.0,2025-09-18
2025091805001905,CHDC,32,33,50.0,2240.0,112000.0,2025-09-18
2025091805001904,CHDC,65,33,10.0,2241.0,22410.0,2025-09-18
2025091805001903,BEDC,1,8,10.0,599.0,5990.0,2025-09-18
2025091805001902,SANVI,65,58,10.0,554.0,5540.0,2025-09-18
2025091801001525,NBL,14,29,100.0,230.0,23000.0,2025-09-18
2025091801001524,NBL,14,29,100.0,230.1,23010.0,2025-09-18
2025091801001523,NBL,26,29,870.0,230.1,200187.0,2025-09-18
2025091805001901,NRN,58,35,30.0,1845.0,55350.0,2025-09-18
2025091805001900,RNLI,29,50,50.0,423.6,21180.0,2025-09-18
2025091805001899,RNLI,11,50,50.0,423.7,21185.0,2025-09-18
2025091805001898,GCIL,42,6,100.0,441.0,44100.0,2025-09-18
2025091803000960,PMLI,35,68,326.0,463.0,150938.0,2025-09-18
2025091801001522,HBL,62,32,10.0,186.4,1864.0,2025-09-18
2025091804001967,AKJCL,41,7,80.0,176.0,14080.0,2025-09-18
2025091801001521,OMPL,26,25,10.0,1121.2,11212.0,2025-09-18
2025091801001520,LSL,83,45,10.0,216.0,2160.0,2025-09-18
2025091805001897,SONA,57,41,10.0,430.0,4300.0,2025-09-18
2025091805001896,BBC,99,58,10.0,5040.0,50400.0,2025-09-18
2025091801001519,BHCL,39,36,10.0,425.0,4250.0,2025-09-18
2025091801001518,KBL,38,72,100.0,180.0,18000.0,2025-09-18
2025091804001966,SHPC,67,70,430.0,500.0,215000.0,2025-09-18
2025091804001965,SHPC,67,35,20.0,500.0,10000.0,2025-09-18
2025091804001964,SHPC,67,29,50.0,499.0,24950.0,2025-09-18
2025091804001963,DHPL,59,45,50.0,272.5,13625.0,2025-09-18
2025091801001517,NABIL,22,59,20.0,485.0,9700.0,2025-09-18
2025091805001895,RNLI,11,45,50.0,423.7,21185.0,2025-09-18
2025091805001894,CLI,45,36,550.0,413.0,227150.0,2025-09-18
2025091801001516,HBL,62,57,10.0,186.4,1864.0,2025-09-18
2025091803000959,MPFL,39,58,10.0,525.0,5250.0,2025-09-18
2025091804001962,HDHPC,101,45,368.0,163.5,60168.0,2025-09-18
2025091804001961,HDHPC,26,45,82.0,163.5,13407.0,2025-09-18
2025091804001960,AKJCL,19,25,20.0,175.0,3500.0,2025-09-18
2025091801001515,HBL,62,32,10.0,186.4,1864.0,2025-09-18
2025091803000958,FMDBL,67,59,150.0,765.0,114750.0,2025-09-18
2025091801001514,SANIMA,25,57,50.0,348.0,17400.0,2025-09-18
2025091801001513,SANIMA,25,58,50.0,345.0,17250.0,2025-09-18
2025091801001512,BHCL,39,38,10.0,425.0,4250.0,2025-09-18
2025091805001893,NRIC,21,34,200.0,1468.7,293740.0,2025-09-18
2025091804001959,UAIL,32,40,40.0,462.0,18480.0,2025-09-18
2025091804001958,UAIL,32,26,60.0,460.9,27654.0,2025-09-18
2025091803000957,CBBL,7,45,10.0,916.3,9163.0,2025-09-18
2025091804001957,NGPL,14,4,10.0,360.1,3601.0,2025-09-18
2025091805001892,HDL,58,11,50.0,1290.0,64500.0,2025-09-18
2025091801001511,GBIME,45,55,759.0,227.1,172368.9,2025-09-18
2025091801001510,KDL,21,33,10.0,954.0,9540.0,2025-09-18
2025091804001956,GHL,42,48,800.0,202.1,161680.0,2025-09-18
2025091801001509,HBL,62,58,10.0,186.4,1864.0,2025-09-18
2025091805001891,HDL,94,11,177.0,1290.0,228330.0,2025-09-18
2025091805001890,HDL,94,35,30.0,1290.0,38700.0,2025-09-18
2025091805001889,HDL,94,57,10.0,1290.0,12900.0,2025-09-18
2025091805001888,HDL,94,45,33.0,1290.0,42570.0,2025-09-18
2025091805001887,BHL,4,34,30.0,170.0,5100.0,2025-09-18
2025091804001955,RURU,59,21,30.0,650.0,19500.0,2025-09-18
2025091803000956,MNBBL,10,58,80.0,427.0,34160.0,2025-09-18
2025091803000955,MNBBL,58,58,40.0,427.0,17080.0,2025-09-18
2025091804001954,SHPC,50,16,300.0,498.0,149400.0,2025-09-18
2025091804001953,MEN,3,57,487.0,580.0,282460.0,2025-09-18
2025091801001508,ADBL,54,14,50.0,293.0,14650.0,2025-09-18
2025091805001886,GVL,49,49,79.0,490.0,38710.0,2025-09-18
2025091805001885,SHIVM,29,62,100.0,539.0,53900.0,2025-09-18
2025091804001952,API,49,25,200.0,260.0,52000.0,2025-09-18
2025091805001884,CHDC,39,94,148.0,2242.0,331816.0,2025-09-18
2025091804001951,SHL,55,42,200.0,493.1,98620.0,2025-09-18
2025091804001950,SHL,42,42,200.0,494.0,98800.0,2025-09-18
2025091803000954,MFIL,55,7,80.0,620.1,49608.0,2025-09-18
2025091805001883,CLI,22,58,300.0,412.0,123600.0,2025-09-18
2025091801001507,JBLB,38,35,100.0,1314.0,131400.0,2025-09-18
2025091805001882,HDL,34,45,15.0,1290.0,19350.0,2025-09-18
2025091803000953,CBBL,7,54,82.0,916.3,75136.6,2025-09-18
2025091803000952,CBBL,1,54,20.0,925.0,18500.0,2025-09-18
2025091803000951,CBBL,14,54,10.0,925.0,9250.0,2025-09-18
2025091801001506,SCB,14,58,25.0,607.0,15175.0,2025-09-18
2025091804001949,API,71,25,500.0,260.0,130000.0,2025-09-18
2025091805001881,SHIVM,52,59,70.0,536.0,37520.0,2025-09-18
2025091803000950,MNBBL,57,58,25.0,427.0,10675.0,2025-09-18
2025091804001948,UAIL,40,26,140.0,461.0,64540.0,2025-09-18
2025091801001505,MBL,84,58,100.0,225.0,22500.0,2025-09-18
2025091804001947,NGPL,50,6,105.0,364.0,38220.0,2025-09-18
2025091801001504,NABIL,22,59,10.0,485.0,4850.0,2025-09-18
2025091804001946,API,45,25,10.0,260.0,2600.0,2025-09-18
2025091805001880,CIT,41,58,121.0,1765.0,213565.0,2025-09-18
2025091801001503,HBL,62,54,10.0,186.4,1864.0,2025-09-18
2025091805001879,HATHY,6,5,20.0,922.0,18440.0,2025-09-18
2025091803000949,MLBL,54,58,500.0,352.2,176100.0,2025-09-18
2025091805001878,CHDC,39,94,100.0,2242.0,224200.0,2025-09-18
2025091804001945,UNHPL,35,62,77.0,423.0,32571.0,2025-09-18
2025091803000948,MPFL,38,20,100.0,510.0,51000.0,2025-09-18
2025091803000947,MPFL,5,20,50.0,510.0,25500.0,2025-09-18
2025091804001944,HPPL,39,11,50.0,420.0,21000.0,2025-09-18
2025091805001877,SHIVM,7,62,100.0,539.0,53900.0,2025-09-18
2025091804001943,UAIL,40,35,10.0,461.0,4610.0,2025-09-18
2025091804001942,UAIL,40,90,100.0,461.0,46100.0,2025-09-18
2025091804001941,UAIL,40,72,250.0,460.9,115225.0,2025-09-18
2025091804001940,API,42,45,350.0,259.0,90650.0,2025-09-18
2025091801001502,NMIC,74,21,30.0,1080.0,32400.0,2025-09-18
2025091805001876,SHIVM,52,35,61.0,534.0,32574.0,2025-09-18
2025091805001875,SHIVM,52,25,40.0,534.0,21360.0,2025-09-18
2025091804001939,NLG,44,18,20.0,711.0,14220.0,2025-09-18
2025091804001938,NLG,91,18,30.0,711.0,21330.0,2025-09-18
2025091801001501,SBL,40,35,100.0,350.6,35060.0,2025-09-18
2025091801001500,SBL,40,48,1000.0,350.6,350600.0,2025-09-18
2025091804001937,UMHL,62,83,25.0,549.0,13725.0,2025-09-18
2025091804001936,UMHL,62,22,125.0,546.0,68250.0,2025-09-18
2025091801001499,NMIC,74,52,10.0,1080.0,10800.0,2025-09-18
2025091801001498,NMIC,74,49,140.0,1080.0,151200.0,2025-09-18
2025091801001497,NMIC,74,58,20.0,1080.0,21600.0,2025-09-18
2025091801001496,NMIC,74,34,20.0,1080.0,21600.0,2025-09-18
2025091801001495,NMIC,74,49,10.0,1080.0,10800.0,2025-09-18
2025091803000946,MATRI,47,58,14.0,971.0,13594.0,2025-09-18
2025091803000945,NICLBSL,34,39,50.0,536.0,26800.0,2025-09-18
2025091805001874,HIDCL,34,71,10.0,255.0,2550.0,2025-09-18
2025091801001494,HIDCLP,20,45,100.0,180.1,18010.0,2025-09-18
2025091801001493,EBL,58,22,1000.0,679.0,679000.0,2025-09-18
2025091804001935,KPCL,32,34,200.0,491.4,98280.0,2025-09-18
2025091804001934,HDHPC,26,11,118.0,163.5,19293.0,2025-09-18
2025091803000944,RSDC,54,26,10.0,633.1,6331.0,2025-09-18
2025091805001873,ILI,58,51,12.0,415.0,4980.0,2025-09-18
2025091805001872,SANVI,32,77,20.0,554.0,11080.0,2025-09-18
2025091804001933,SHEL,3,35,500.0,275.0,137500.0,2025-09-18
2025091801001492,BHCL,39,38,10.0,425.0,4250.0,2025-09-18
2025091803000943,PMLI,35,72,13.0,463.0,6019.0,2025-09-18
2025091804001932,UPCL,92,81,2000.0,382.0,764000.0,2025-09-18
2025091804001931,AHPC,57,16,55.0,267.0,14685.0,2025-09-18
2025091804001930,AHPC,42,16,18.0,267.2,4809.6,2025-09-18
2025091804001929,UPCL,65,81,200.0,382.0,76400.0,2025-09-18
2025091805001871,SHIVM,77,25,10.0,534.0,5340.0,2025-09-18
2025091803000942,SINDU,42,32,10.0,618.0,6180.0,2025-09-18
2025091801001491,LSL,83,43,500.0,216.0,108000.0,2025-09-18
2025091804001928,HURJA,35,34,300.0,210.7,63210.0,2025-09-18
2025091805001870,BHL,50,34,642.0,170.0,109140.0,2025-09-18
2025091805001869,BHL,50,19,358.0,170.0,60860.0,2025-09-18
2025091804001927,UPPER,19,26,100.0,170.0,17000.0,2025-09-18
2025091801001490,SRLI,58,45,70.0,363.9,25473.0,2025-09-18
2025091804001926,NGPL,11,6,200.0,364.0,72800.0,2025-09-18
2025091804001925,HDHPC,59,58,100.0,165.0,16500.0,2025-09-18
2025091803000941,KSBBL,64,43,10.0,500.0,5000.0,2025-09-18
2025091803000940,KSBBL,54,43,500.0,500.0,250000.0,2025-09-18
2025091803000939,KSBBL,58,43,100.0,500.0,50000.0,2025-09-18
2025091805001868,CIT,17,58,10.0,1780.0,17800.0,2025-09-18
2025091804001924,UPPER,26,26,300.0,170.0,51000.0,2025-09-18
2025091805001867,CLI,22,29,13.0,412.0,5356.0,2025-09-18
2025091801001489,TTL,58,45,10.0,693.0,6930.0,2025-09-18
2025091804001923,NHPC,58,49,190.0,179.0,34010.0,2025-09-18
2025091801001488,NIMB,58,57,109.0,193.0,21037.0,2025-09-18
2025091805001866,SANVI,32,34,10.0,554.0,5540.0,2025-09-18
2025091803000938,SINDU,38,32,10.0,618.0,6180.0,2025-09-18
2025091801001487,SBL,40,56,300.0,350.6,105180.0,2025-09-18
2025091805001865,SANVI,32,1,10.0,554.0,5540.0,2025-09-18
2025091805001864,HIDCL,53,71,10.0,255.0,2550.0,2025-09-18
2025091803000937,USLB,35,14,11.0,1729.8,19027.8,2025-09-18
2025091803000936,USLB,35,44,39.0,1729.8,67462.2,2025-09-18
2025091805001863,NRM,45,58,25.0,425.0,10625.0,2025-09-18
2025091801001486,BHCL,39,36,10.0,425.0,4250.0,2025-09-18
2025091805001862,NIFRA,56,59,1499.0,252.5,378497.5,2025-09-18
2025091801001485,EBL,6,22,500.0,679.0,339500.0,2025-09-18
2025091801001484,EBL,39,22,70.0,670.2,46914.0,2025-09-18
2025091801001483,EBL,57,22,500.0,671.0,335500.0,2025-09-18
2025091801001482,EBL,34,22,230.0,671.0,154330.0,2025-09-18
2025091801001481,EBL,29,22,200.0,671.1,134220.0,2025-09-18
2025091803000935,SAPDBL,17,6,30.0,700.0,21000.0,2025-09-18
2025091804001922,NGPL,36,6,150.0,364.0,54600.0,2025-09-18
2025091804001921,KPCL,19,34,20.0,491.4,9828.0,2025-09-18
2025091805001861,DORDI,59,1,200.0,216.0,43200.0,2025-09-18
2025091804001920,API,16,53,40.0,260.0,10400.0,2025-09-18
2025091805001860,HDL,34,45,12.0,1290.0,15480.0,2025-09-18
2025091801001480,EBL,49,22,10.0,679.0,6790.0,2025-09-18
2025091804001919,UPPER,49,26,200.0,170.0,34000.0,2025-09-18
2025091804001918,UNHPL,35,8,100.0,423.0,42300.0,2025-09-18
2025091805001859,SHIVM,43,25,50.0,534.0,26700.0,2025-09-18
2025091805001858,SAHAS,4,48,88.0,587.0,51656.0,2025-09-18
2025091804001917,BPCL,57,100,200.0,727.1,145420.0,2025-09-18
2025091801001479,NABIL,38,25,100.0,490.0,49000.0,2025-09-18
2025091805001857,CIT,33,58,10.0,1780.0,17800.0,2025-09-18
2025091801001478,EBL,34,13,180.0,671.0,120780.0,2025-09-18
2025091801001477,EBL,39,13,90.0,671.1,60399.0,2025-09-18
2025091801001476,EBL,57,13,30.0,672.0,20160.0,2025-09-18
2025091804001916,GHL,42,38,105.0,202.1,21220.5,2025-09-18
2025091804001915,GHL,48,38,157.0,202.2,31745.4,2025-09-18
2025091805001856,HATHY,10,5,30.0,922.0,27660.0,2025-09-18
2025091804001914,JOSHI,36,49,24.0,261.3,6271.2,2025-09-18
2025091801001475,NWCL,57,62,10.0,768.4,7684.0,2025-09-18
2025091804001913,API,50,53,194.0,260.0,50440.0,2025-09-18
2025091804001912,API,50,58,157.0,260.0,40820.0,2025-09-18
2025091804001911,API,50,42,149.0,260.0,38740.0,2025-09-18
2025091805001855,CIT,41,34,13.0,1765.0,22945.0,2025-09-18
2025091805001854,CIT,35,34,50.0,1766.0,88300.0,2025-09-18
2025091805001853,NYADI,58,74,50.0,384.2,19210.0,2025-09-18
2025091804001910,API,16,42,25.0,260.0,6500.0,2025-09-18
2025091804001909,RADHI,39,16,100.0,697.0,69700.0,2025-09-18
2025091801001474,GBIME,28,53,100.0,227.0,22700.0,2025-09-18
2025091805001852,GVL,63,49,200.0,490.0,98000.0,2025-09-18
2025091804001908,SALICO,6,57,10.0,640.2,6402.0,2025-09-18
2025091801001473,TTL,11,19,80.0,692.5,55400.0,2025-09-18
2025091801001472,TTL,21,19,20.0,693.0,13860.0,2025-09-18
2025091801001471,CZBIL,47,75,300.0,196.0,58800.0,2025-09-18
2025091805001851,HDL,34,48,20.0,1289.9,25798.0,2025-09-18
2025091801001470,SNLI,39,16,48.0,435.9,20923.2,2025-09-18
2025091805001850,MBJC,13,4,10.0,285.0,2850.0,2025-09-18
2025091804001907,AKPL,7,57,100.0,238.0,23800.0,2025-09-18
2025091804001906,AKPL,7,41,95.0,238.0,22610.0,2025-09-18
2025091804001905,SHEL,3,35,260.0,275.0,71500.0,2025-09-18
2025091803000934,GUFL,57,54,500.0,465.5,232750.0,2025-09-18
2025091803000933,GUFL,16,54,100.0,466.0,46600.0,2025-09-18
2025091803000932,GUFL,34,54,200.0,466.0,93200.0,2025-09-18
2025091803000931,GUFL,42,54,10.0,471.0,4710.0,2025-09-18
2025091803000930,GUFL,34,54,29.0,471.0,13659.0,2025-09-18
2025091803000929,GUFL,58,54,100.0,475.0,47500.0,2025-09-18
2025091803000928,GUFL,18,54,15.0,475.0,7125.0,2025-09-18
2025091803000927,GUFL,25,54,20.0,475.1,9502.0,2025-09-18
2025091805001849,NRIC,49,34,20.0,1468.7,29374.0,2025-09-18
2025091804001904,IGI,45,19,100.0,463.0,46300.0,2025-09-18
2025091801001469,PURE,96,19,10.0,753.0,7530.0,2025-09-18
2025091801001468,PURE,96,49,10.0,740.0,7400.0,2025-09-18
2025091804001903,AHPC,28,58,334.0,268.0,89512.0,2025-09-18
2025091801001467,HBL,32,54,224.0,186.3,41731.2,2025-09-18
2025091801001466,HBL,49,54,30.0,186.5,5595.0,2025-09-18
2025091801001465,HBL,14,54,50.0,186.6,9330.0,2025-09-18
2025091801001464,HBL,50,54,200.0,187.0,37400.0,2025-09-18
2025091804001902,GHL,48,66,240.0,202.2,48528.0,2025-09-18
2025091801001463,SANIMA,50,25,50.0,344.1,17205.0,2025-09-18
2025091804001901,SHPC,70,34,332.0,496.0,164672.0,2025-09-18
2025091804001900,SHPC,47,34,1198.0,497.0,595406.0,2025-09-18
2025091804001899,SHPC,32,34,200.0,497.1,99420.0,2025-09-18
2025091804001898,SHPC,42,34,20.0,497.1,9942.0,2025-09-18
2025091804001897,SHPC,95,34,50.0,498.0,24900.0,2025-09-18
2025091804001896,SHPC,35,34,200.0,498.0,99600.0,2025-09-18
2025091804001895,UMHL,62,22,20.0,546.0,10920.0,2025-09-18
2025091805001848,NIFRA,56,32,20.0,252.5,5050.0,2025-09-18
2025091805001847,NIFRA,50,32,34.0,252.5,8585.0,2025-09-18
2025091801001462,NBL,26,6,90.0,230.1,20709.0,2025-09-18
2025091801001461,NBL,14,6,10.0,233.0,2330.0,2025-09-18
2025091804001894,NICL,6,16,10.0,549.0,5490.0,2025-09-18
2025091804001893,API,43,42,300.0,260.0,78000.0,2025-09-18
2025091805001846,MKJC,60,8,10.0,553.0,5530.0,2025-09-18
2025091801001460,PRVU,45,58,50.0,189.0,9450.0,2025-09-18
2025091805001845,BHL,49,13,100.0,169.6,16960.0,2025-09-18
2025091801001459,SANIMA,101,57,375.0,348.0,130500.0,2025-09-18
2025091801001458,SANIMA,101,13,75.0,345.0,25875.0,2025-09-18
2025091805001844,SHIVM,45,60,55.0,532.0,29260.0,2025-09-18
2025091804001892,BPCL,14,57,20.0,727.0,14540.0,2025-09-18
2025091801001457,CREST,58,58,10.0,1005.3,10053.0,2025-09-18
2025091804001891,NGPL,14,43,650.0,360.1,234065.0,2025-09-18
2025091804001890,NGPL,26,43,500.0,363.0,181500.0,2025-09-18
2025091804001889,NGPL,34,43,350.0,365.0,127750.0,2025-09-18
2025091804001888,NGPL,11,43,500.0,367.0,183500.0,2025-09-18
2025091804001887,KPCL,45,34,200.0,491.4,98280.0,2025-09-18
2025091804001886,KPCL,17,34,285.0,491.4,140049.0,2025-09-18
2025091804001885,KPCL,17,62,215.0,491.4,105651.0,2025-09-18
2025091805001843,TPC,25,36,60.0,310.0,18600.0,2025-09-18
2025091803000926,SAPDBL,22,6,35.0,700.0,24500.0,2025-09-18
2025091804001884,SHPC,17,29,50.0,499.0,24950.0,2025-09-18
2025091803000925,SAPDBL,64,11,100.0,700.0,70000.0,2025-09-18
2025091803000924,SAPDBL,57,11,200.0,700.0,140000.0,2025-09-18
2025091803000923,SAPDBL,11,11,200.0,700.0,140000.0,2025-09-18
2025091803000922,SAPDBL,22,11,100.0,700.1,70010.0,2025-09-18
2025091803000921,SAPDBL,22,11,100.0,700.1,70010.0,2025-09-18
2025091803000920,SAPDBL,13,11,300.0,700.2,210060.0,2025-09-18
2025091805001842,NTC,4,53,90.0,809.1,72819.0,2025-09-18
2025091805001841,NTC,4,32,60.0,809.0,48540.0,2025-09-18
2025091804001883,UPCL,11,81,78.0,382.0,29796.0,2025-09-18
2025091804001882,UPCL,11,16,922.0,377.0,347594.0,2025-09-18
2025091803000919,GRDBL,53,58,50.0,951.0,47550.0,2025-09-18
2025091801001456,HBL,14,49,10.0,186.6,1866.0,2025-09-18
2025091801001455,PRVU,33,58,100.0,189.0,18900.0,2025-09-18
2025091803000918,LICN,58,17,10.0,788.9,7889.0,2025-09-18
2025091805001840,CLI,22,57,100.0,412.0,41200.0,2025-09-18
2025091803000917,NLICL,54,42,150.0,545.9,81885.0,2025-09-18
2025091803000916,NLICL,5,42,100.0,546.0,54600.0,2025-09-18
2025091803000915,NLICL,64,42,100.0,546.0,54600.0,2025-09-18
2025091803000914,NLICL,38,42,100.0,550.0,55000.0,2025-09-18
2025091803000913,NLICL,46,42,50.0,550.0,27500.0,2025-09-18
2025091804001881,UAIL,42,72,50.0,460.9,23045.0,2025-09-18
2025091801001454,NABIL,17,42,106.0,483.0,51198.0,2025-09-18
2025091801001453,NABIL,32,42,50.0,485.0,24250.0,2025-09-18
2025091801001452,NABIL,42,42,10.0,485.0,4850.0,2025-09-18
2025091801001451,NABIL,58,42,20.0,489.6,9792.0,2025-09-18
2025091801001450,NABIL,16,42,200.0,490.0,98000.0,2025-09-18
2025091801001449,NABIL,58,42,10.0,490.0,4900.0,2025-09-18
2025091801001448,NABIL,58,42,50.0,490.0,24500.0,2025-09-18
2025091801001447,NABIL,58,42,100.0,490.0,49000.0,2025-09-18
2025091801001446,NABIL,43,42,554.0,490.0,271460.0,2025-09-18
2025091804001880,HPPL,39,55,140.0,420.0,58800.0,2025-09-18
2025091801001445,SNLI,39,58,12.0,435.9,5230.8,2025-09-18
2025091803000912,SLBBL,61,55,50.0,857.5,42875.0,2025-09-18
2025091805001839,NIFRA,90,35,100.0,255.0,25500.0,2025-09-18
2025091801001444,SANIMA,8,13,500.0,345.0,172500.0,2025-09-18
2025091804001879,UPPER,72,26,300.0,170.0,51000.0,2025-09-18
2025091805001838,GVL,3,39,500.0,485.0,242500.0,2025-09-18
2025091801001443,KBL,45,72,100.0,180.0,18000.0,2025-09-18
2025091803000911,MLBL,34,22,70.0,352.1,24647.0,2025-09-18
2025091803000910,MLBL,36,22,50.0,353.0,17650.0,2025-09-18
2025091804001878,SHEL,3,25,400.0,275.0,110000.0,2025-09-18
2025091804001877,UPCL,22,16,15.0,378.0,5670.0,2025-09-18
2025091804001876,UPCL,48,16,63.0,378.0,23814.0,2025-09-18
2025091804001875,CHCL,29,44,50.0,464.0,23200.0,2025-09-18
2025091805001837,SAHAS,50,26,149.0,586.0,87314.0,2025-09-18
2025091801001442,KBL,56,72,50.0,180.0,9000.0,2025-09-18
2025091805001836,SAHAS,29,48,92.0,590.0,54280.0,2025-09-18
2025091801001441,NABIL,43,58,30.0,490.0,14700.0,2025-09-18
2025091801001440,NABIL,58,58,100.0,491.0,49100.0,2025-09-18
2025091804001874,AKJCL,19,58,200.0,175.0,35000.0,2025-09-18
2025091805001835,HRL,16,3,13.0,878.0,11414.0,2025-09-18
2025091805001834,BBC,99,49,50.0,5000.0,250000.0,2025-09-18
2025091805001833,BBC,99,1,10.0,5000.0,50000.0,2025-09-18
2025091805001832,BBC,99,57,20.0,4945.5,98910.0,2025-09-18
2025091805001831,BBC,99,1,10.0,4850.0,48500.0,2025-09-18
2025091805001830,BBC,99,58,10.0,4848.0,48480.0,2025-09-18
2025091803000909,EDBL,58,58,170.0,588.0,99960.0,2025-09-18
2025091801001439,SNLI,39,44,70.0,435.9,30513.0,2025-09-18
2025091805001829,NIFRA,50,72,64.0,252.5,16160.0,2025-09-18
2025091804001873,GHL,42,35,100.0,202.1,20210.0,2025-09-18
2025091801001438,BHCL,39,14,10.0,425.0,4250.0,2025-09-18
2025091803000908,GMFIL,88,34,146.0,454.5,66357.0,2025-09-18
2025091803000907,GMFIL,88,39,254.0,454.5,115443.0,2025-09-18
2025091803000906,CBBL,7,19,307.0,916.3,281304.1,2025-09-18
2025091803000905,CBBL,18,19,50.0,917.0,45850.0,2025-09-18
2025091803000904,CBBL,14,19,10.0,917.0,9170.0,2025-09-18
2025091803000903,CBBL,19,19,20.0,917.0,18340.0,2025-09-18
2025091803000902,CBBL,21,19,83.0,925.0,76775.0,2025-09-18
2025091804001872,SPDL,22,14,500.0,364.6,182300.0,2025-09-18
2025091804001871,SPDL,48,14,50.0,365.0,18250.0,2025-09-18
2025091804001870,SPDL,56,14,1000.0,365.0,365000.0,2025-09-18
2025091804001869,SPDL,26,14,1000.0,365.0,365000.0,2025-09-18
2025091804001868,SPDL,48,14,1000.0,365.0,365000.0,2025-09-18
2025091804001867,SPDL,32,14,190.0,365.1,69369.0,2025-09-18
2025091804001866,SPDL,59,14,390.0,366.0,142740.0,2025-09-18
2025091804001865,SPDL,21,14,300.0,367.0,110100.0,2025-09-18
2025091801001437,KBL,28,72,50.0,180.0,9000.0,2025-09-18
2025091805001828,SPC,62,59,33.0,479.2,15813.6,2025-09-18
2025091805001827,SPC,50,59,17.0,488.9,8311.3,2025-09-18
2025091801001436,KBL,49,72,100.0,180.0,18000.0,2025-09-18
2025091801001435,KBL,38,72,1470.0,180.0,264600.0,2025-09-18
2025091801001434,KBL,22,72,200.0,180.1,36020.0,2025-09-18
2025091801001433,KBL,16,72,200.0,180.4,36080.0,2025-09-18
2025091801001432,KBL,63,72,10000.0,180.4,1804000.0,2025-09-18
2025091801001431,KBL,5,72,100.0,180.5,18050.0,2025-09-18
2025091801001430,KBL,16,72,10.0,181.0,1810.0,2025-09-18
2025091801001429,KBL,49,72,100.0,181.0,18100.0,2025-09-18
2025091801001428,KBL,58,72,1000.0,181.0,181000.0,2025-09-18
2025091801001427,KBL,5,72,30.0,182.0,5460.0,2025-09-18
2025091801001426,KBL,34,72,200.0,183.0,36600.0,2025-09-18
2025091801001425,NABIL,43,43,200.0,490.0,98000.0,2025-09-18
2025091801001424,CZBIL,47,35,70.0,196.0,13720.0,2025-09-18
2025091801001423,SNLI,28,36,25.0,436.1,10902.5,2025-09-18
2025091805001826,MBJC,1,34,30.0,284.3,8529.0,2025-09-18
2025091804001864,BPCL,14,59,480.0,727.0,348960.0,2025-09-18
2025091801001422,PRVU,35,58,100.0,189.0,18900.0,2025-09-18
2025091801001421,SCB,25,11,100.0,605.0,60500.0,2025-09-18
2025091801001420,SCB,54,11,100.0,605.0,60500.0,2025-09-18
2025091804001863,UNHPL,52,38,25.0,424.0,10600.0,2025-09-18
2025091801001419,TTL,21,58,10.0,693.0,6930.0,2025-09-18
2025091805001825,GVL,34,49,10.0,490.0,4900.0,2025-09-18
2025091803000901,SADBL,13,48,10.0,398.0,3980.0,2025-09-18
2025091801001418,KDL,21,42,10.0,954.0,9540.0,2025-09-18
2025091804001862,SSHL,101,48,500.0,161.5,80750.0,2025-09-18
2025091801001417,KBL,34,36,100.0,183.0,18300.0,2025-09-18
2025091801001416,BHCL,45,14,50.0,425.0,21250.0,2025-09-18
2025091805001824,NIFRA,50,42,402.0,252.5,101505.0,2025-09-18
2025091805001823,NIFRA,54,42,500.0,253.0,126500.0,2025-09-18
2025091805001822,NIFRA,42,42,98.0,253.0,24794.0,2025-09-18
2025091801001415,SCB,40,58,426.0,607.0,258582.0,2025-09-18
2025091801001414,SCB,40,33,74.0,607.0,44918.0,2025-09-18
2025091804001861,SSHL,58,48,10.0,161.5,1615.0,2025-09-18
2025091804001860,SSHL,48,48,70.0,161.5,11305.0,2025-09-18
2025091805001821,CLI,58,36,100.0,413.0,41300.0,2025-09-18
2025091804001859,SHPC,14,34,111.0,499.0,55389.0,2025-09-18
2025091804001858,SHPC,14,72,200.0,499.0,99800.0,2025-09-18
2025091804001857,SHPC,14,38,180.0,499.0,89820.0,2025-09-18
2025091805001820,CKHL,84,58,10.0,623.0,6230.0,2025-09-18
2025091804001856,API,48,42,500.0,260.0,130000.0,2025-09-18
2025091803000900,CBBL,21,81,217.0,925.0,200725.0,2025-09-18
2025091803000899,SHINE,60,42,261.0,382.8,99910.8,2025-09-18
2025091801001413,BHCL,45,58,10.0,425.0,4250.0,2025-09-18
2025091804001855,SHL,55,65,300.0,493.1,147930.0,2025-09-18
2025091804001854,SHL,5,65,200.0,493.1,98620.0,2025-09-18
2025091804001853,API,59,58,20.0,258.8,5176.0,2025-09-18
2025091804001852,API,14,58,200.0,258.8,51760.0,2025-09-18
2025091804001851,API,1,58,100.0,258.8,25880.0,2025-09-18
2025091804001850,API,17,58,300.0,258.8,77640.0,2025-09-18
2025091804001849,API,54,58,80.0,258.8,20704.0,2025-09-18
2025091805001819,NIFRA,42,58,50.0,253.0,12650.0,2025-09-18
2025091803000898,BFC,58,54,50.0,428.3,21415.0,2025-09-18
2025091804001848,JOSHI,36,52,200.0,261.3,52260.0,2025-09-18
2025091805001818,HDL,34,58,70.0,1289.9,90293.0,2025-09-18
2025091805001817,NTC,47,32,40.0,809.0,32360.0,2025-09-18
2025091803000897,NICLBSL,42,29,100.0,535.0,53500.0,2025-09-18
2025091805001816,HDL,34,48,290.0,1289.9,374071.0,2025-09-18
2025091801001412,TTL,21,49,10.0,693.0,6930.0,2025-09-18
2025091801001411,NMB,36,56,10.0,243.1,2431.0,2025-09-18
2025091803000896,LBBL,58,44,30.0,475.2,14256.0,2025-09-18
2025091804001847,AHPC,28,22,66.0,268.0,17688.0,2025-09-18
2025091804001846,AHPC,14,22,200.0,268.0,53600.0,2025-09-18
2025091804001845,AHPC,28,22,2734.0,268.0,732712.0,2025-09-18
2025091804001844,KPCL,19,62,200.0,491.4,98280.0,2025-09-18
2025091804001843,UPCL,48,4,37.0,378.0,13986.0,2025-09-18
2025091801001410,JBLB,14,58,10.0,1320.0,13200.0,2025-09-18
2025091801001409,JBLB,14,48,10.0,1319.0,13190.0,2025-09-18
2025091805001815,NYADI,58,49,670.0,384.2,257414.0,2025-09-18
2025091805001814,NYADI,45,49,200.0,390.0,78000.0,2025-09-18
2025091805001813,CHDC,39,16,50.0,2245.0,112250.0,2025-09-18
2025091805001812,DORDI,59,34,10.0,216.0,2160.0,2025-09-18
2025091801001408,BHCL,45,56,10.0,425.0,4250.0,2025-09-18
2025091804001842,KPCL,99,62,300.0,491.4,147420.0,2025-09-18
2025091804001841,GLH,57,22,140.0,232.0,32480.0,2025-09-18
2025091804001840,GLH,65,22,140.0,232.5,32550.0,2025-09-18
2025091804001839,SPDL,21,39,200.0,367.0,73400.0,2025-09-18
2025091801001407,BHCL,45,49,10.0,425.0,4250.0,2025-09-18
2025091804001838,OHL,67,5,189.0,700.0,132300.0,2025-09-18
2025091803000895,NLIC,3,35,100.0,710.0,71000.0,2025-09-18
2025091801001406,GBIME,28,42,3327.0,227.0,755229.0,2025-09-18
2025091803000894,LBBL,17,74,1805.0,473.0,853765.0,2025-09-18
2025091803000893,LBBL,13,74,400.0,474.5,189800.0,2025-09-18
2025091803000892,LBBL,34,74,1000.0,475.0,475000.0,2025-09-18
2025091803000891,LBBL,85,74,975.0,475.1,463222.5,2025-09-18
2025091801001405,CREST,91,58,10.0,1006.0,10060.0,2025-09-18
2025091805001811,ILI,48,58,10.0,410.1,4101.0,2025-09-18
2025091804001837,GHL,39,49,200.0,202.2,40440.0,2025-09-18
2025091803000890,SWBBL,80,19,10.0,756.9,7569.0,2025-09-18
2025091805001810,HDL,34,32,119.0,1289.9,153498.1,2025-09-18
2025091805001809,HDL,17,32,321.0,1289.9,414057.9,2025-09-18
2025091801001404,CREST,58,50,10.0,1005.3,10053.0,2025-09-18
2025091805001808,HRL,99,3,100.0,878.0,87800.0,2025-09-18
2025091801001403,SRLI,58,11,346.0,363.9,125909.4,2025-09-18
2025091805001807,BHL,16,19,42.0,170.0,7140.0,2025-09-18
2025091805001806,BHL,16,1,158.0,170.0,26860.0,2025-09-18
2025091801001402,BHCL,45,58,10.0,425.0,4250.0,2025-09-18
2025091801001401,ADBL,50,4,13.0,295.0,3835.0,2025-09-18
2025091801001400,KBL,5,26,20.0,182.0,3640.0,2025-09-18
2025091801001399,KDL,22,41,10.0,954.0,9540.0,2025-09-18
2025091801001398,EBL,34,48,400.0,671.0,268400.0,2025-09-18
2025091805001805,SAHAS,29,43,10.0,590.0,5900.0,2025-09-18
2025091805001804,SAHAS,29,49,108.0,590.0,63720.0,2025-09-18
2025091805001803,SAHAS,29,3,100.0,590.0,59000.0,2025-09-18
2025091805001802,SAHAS,29,25,190.0,590.0,112100.0,2025-09-18
2025091801001397,MBLEF,52,17,10000.0,8.79,87900.0,2025-09-18
2025091804001836,HDHPC,42,58,50.0,165.0,8250.0,2025-09-18
2025091801001396,HBL,14,7,10.0,186.6,1866.0,2025-09-18
2025091804001835,BPCL,14,19,73.0,727.0,53071.0,2025-09-18
2025091804001834,BPCL,34,19,300.0,728.0,218400.0,2025-09-18
2025091804001833,BPCL,82,19,20.0,730.0,14600.0,2025-09-18
2025091803000889,CFCL,36,58,10.0,467.0,4670.0,2025-09-18
2025091803000888,USLB,14,44,11.0,1729.8,19027.8,2025-09-18
2025091803000887,USLB,14,63,15.0,1729.8,25947.0,2025-09-18
2025091804001832,UPCL,58,57,1000.0,380.0,380000.0,2025-09-18
2025091801001395,NABIL,43,49,91.0,490.0,44590.0,2025-09-18
2025091801001394,BHCL,45,58,10.0,425.0,4250.0,2025-09-18
2025091804001831,NLG,14,46,50.0,720.0,36000.0,2025-09-18
2025091801001393,NBL,58,6,200.0,234.0,46800.0,2025-09-18
2025091804001830,API,54,91,120.0,258.8,31056.0,2025-09-18
2025091805001801,NIFRA,56,35,100.0,255.0,25500.0,2025-09-18
2025091803000886,MNBBL,59,100,5085.0,428.0,2176380.0,2025-09-18
2025091803000885,MNBBL,94,100,1159.0,428.1,496167.9,2025-09-18
2025091803000884,MNBBL,57,100,30.0,429.0,12870.0,2025-09-18
2025091801001392,CREST,58,21,10.0,1005.3,10053.0,2025-09-18
2025091805001800,SHIVM,16,60,100.0,532.0,53200.0,2025-09-18
2025091804001829,AHPC,28,74,50.0,268.0,13400.0,2025-09-18
2025091804001828,AHPC,42,74,200.0,269.0,53800.0,2025-09-18
2025091804001827,AHPC,54,74,50.0,269.0,13450.0,2025-09-18
2025091803000883,PMLI,35,56,80.0,463.0,37040.0,2025-09-18
2025091801001391,SHLB,33,19,20.0,1745.0,34900.0,2025-09-18
2025091801001390,SHLB,10,19,10.0,1750.0,17500.0,2025-09-18
2025091801001389,KBL,74,49,100.0,182.1,18210.0,2025-09-18
2025091801001388,KBL,41,49,200.0,183.0,36600.0,2025-09-18
2025091801001387,KBL,13,49,700.0,183.0,128100.0,2025-09-18
2025091801001386,KBL,17,38,100.0,184.0,18400.0,2025-09-18
2025091805001799,GCIL,45,6,100.0,441.0,44100.0,2025-09-18
2025091805001798,CLI,57,36,200.0,413.0,82600.0,2025-09-18
2025091804001826,UPPER,38,26,300.0,170.0,51000.0,2025-09-18
2025091804001825,UPPER,38,18,200.0,169.2,33840.0,2025-09-18
2025091801001385,TTL,42,62,30.0,695.0,20850.0,2025-09-18
2025091801001384,NICA,48,1,90.0,310.0,27900.0,2025-09-18
2025091801001383,BHCL,45,52,10.0,425.0,4250.0,2025-09-18
2025091803000882,GILB,7,58,25.0,1155.0,28875.0,2025-09-18
2025091805001797,SANVI,32,7,10.0,554.0,5540.0,2025-09-18
2025091801001382,JBLB,49,58,10.0,1305.2,13052.0,2025-09-18
2025091801001381,SBL,40,7,30.0,350.6,10518.0,2025-09-18
2025091805001796,HDL,55,45,10.0,1290.0,12900.0,2025-09-18
2025091805001795,HDL,17,45,20.0,1290.0,25800.0,2025-09-18
2025091805001794,HDL,45,45,100.0,1290.0,129000.0,2025-09-18
2025091805001793,HDL,16,45,50.0,1290.0,64500.0,2025-09-18
2025091805001792,HDL,49,45,51.0,1290.0,65790.0,2025-09-18
2025091805001791,HDL,87,45,73.0,1290.1,94177.3,2025-09-18
2025091804001824,CGH,45,47,10.0,908.6,9086.0,2025-09-18
2025091804001823,SJCL,49,16,100.0,277.8,27780.0,2025-09-18
2025091805001790,SHIVM,16,60,175.0,532.0,93100.0,2025-09-18
2025091805001789,SHIVM,54,60,10.0,534.0,5340.0,2025-09-18
2025091805001788,SHIVM,62,60,60.0,534.0,32040.0,2025-09-18
2025091804001822,AHPC,57,22,10.0,270.0,2700.0,2025-09-18
2025091801001380,NIMB,35,57,100.0,193.0,19300.0,2025-09-18
2025091803000881,CBBL,58,81,100.0,925.0,92500.0,2025-09-18
2025091801001379,GBIME,28,14,886.0,227.0,201122.0,2025-09-18
2025091801001378,GBIME,22,14,1000.0,227.1,227100.0,2025-09-18
2025091801001377,GBIME,14,14,235.0,228.0,53580.0,2025-09-18
2025091801001376,GBIME,49,14,79.0,229.0,18091.0,2025-09-18
2025091803000880,KMCDB,49,11,10.0,1000.0,10000.0,2025-09-18
2025091801001375,TTL,21,18,10.0,693.0,6930.0,2025-09-18
2025091804001821,AHPC,17,22,30.0,270.0,8100.0,2025-09-18
2025091804001820,HURJA,11,80,100.0,210.7,21070.0,2025-09-18
2025091805001787,CHDC,89,16,762.0,2245.0,1710690.0,2025-09-18
2025091805001786,CHDC,62,16,10.0,2246.0,22460.0,2025-09-18
2025091805001785,CHDC,21,16,30.0,2248.0,67440.0,2025-09-18
2025091805001784,CIT,25,58,10.0,1780.0,17800.0,2025-09-18
2025091803000879,MFIL,55,25,200.0,620.1,124020.0,2025-09-18
2025091801001374,PRVU,42,58,265.0,189.0,50085.0,2025-09-18
2025091803000878,MATRI,47,45,29.0,971.0,28159.0,2025-09-18
2025091801001373,SANIMA,50,14,50.0,344.1,17205.0,2025-09-18
2025091801001372,TTL,21,49,10.0,693.0,6930.0,2025-09-18
2025091801001371,SRLI,22,50,10.0,365.0,3650.0,2025-09-18
2025091805001783,HDL,87,58,50.0,1290.1,64505.0,2025-09-18
2025091805001782,SAHAS,50,32,600.0,586.0,351600.0,2025-09-18
2025091804001819,CHCL,57,13,79.0,456.0,36024.0,2025-09-18
2025091804001818,CHCL,57,13,50.0,457.0,22850.0,2025-09-18
2025091804001817,CHCL,57,13,500.0,458.0,229000.0,2025-09-18
2025091805001781,HDL,87,58,105.0,1290.1,135460.5,2025-09-18
2025091804001816,SPDL,59,36,190.0,366.0,69540.0,2025-09-18
2025091804001815,SPDL,91,36,300.0,366.1,109830.0,2025-09-18
2025091804001814,SPDL,13,36,10.0,367.0,3670.0,2025-09-18
2025091803000877,KSBBL,58,13,100.0,500.0,50000.0,2025-09-18
2025091804001813,BPCL,14,4,25.0,727.0,18175.0,2025-09-18
2025091805001780,MBJC,6,34,30.0,284.3,8529.0,2025-09-18
2025091804001812,LEC,33,58,500.0,194.1,97050.0,2025-09-18
2025091804001811,LEC,45,58,100.0,195.0,19500.0,2025-09-18
2025091804001810,SHEL,3,43,40.0,275.0,11000.0,2025-09-18
2025091805001779,HRL,42,3,50.0,878.0,43900.0,2025-09-18
2025091801001370,HBL,14,32,10.0,186.6,1866.0,2025-09-18
2025091801001369,BNT,58,13,17.0,11222.0,190774.0,2025-09-18
2025091804001809,HPPL,53,50,140.0,422.0,59080.0,2025-09-18
2025091801001368,ADBL,45,4,87.0,295.0,25665.0,2025-09-18
2025091801001367,TTL,21,41,40.0,693.0,27720.0,2025-09-18
2025091801001366,TTL,4,41,70.0,693.0,48510.0,2025-09-18
2025091801001365,TTL,74,41,40.0,693.1,27724.0,2025-09-18
2025091801001364,TTL,58,41,50.0,693.2,34660.0,2025-09-18
2025091803000876,SKBBL,32,1,70.0,813.0,56910.0,2025-09-18
2025091803000875,SKBBL,19,1,250.0,815.0,203750.0,2025-09-18
2025091803000874,SKBBL,32,1,80.0,815.0,65200.0,2025-09-18
2025091805001778,BBC,36,1,20.0,4658.0,93160.0,2025-09-18
2025091803000873,SAPDBL,32,57,50.0,704.0,35200.0,2025-09-18
2025091801001363,NICA,62,86,50.0,314.0,15700.0,2025-09-18
2025091803000872,SAPDBL,5,17,96.0,704.0,67584.0,2025-09-18
2025091801001362,PRVU,18,7,50.0,188.0,9400.0,2025-09-18
2025091805001777,NIFRA,42,29,1352.0,253.0,342056.0,2025-09-18
2025091804001808,SHEL,3,28,790.0,275.0,217250.0,2025-09-18
2025091804001807,SHEL,6,28,800.0,275.1,220080.0,2025-09-18
2025091804001806,SHEL,53,28,100.0,276.0,27600.0,2025-09-18
2025091801001361,NIMB,49,57,10.0,193.0,1930.0,2025-09-18
2025091801001360,SANIMA,46,13,55.0,345.0,18975.0,2025-09-18
2025091801001359,HIDCLP,13,59,410.0,180.0,73800.0,2025-09-18
2025091801001358,HIDCLP,13,34,650.0,179.8,116870.0,2025-09-18
2025091801001357,LSL,22,58,20.0,215.0,4300.0,2025-09-18
2025091801001356,LSL,22,34,31.0,215.0,6665.0,2025-09-18
2025091803000871,CBBL,19,18,30.0,917.0,27510.0,2025-09-18
2025091805001776,HRL,64,3,50.0,878.0,43900.0,2025-09-18
2025091805001775,SHIVM,45,42,10.0,540.0,5400.0,2025-09-18
2025091805001774,BHL,14,35,100.0,169.7,16970.0,2025-09-18
2025091801001355,NABIL,43,17,125.0,490.0,61250.0,2025-09-18
2025091801001354,NABIL,6,17,125.0,490.1,61262.5,2025-09-18
2025091803000870,MPFL,5,17,50.0,510.0,25500.0,2025-09-18
2025091803000869,CBBL,45,81,10.0,925.0,9250.0,2025-09-18
2025091805001773,NIFRA,49,35,195.0,255.0,49725.0,2025-09-18
2025091804001805,SSHL,48,58,20.0,161.5,3230.0,2025-09-18
2025091801001353,HBL,14,21,10.0,186.6,1866.0,2025-09-18
2025091801001352,BHCL,45,62,10.0,425.0,4250.0,2025-09-18
2025091804001804,UMHL,82,91,69.0,542.0,37398.0,2025-09-18
2025091804001803,UMHL,58,91,290.0,543.0,157470.0,2025-09-18
2025091804001802,UMHL,45,91,41.0,543.2,22271.2,2025-09-18
2025091801001351,NABIL,6,34,10.0,490.1,4901.0,2025-09-18
2025091801001350,NMIC,45,49,10.0,1080.0,10800.0,2025-09-18
2025091804001801,BPCL,14,19,150.0,727.0,109050.0,2025-09-18
2025091804001800,UPCL,17,81,1670.0,382.0,637940.0,2025-09-18
2025091804001799,UPCL,17,82,330.0,381.9,126027.0,2025-09-18
2025091805001772,HDL,87,32,72.0,1290.1,92887.2,2025-09-18
2025091805001771,HDL,8,32,10.0,1290.1,12901.0,2025-09-18
2025091801001349,LSL,42,34,370.0,215.0,79550.0,2025-09-18
2025091801001348,KBL,55,38,100.0,184.0,18400.0,2025-09-18
2025091801001347,CREST,58,49,20.0,1005.3,20106.0,2025-09-18
2025091801001346,CREST,50,49,20.0,1006.1,20122.0,2025-09-18
2025091805001770,HIDCL,1,49,200.0,250.0,50000.0,2025-09-18
2025091801001345,HBL,14,42,10.0,186.6,1866.0,2025-09-18
2025091804001798,API,22,42,200.0,260.0,52000.0,2025-09-18
2025091805001769,SAHAS,50,10,200.0,586.0,117200.0,2025-09-18
2025091801001344,JBLB,56,58,150.0,1320.0,198000.0,2025-09-18
2025091801001343,JBLB,56,42,15.0,1313.2,19698.0,2025-09-18
2025091801001342,JBLB,56,43,48.0,1313.0,63024.0,2025-09-18
2025091801001341,JBLB,56,58,157.0,1310.0,205670.0,2025-09-18
2025091805001768,CHDC,36,94,10.0,2250.0,22500.0,2025-09-18
2025091804001797,MEN,25,32,100.0,589.8,58980.0,2025-09-18
2025091803000868,MFIL,55,58,10.0,620.1,6201.0,2025-09-18
2025091801001340,PURE,98,17,20.0,725.0,14500.0,2025-09-18
2025091803000867,JFL,21,7,30.0,410.9,12327.0,2025-09-18
2025091803000866,JFL,33,7,50.0,411.0,20550.0,2025-09-18
2025091801001339,PCBL,41,1,100.0,230.0,23000.0,2025-09-18
2025091804001796,LEC,33,4,73.0,194.1,14169.3,2025-09-18
2025091804001795,SPDL,59,38,275.0,366.0,100650.0,2025-09-18
2025091804001794,SPDL,48,38,25.0,367.0,9175.0,2025-09-18
2025091803000865,NMBMF,16,13,10.0,663.8,6638.0,2025-09-18
2025091805001767,HDL,8,49,40.0,1290.1,51604.0,2025-09-18
2025091804001793,LEC,33,80,510.0,194.1,98991.0,2025-09-18
2025091801001338,HBL,14,17,400.0,188.0,75200.0,2025-09-18
2025091804001792,UMHL,45,98,109.0,543.2,59208.8,2025-09-18
2025091804001791,NLG,91,58,20.0,711.0,14220.0,2025-09-18
2025091801001337,HBL,14,44,10.0,186.6,1866.0,2025-09-18
2025091805001766,ILI,41,41,96.0,418.0,40128.0,2025-09-18
2025091804001790,AKPL,21,58,150.0,235.0,35250.0,2025-09-18
2025091803000864,SADBL,11,38,240.0,387.0,92880.0,2025-09-18
2025091801001336,GBIME,49,57,21.0,229.0,4809.0,2025-09-18
2025091804001789,UPPER,71,26,100.0,170.0,17000.0,2025-09-18
2025091805001765,NRN,72,3,30.0,1843.1,55293.0,2025-09-18
2025091803000863,LICN,11,17,20.0,790.0,15800.0,2025-09-18
2025091801001335,HBL,4,17,10.0,188.0,1880.0,2025-09-18
2025091801001334,HBL,4,42,10.0,187.5,1875.0,2025-09-18
2025091804001788,JOSHI,36,54,150.0,261.3,39195.0,2025-09-18
2025091805001764,SHIVM,18,42,50.0,540.0,27000.0,2025-09-18
2025091803000862,DDBL,5,36,15.0,812.0,12180.0,2025-09-18
2025091803000861,DDBL,52,36,100.0,813.0,81300.0,2025-09-18
2025091803000860,DDBL,39,36,20.0,813.0,16260.0,2025-09-18
2025091803000859,SHINE,32,42,100.0,382.8,38280.0,2025-09-18
2025091801001333,GBIME,14,58,200.0,228.0,45600.0,2025-09-18
2025091801001332,GBIME,14,58,100.0,228.1,22810.0,2025-09-18
2025091801001331,CYCL,48,45,10.0,1563.8,15638.0,2025-09-18
2025091801001330,CYCL,48,42,39.0,1535.0,59865.0,2025-09-18
2025091801001329,CYCL,48,11,10.0,1535.0,15350.0,2025-09-18
2025091803000858,MNBBL,35,41,99.0,430.0,42570.0,2025-09-18
2025091803000857,FOWAD,39,45,10.0,1067.6,10676.0,2025-09-18
2025091803000856,FOWAD,39,57,40.0,1046.4,41856.0,2025-09-18
2025091801001328,GBIME,48,57,779.0,229.0,178391.0,2025-09-18
2025091801001327,GBIME,48,74,221.0,229.0,50609.0,2025-09-18
2025091803000855,SAPDBL,38,75,100.0,703.0,70300.0,2025-09-18
2025091803000854,SJLIC,3,52,180.0,395.0,71100.0,2025-09-18
2025091803000853,SJLIC,57,52,10.0,395.0,3950.0,2025-09-18
2025091803000852,SJLIC,58,52,250.0,395.1,98775.0,2025-09-18
2025091803000851,SJLIC,101,52,60.0,397.0,23820.0,2025-09-18
2025091804001787,RADHI,4,49,100.0,696.1,69610.0,2025-09-18
2025091801001326,NICA,48,52,258.0,310.0,79980.0,2025-09-18
2025091804001786,HDHPC,50,58,70.0,165.0,11550.0,2025-09-18
2025091801001325,KBL,13,55,100.0,183.0,18300.0,2025-09-18
2025091804001785,MEN,3,72,13.0,580.0,7540.0,2025-09-18
2025091805001763,NRN,34,16,500.0,1849.0,924500.0,2025-09-18
2025091801001324,BHCL,45,17,10.0,425.0,4250.0,2025-09-18
2025091801001323,BHCL,45,72,10.0,425.0,4250.0,2025-09-18
2025091801001322,BHCL,45,58,10.0,425.0,4250.0,2025-09-18
2025091801001321,BHCL,45,58,40.0,425.0,17000.0,2025-09-18
2025091801001320,BHCL,45,6,10.0,424.0,4240.0,2025-09-18
2025091804001784,RADHI,4,32,80.0,696.1,55688.0,2025-09-18
2025091804001783,RIDI,34,32,580.0,203.5,118030.0,2025-09-18
2025091804001782,BARUN,57,68,125.0,298.0,37250.0,2025-09-18
2025091804001781,BARUN,34,68,20.0,298.0,5960.0,2025-09-18
2025091804001780,BARUN,43,68,300.0,299.5,89850.0,2025-09-18
2025091804001779,API,58,42,20.0,260.0,5200.0,2025-09-18
2025091803000850,MNBBL,50,41,100.0,430.0,43000.0,2025-09-18
2025091805001762,BHL,43,1,200.0,170.0,34000.0,2025-09-18
2025091805001761,NRIC,41,34,10.0,1468.7,14687.0,2025-09-18
2025091805001760,CLI,42,36,500.0,413.0,206500.0,2025-09-18
2025091805001759,HRL,35,3,200.0,878.0,175600.0,2025-09-18
2025091804001778,SHEL,6,38,200.0,275.1,55020.0,2025-09-18
2025091804001777,UNHPL,26,36,50.0,422.0,21100.0,2025-09-18
2025091805001758,NRN,58,41,11.0,1845.0,20295.0,2025-09-18
2025091804001776,RADHI,39,16,100.0,697.0,69700.0,2025-09-18
2025091805001757,BHL,42,1,500.0,170.0,85000.0,2025-09-18
2025091804001775,UNHPL,26,42,151.0,422.0,63722.0,2025-09-18
2025091804001774,UNHPL,45,42,390.0,422.0,164580.0,2025-09-18
2025091804001773,UNHPL,43,42,500.0,422.1,211050.0,2025-09-18
2025091804001772,UNHPL,58,42,500.0,422.1,211050.0,2025-09-18
2025091804001771,UNHPL,45,42,100.0,423.0,42300.0,2025-09-18
2025091804001770,UNHPL,45,42,60.0,424.0,25440.0,2025-09-18
2025091804001769,UNHPL,69,42,1000.0,425.0,425000.0,2025-09-18
2025091805001756,ILI,41,21,12.0,418.0,5016.0,2025-09-18
2025091805001755,SANVI,52,86,100.0,554.0,55400.0,2025-09-18
2025091803000849,NLIC,8,14,50.0,705.0,35250.0,2025-09-18
2025091801001319,CREST,50,77,10.0,1006.1,10061.0,2025-09-18
2025091801001318,CREST,50,42,10.0,1006.1,10061.0,2025-09-18
2025091801001317,NMIC,45,50,10.0,1080.0,10800.0,2025-09-18
2025091804001768,PMHPL,10,44,20.0,330.0,6600.0,2025-09-18
2025091804001767,UPCL,41,49,200.0,376.0,75200.0,2025-09-18
2025091805001754,CHDC,41,94,100.0,2250.0,225000.0,2025-09-18
2025091805001753,CHDC,57,94,40.0,2250.0,90000.0,2025-09-18
2025091805001752,NRIC,60,34,75.0,1468.7,110152.5,2025-09-18
2025091805001751,CIT,42,58,10.0,1780.0,17800.0,2025-09-18
2025091804001766,UPCL,41,7,252.0,376.0,94752.0,2025-09-18
2025091804001765,UPCL,21,7,748.0,376.0,281248.0,2025-09-18
2025091804001764,UPCL,94,7,1000.0,377.0,377000.0,2025-09-18
2025091804001763,HDHPC,26,43,300.0,163.5,49050.0,2025-09-18
2025091804001762,HDHPC,39,43,300.0,163.5,49050.0,2025-09-18
2025091804001761,HDHPC,41,43,200.0,164.0,32800.0,2025-09-18
2025091804001760,HDHPC,16,43,200.0,164.0,32800.0,2025-09-18
2025091801001316,PCBL,49,54,50.0,229.9,11495.0,2025-09-18
2025091801001315,PCBL,62,54,100.0,229.9,22990.0,2025-09-18
2025091805001750,HDL,49,52,49.0,1290.0,63210.0,2025-09-18
2025091805001749,HHL,34,34,30.0,313.6,9408.0,2025-09-18
2025091805001748,HDL,17,34,128.0,1289.9,165107.2,2025-09-18
2025091803000848,SHINE,45,42,239.0,384.1,91799.9,2025-09-18
2025091803000847,LBBL,85,39,25.0,475.1,11877.5,2025-09-18
2025091803000846,LBBL,60,39,1000.0,475.1,475100.0,2025-09-18
2025091803000845,LBBL,53,39,25.0,480.0,12000.0,2025-09-18
2025091803000844,LBBL,40,39,50.0,480.0,24000.0,2025-09-18
2025091803000843,SHINE,45,60,261.0,382.0,99702.0,2025-09-18
2025091801001314,ADBL,50,1,55.0,298.7,16428.5,2025-09-18
2025091801001313,ADBL,50,58,45.0,298.0,13410.0,2025-09-18
2025091801001312,ADBL,50,44,200.0,297.7,59540.0,2025-09-18
2025091805001747,IHL,59,45,210.0,520.0,109200.0,2025-09-18
2025091803000842,CBBL,49,81,33.0,925.0,30525.0,2025-09-18
2025091803000841,CBBL,49,62,17.0,925.0,15725.0,2025-09-18
2025091801001311,HBL,14,58,10.0,186.6,1866.0,2025-09-18
2025091805001746,NTC,47,58,40.0,809.0,32360.0,2025-09-18
2025091805001745,NTC,47,51,20.0,808.0,16160.0,2025-09-18
2025091801001310,SCB,49,1,100.0,605.0,60500.0,2025-09-18
2025091805001744,NIFRA,34,35,100.0,255.0,25500.0,2025-09-18
2025091805001743,BHL,58,1,20.0,170.0,3400.0,2025-09-18
2025091805001742,BHL,11,1,102.0,170.0,17340.0,2025-09-18
2025091805001741,BHL,35,1,20.0,171.9,3438.0,2025-09-18
2025091801001309,NMIC,26,35,10.0,1080.0,10800.0,2025-09-18
2025091801001308,NMIC,26,45,10.0,1080.0,10800.0,2025-09-18
2025091801001307,NIMB,50,3,1000.0,191.0,191000.0,2025-09-18
2025091804001759,NGPL,34,58,200.0,383.2,76640.0,2025-09-18
2025091801001306,MNMF1,52,17,10000.0,8.83,88300.0,2025-09-18
2025091801001305,SARBTM,43,45,50.0,810.0,40500.0,2025-09-18
2025091805001740,BHL,54,25,100.0,172.0,17200.0,2025-09-18
2025091805001739,BHL,35,1,110.0,171.9,18909.0,2025-09-18
2025091801001304,CREST,58,22,50.0,1005.3,50265.0,2025-09-18
2025091801001303,CREST,58,48,40.0,1005.3,40212.0,2025-09-18
2025091805001738,HRL,57,3,24.0,878.0,21072.0,2025-09-18
2025091805001737,HRL,57,11,26.0,878.0,22828.0,2025-09-18
2025091801001302,NIMB,50,58,100.0,191.0,19100.0,2025-09-18
2025091804001758,RURU,59,21,20.0,650.0,13000.0,2025-09-18
2025091804001757,AKJCL,65,32,200.0,178.0,35600.0,2025-09-18
2025091805001736,SAHAS,50,4,744.0,585.9,435909.6,2025-09-18
2025091805001735,BBC,99,1,10.0,4658.0,46580.0,2025-09-18
2025091801001301,NABIL,6,58,40.0,490.1,19604.0,2025-09-18
2025091804001756,RIDI,34,25,500.0,203.5,101750.0,2025-09-18
2025091801001300,CREST,58,49,10.0,1005.3,10053.0,2025-09-18
2025091804001755,RADHI,49,16,200.0,697.0,139400.0,2025-09-18
2025091803000840,BFC,74,44,500.0,428.3,214150.0,2025-09-18
2025091801001299,EBL,34,1,190.0,671.0,127490.0,2025-09-18
2025091801001298,EBL,57,1,100.0,675.0,67500.0,2025-09-18
2025091801001297,EBL,42,1,10.0,675.0,6750.0,2025-09-18
2025091801001296,HBL,14,34,10.0,186.6,1866.0,2025-09-18
2025091805001734,STC,54,50,50.0,4832.0,241600.0,2025-09-18
2025091805001733,CIT,38,58,50.0,1780.0,89000.0,2025-09-18
2025091801001295,KBL,58,38,10.0,184.0,1840.0,2025-09-18
2025091801001294,CREST,58,7,10.0,1005.3,10053.0,2025-09-18
2025091805001732,CIT,42,58,25.0,1780.0,44500.0,2025-09-18
2025091805001731,CIT,11,58,10.0,1780.0,17800.0,2025-09-18
2025091805001730,CIT,41,58,10.0,1780.0,17800.0,2025-09-18
2025091805001729,CIT,35,58,100.0,1781.0,178100.0,2025-09-18
2025091805001728,CIT,55,58,10.0,1786.0,17860.0,2025-09-18
2025091804001754,SHPC,47,34,35.0,497.0,17395.0,2025-09-18
2025091804001753,SHPC,53,34,200.0,497.1,99420.0,2025-09-18
2025091804001752,SHPC,38,34,22.0,498.0,10956.0,2025-09-18
2025091804001751,API,22,5,300.0,259.0,77700.0,2025-09-18
2025091804001750,API,29,5,100.0,259.0,25900.0,2025-09-18
2025091804001749,API,40,5,100.0,259.0,25900.0,2025-09-18
2025091804001748,NGPL,34,51,150.0,365.0,54750.0,2025-09-18
2025091805001727,HRL,43,11,30.0,878.0,26340.0,2025-09-18
2025091801001293,SANIMA,43,13,200.0,345.0,69000.0,2025-09-18
2025091801001292,SANIMA,67,13,170.0,345.0,58650.0,2025-09-18
2025091804001747,UPCL,42,82,170.0,381.9,64923.0,2025-09-18
2025091804001746,UPCL,42,58,10.0,380.0,3800.0,2025-09-18
2025091804001745,UPCL,42,1,220.0,378.5,83270.0,2025-09-18
2025091804001744,UPCL,42,47,400.0,378.2,151280.0,2025-09-18
2025091804001743,UAIL,29,41,100.0,460.9,46090.0,2025-09-18
2025091805001726,CHDC,17,32,100.0,2251.0,225100.0,2025-09-18
2025091805001725,HDL,42,52,54.0,1290.0,69660.0,2025-09-18
2025091803000839,SJLIC,101,51,100.0,397.0,39700.0,2025-09-18
2025091803000838,SJLIC,56,51,100.0,399.1,39910.0,2025-09-18
2025091804001742,OHL,78,17,50.0,700.0,35000.0,2025-09-18
2025091804001741,OHL,19,17,27.0,701.0,18927.0,2025-09-18
2025091804001740,HDHPC,45,58,751.0,165.0,123915.0,2025-09-18
2025091804001739,HDHPC,45,57,249.0,165.0,41085.0,2025-09-18
2025091801001291,TTL,74,56,10.0,693.1,6931.0,2025-09-18
2025091801001290,CREST,58,42,30.0,1005.3,30159.0,2025-09-18
2025091805001724,CIT,66,38,100.0,1790.0,179000.0,2025-09-18
2025091801001289,LSL,45,34,99.0,215.0,21285.0,2025-09-18
2025091804001738,AHPC,17,58,20.0,269.0,5380.0,2025-09-18
2025091804001737,GHL,42,58,1000.0,202.1,202100.0,2025-09-18
2025091804001736,KPCL,58,49,400.0,491.0,196400.0,2025-09-18
2025091804001735,KPCL,94,49,100.0,491.1,49110.0,2025-09-18
2025091801001288,NICA,32,1,200.0,310.1,62020.0,2025-09-18
2025091801001287,NICA,34,1,200.0,310.1,62020.0,2025-09-18
2025091801001286,NICA,43,1,100.0,311.0,31100.0,2025-09-18
2025091804001734,SPDL,48,45,75.0,367.0,27525.0,2025-09-18
2025091804001733,UMHL,62,83,15.0,549.0,8235.0,2025-09-18
2025091805001723,NIFRA,43,8,500.0,252.3,126150.0,2025-09-18
2025091805001722,NIFRA,49,8,500.0,253.0,126500.0,2025-09-18
2025091801001285,SBL,40,58,130.0,350.6,45578.0,2025-09-18
2025091805001721,PHCL,39,14,195.0,373.4,72813.0,2025-09-18
2025091804001732,UNHPL,45,57,100.0,424.0,42400.0,2025-09-18
2025091804001731,UNHPL,45,74,200.0,424.0,84800.0,2025-09-18
2025091801001284,HBL,14,57,10.0,186.6,1866.0,2025-09-18
2025091801001283,TTL,38,49,10.0,693.0,6930.0,2025-09-18
2025091805001720,ILI,59,25,102.0,420.0,42840.0,2025-09-18
2025091805001719,ILI,59,58,98.0,418.4,41003.2,2025-09-18
2025091804001730,API,51,42,35.0,260.0,9100.0,2025-09-18
2025091801001282,NIMB,50,45,200.0,191.0,38200.0,2025-09-18
2025091804001729,API,41,42,200.0,260.0,52000.0,2025-09-18
2025091804001728,API,38,42,74.0,260.0,19240.0,2025-09-18
2025091801001281,NABIL,6,28,214.0,490.1,104881.4,2025-09-18
2025091803000837,KSBBL,58,100,300.0,500.0,150000.0,2025-09-18
2025091801001280,TTL,33,62,50.0,695.0,34750.0,2025-09-18
2025091804001727,NIL,29,45,10.0,646.8,6468.0,2025-09-18
2025091804001726,HPPL,53,55,160.0,422.0,67520.0,2025-09-18
2025091804001725,HPPL,39,55,140.0,425.0,59500.0,2025-09-18
2025091805001718,RNLI,45,98,17.0,431.0,7327.0,2025-09-18
2025091804001724,HPPL,39,32,10.0,425.0,4250.0,2025-09-18
2025091805001717,GVL,3,25,61.0,485.0,29585.0,2025-09-18
2025091803000836,JBBL,34,41,90.0,310.0,27900.0,2025-09-18
2025091803000835,JBBL,34,45,170.0,303.0,51510.0,2025-09-18
2025091803000834,JBBL,34,38,90.0,302.0,27180.0,2025-09-18
2025091804001723,UPPER,57,26,1000.0,170.0,170000.0,2025-09-18
2025091803000833,MLBL,21,49,20.0,356.0,7120.0,2025-09-18
2025091801001279,SNLI,39,14,160.0,435.9,69744.0,2025-09-18
2025091805001716,SHIVM,49,42,10.0,540.0,5400.0,2025-09-18
2025091804001722,MEN,71,58,150.0,578.4,86760.0,2025-09-18
2025091801001278,HBL,14,48,10.0,186.6,1866.0,2025-09-18
2025091804001721,UAIL,52,90,20.0,461.0,9220.0,2025-09-18
2025091803000832,SINDU,45,47,10.0,618.0,6180.0,2025-09-18
2025091805001715,SAHAS,42,41,106.0,585.0,62010.0,2025-09-18
2025091804001720,GHL,42,48,337.0,202.1,68107.7,2025-09-18
2025091804001719,GHL,47,48,313.0,202.1,63257.3,2025-09-18
2025091804001718,GHL,62,48,350.0,203.0,71050.0,2025-09-18
2025091805001714,SANVI,38,50,10.0,544.0,5440.0,2025-09-18
2025091805001713,SAHAS,42,26,500.0,585.0,292500.0,2025-09-18
2025091804001717,OHL,19,58,61.0,701.0,42761.0,2025-09-18
2025091801001277,NABIL,6,35,20.0,490.1,9802.0,2025-09-18
2025091804001716,UMHL,58,65,210.0,543.0,114030.0,2025-09-18
2025091804001715,UMHL,62,65,790.0,543.1,429049.0,2025-09-18
2025091803000831,MNBBL,57,41,50.0,430.0,21500.0,2025-09-18
2025091803000830,MNBBL,17,41,161.0,433.5,69793.5,2025-09-18
2025091805001712,BHL,11,38,198.0,170.0,33660.0,2025-09-18
2025091805001711,BHL,49,38,62.0,170.0,10540.0,2025-09-18
2025091805001710,BHL,45,38,40.0,170.0,6800.0,2025-09-18
2025091804001714,SHEL,3,58,140.0,275.0,38500.0,2025-09-18
2025091801001276,NABIL,6,58,91.0,488.0,44408.0,2025-09-18
2025091804001713,SHEL,3,58,370.0,275.0,101750.0,2025-09-18
2025091804001712,SHL,34,17,100.0,493.0,49300.0,2025-09-18
2025091801001275,SANIMA,67,50,130.0,345.0,44850.0,2025-09-18
2025091803000829,SMPDA,57,34,121.0,872.4,105560.4,2025-09-18
2025091803000828,SMPDA,57,17,309.0,872.4,269571.6,2025-09-18
2025091803000827,SMPDA,57,48,10.0,872.4,8724.0,2025-09-18
2025091803000826,SMPDA,57,14,10.0,872.4,8724.0,2025-09-18
2025091803000825,HLI,38,39,44.0,364.0,16016.0,2025-09-18
2025091804001711,GHL,62,58,580.0,203.0,117740.0,2025-09-18
2025091804001710,GHL,62,49,70.0,203.0,14210.0,2025-09-18
2025091804001709,CHCL,57,45,371.0,456.0,169176.0,2025-09-18
2025091804001708,CHCL,90,45,10.0,463.0,4630.0,2025-09-18
2025091804001707,CHCL,14,45,100.0,465.0,46500.0,2025-09-18
2025091804001706,CHCL,22,45,19.0,472.0,8968.0,2025-09-18
2025091804001705,UPPER,38,52,150.0,169.1,25365.0,2025-09-18
2025091801001274,CREST,58,41,10.0,1005.3,10053.0,2025-09-18
2025091801001273,HBL,14,32,10.0,186.6,1866.0,2025-09-18
2025091804001704,NGPL,36,35,500.0,364.0,182000.0,2025-09-18
2025091801001272,NICA,44,86,1000.0,314.0,314000.0,2025-09-18
2025091805001709,SONA,17,57,150.0,432.8,64920.0,2025-09-18
2025091805001708,SONA,17,14,500.0,432.0,216000.0,2025-09-18
2025091805001707,SONA,17,35,100.0,424.2,42420.0,2025-09-18
2025091805001706,SONA,17,14,250.0,423.0,105750.0,2025-09-18
2025091804001703,AHPC,28,57,1900.0,268.0,509200.0,2025-09-18
2025091805001705,GVL,47,49,349.0,490.0,171010.0,2025-09-18
2025091805001704,GVL,47,21,40.0,490.0,19600.0,2025-09-18
2025091805001703,GVL,47,44,11.0,490.0,5390.0,2025-09-18
2025091804001702,UPPER,38,58,48.0,169.1,8116.8,2025-09-18
2025091804001701,UPPER,45,58,152.0,169.2,25718.4,2025-09-18
2025091805001702,DORDI,59,32,200.0,216.0,43200.0,2025-09-18
2025091804001700,NHPC,32,49,50.0,182.0,9100.0,2025-09-18
2025091804001699,RURU,92,21,100.0,655.1,65510.0,2025-09-18
2025091804001698,RURU,58,21,27.0,655.1,17687.7,2025-09-18
2025091804001697,RURU,57,21,187.0,656.0,122672.0,2025-09-18
2025091804001696,RURU,21,21,10.0,656.1,6561.0,2025-09-18
2025091804001695,UPPER,45,38,48.0,169.2,8121.6,2025-09-18
2025091804001694,LEC,57,8,400.0,197.0,78800.0,2025-09-18
2025091804001693,LEC,57,1,400.0,197.0,78800.0,2025-09-18
2025091804001692,LEC,57,81,200.0,196.0,39200.0,2025-09-18
2025091801001271,HBL,14,42,10.0,186.6,1866.0,2025-09-18
2025091803000824,SHINE,43,60,239.0,382.8,91489.2,2025-09-18
2025091805001701,CHDC,81,32,100.0,2251.0,225100.0,2025-09-18
2025091804001691,OHL,19,58,12.0,701.0,8412.0,2025-09-18
2025091805001700,HDL,17,57,41.0,1289.9,52885.9,2025-09-18
2025091805001699,HDL,99,57,459.0,1290.0,592110.0,2025-09-18
2025091805001698,SHIVM,35,42,300.0,540.0,162000.0,2025-09-18
2025091805001697,MBJC,6,72,10.0,284.3,2843.0,2025-09-18
2025091803000823,NFS,48,81,10.0,610.0,6100.0,2025-09-18
2025091801001270,HBL,14,35,10.0,186.6,1866.0,2025-09-18
2025091804001690,BPCL,33,19,100.0,726.0,72600.0,2025-09-18
2025091805001696,TAMOR,38,58,10.0,468.0,4680.0,2025-09-18
2025091804001689,UAIL,58,90,26.0,461.0,11986.0,2025-09-18
2025091803000822,SHINE,43,57,200.0,382.8,76560.0,2025-09-18
2025091805001695,MBJC,6,4,70.0,284.3,19901.0,2025-09-18
2025091804001688,AHPC,28,74,266.0,268.0,71288.0,2025-09-18
2025091801001269,HBL,14,38,10.0,186.6,1866.0,2025-09-18
2025091804001687,SHPC,38,58,78.0,498.0,38844.0,2025-09-18
2025091804001686,API,38,8,26.0,260.0,6760.0,2025-09-18
2025091804001685,API,67,8,44.0,260.0,11440.0,2025-09-18
2025091805001694,CHDC,57,7,160.0,2250.0,360000.0,2025-09-18
2025091805001693,CHDC,32,7,40.0,2250.0,90000.0,2025-09-18
2025091801001268,HIDCLP,49,19,55.0,179.0,9845.0,2025-09-18
2025091801001267,HIDCLP,49,38,910.0,178.0,161980.0,2025-09-18
2025091801001266,NIMB,57,57,465.0,193.0,89745.0,2025-09-18
2025091801001265,NIMB,57,3,55.0,193.0,10615.0,2025-09-18
2025091803000821,MNBBL,17,86,39.0,433.5,16906.5,2025-09-18
2025091805001692,HDL,4,45,410.0,1296.0,531360.0,2025-09-18
2025091805001691,HDL,4,75,90.0,1296.0,116640.0,2025-09-18
2025091805001690,GVL,3,1,30.0,485.0,14550.0,2025-09-18
2025091805001689,GVL,53,1,70.0,485.1,33957.0,2025-09-18
2025091805001688,NIFRA,58,35,200.0,255.0,51000.0,2025-09-18
2025091804001684,AKPL,42,59,500.0,235.0,117500.0,2025-09-18
2025091804001683,UNHPL,45,21,140.0,424.0,59360.0,2025-09-18
2025091801001264,HIDCLP,45,38,1000.0,178.0,178000.0,2025-09-18
2025091805001687,RNLI,45,45,20.0,431.0,8620.0,2025-09-18
2025091805001686,SHIVM,19,42,50.0,540.0,27000.0,2025-09-18
2025091804001682,NLG,34,46,50.0,720.0,36000.0,2025-09-18
2025091804001681,UPCL,21,11,135.0,376.0,50760.0,2025-09-18
2025091801001263,TTL,33,35,20.0,695.0,13900.0,2025-09-18
2025091804001680,API,38,52,100.0,262.0,26200.0,2025-09-18
2025091805001685,ILI,13,58,102.0,418.4,42676.8,2025-09-18
2025091801001262,NIMB,49,3,510.0,193.0,98430.0,2025-09-18
2025091805001684,NRN,72,58,273.0,1843.1,503166.3,2025-09-18
2025091805001683,HDL,99,13,30.0,1290.0,38700.0,2025-09-18
2025091805001682,CHDC,62,32,10.0,2251.0,22510.0,2025-09-18
2025091803000820,SAPDBL,38,52,100.0,702.0,70200.0,2025-09-18
2025091805001681,MKJC,21,62,175.0,545.0,95375.0,2025-09-18
2025091805001680,CHDC,32,53,10.0,2250.0,22500.0,2025-09-18
2025091805001679,NRN,45,16,400.0,1849.0,739600.0,2025-09-18
2025091805001678,NRN,45,44,100.0,1847.9,184790.0,2025-09-18
2025091805001677,HDL,99,34,11.0,1290.0,14190.0,2025-09-18
2025091805001676,HDL,77,34,73.0,1290.0,94170.0,2025-09-18
2025091805001675,HDL,48,34,16.0,1290.1,20641.6,2025-09-18
2025091804001679,UMHL,62,45,210.0,543.1,114051.0,2025-09-18
2025091804001678,UMHL,85,45,290.0,544.0,157760.0,2025-09-18
2025091801001261,JBLB,4,58,100.0,1310.0,131000.0,2025-09-18
2025091804001677,AKJCL,51,32,110.0,178.0,19580.0,2025-09-18
2025091804001676,AKJCL,44,32,500.0,178.0,89000.0,2025-09-18
2025091804001675,NLG,34,38,50.0,720.0,36000.0,2025-09-18
2025091804001674,NLG,49,38,50.0,720.0,36000.0,2025-09-18
2025091804001673,NGPL,32,51,500.0,365.0,182500.0,2025-09-18
2025091804001672,NGPL,34,51,350.0,365.1,127785.0,2025-09-18
2025091801001260,SANIMA,67,11,200.0,345.0,69000.0,2025-09-18
2025091804001671,HDHPC,33,57,51.0,165.0,8415.0,2025-09-18
2025091805001674,SAHAS,42,34,400.0,585.0,234000.0,2025-09-18
2025091805001673,SAHAS,42,26,500.0,585.0,292500.0,2025-09-18
2025091805001672,CHDC,26,32,500.0,2251.0,1125500.0,2025-09-18
2025091801001259,TTL,33,42,30.0,695.0,20850.0,2025-09-18
2025091805001671,NIFRA,58,35,10.0,255.0,2550.0,2025-09-18
2025091805001670,NIFRA,96,7,150.0,252.2,37830.0,2025-09-18
2025091804001670,LEC,33,45,3000.0,194.1,582300.0,2025-09-18
2025091801001258,HIDCLP,43,38,90.0,178.0,16020.0,2025-09-18
2025091801001257,KBL,45,38,140.0,184.0,25760.0,2025-09-18
2025091805001669,HRL,36,11,15.0,878.0,13170.0,2025-09-18
2025091801001256,NABIL,58,58,10.0,490.0,4900.0,2025-09-18
2025091804001669,AKPL,39,22,30.0,234.0,7020.0,2025-09-18
2025091805001668,BHL,45,34,67.0,170.0,11390.0,2025-09-18
2025091801001255,ADBL,45,58,113.0,295.0,33335.0,2025-09-18
2025091804001668,SPDL,59,45,145.0,366.0,53070.0,2025-09-18
2025091801001254,CYCL,61,41,30.0,1510.0,45300.0,2025-09-18
2025091804001667,KPCL,14,62,285.0,491.4,140049.0,2025-09-18
2025091804001666,KPCL,14,55,15.0,491.4,7371.0,2025-09-18
2025091805001667,BHL,95,25,1000.0,170.1,170100.0,2025-09-18
2025091804001665,NGPL,34,16,150.0,365.1,54765.0,2025-09-18
2025091804001664,NGPL,47,16,100.0,366.0,36600.0,2025-09-18
2025091804001663,GHL,47,86,20.0,202.1,4042.0,2025-09-18
2025091804001662,UPCL,21,49,90.0,376.0,33840.0,2025-09-18
2025091804001661,UPCL,21,41,27.0,376.0,10152.0,2025-09-18
2025091801001253,PCBL,49,1,50.0,230.0,11500.0,2025-09-18
2025091801001252,LSL,45,25,19.0,215.0,4085.0,2025-09-18
2025091801001251,LSL,45,25,281.0,215.5,60555.5,2025-09-18
2025091804001660,GLH,41,22,20.0,232.6,4652.0,2025-09-18
2025091805001666,SHIVM,16,41,25.0,532.0,13300.0,2025-09-18
2025091801001250,HIDCLP,21,38,2000.0,178.0,356000.0,2025-09-18
2025091804001659,BPCL,33,59,400.0,726.0,290400.0,2025-09-18
2025091804001658,BPCL,32,59,50.0,726.0,36300.0,2025-09-18
2025091804001657,SPDL,45,45,10.0,366.0,3660.0,2025-09-18
2025091801001249,SANIMA,50,32,211.0,344.1,72605.1,2025-09-18
2025091801001248,SANIMA,51,32,289.0,345.0,99705.0,2025-09-18
2025091801001247,TTL,38,45,10.0,693.0,6930.0,2025-09-18
2025091805001665,MBJC,6,40,300.0,284.3,85290.0,2025-09-18
2025091801001246,KBL,45,44,50.0,184.0,9200.0,2025-09-18
2025091804001656,UAIL,28,40,100.0,462.0,46200.0,2025-09-18
2025091804001655,UAIL,28,17,100.0,462.0,46200.0,2025-09-18
2025091804001654,UPCL,60,35,500.0,375.1,187550.0,2025-09-18
2025091805001664,ILI,13,58,108.0,418.4,45187.2,2025-09-18
2025091805001663,NTC,21,58,70.0,809.0,56630.0,2025-09-18
2025091804001653,SHL,34,16,500.0,493.1,246550.0,2025-09-18
2025091803000819,SWBBL,63,34,50.0,772.3,38615.0,2025-09-18
2025091804001652,AHPC,28,26,50.0,267.2,13360.0,2025-09-18
2025091804001651,API,45,52,658.0,262.0,172396.0,2025-09-18
2025091804001650,API,45,54,342.0,262.0,89604.0,2025-09-18
2025091801001245,KBL,45,47,45.0,184.0,8280.0,2025-09-18
2025091801001244,SNLI,39,57,10.0,435.9,4359.0,2025-09-18
2025091803000818,MFIL,55,53,90.0,621.0,55890.0,2025-09-18
2025091804001649,UNHPL,71,91,10.0,428.0,4280.0,2025-09-18
2025091801001243,TTL,58,42,20.0,695.0,13900.0,2025-09-18
2025091803000817,FOWAD,58,57,10.0,1046.4,10464.0,2025-09-18
2025091801001242,MBL,54,38,10.0,229.5,2295.0,2025-09-18
2025091801001241,CREST,58,58,55.0,1005.3,55291.5,2025-09-18
2025091804001648,AHPC,45,49,49.0,266.0,13034.0,2025-09-18
2025091804001647,AHPC,7,49,51.0,266.1,13571.1,2025-09-18
2025091801001240,HBL,14,89,10.0,186.6,1866.0,2025-09-18
2025091801001239,LSL,45,57,19.0,215.1,4086.9,2025-09-18
2025091801001238,PURE,98,21,50.0,725.0,36250.0,2025-09-18
2025091801001237,PURE,25,21,90.0,726.0,65340.0,2025-09-18
2025091804001646,AKPL,51,59,100.0,235.0,23500.0,2025-09-18
2025091805001662,HDL,48,42,34.0,1290.1,43863.4,2025-09-18
2025091803000816,HLI,38,42,57.0,364.0,20748.0,2025-09-18
2025091803000815,JBBL,55,39,50.0,300.0,15000.0,2025-09-18
2025091803000814,JBBL,62,39,200.0,300.1,60020.0,2025-09-18
2025091805001661,BHL,26,25,350.0,172.0,60200.0,2025-09-18
2025091805001660,BHL,26,22,150.0,171.9,25785.0,2025-09-18
2025091801001236,HBL,49,42,10.0,186.5,1865.0,2025-09-18
2025091804001645,LEC,33,34,150.0,194.1,29115.0,2025-09-18
2025091804001644,LEC,26,34,200.0,194.2,38840.0,2025-09-18
2025091804001643,OHL,19,19,100.0,701.0,70100.0,2025-09-18
2025091801001235,HBL,49,49,10.0,186.5,1865.0,2025-09-18
2025091804001642,RADHI,21,16,50.0,697.0,34850.0,2025-09-18
2025091805001659,HIDCL,1,13,200.0,250.0,50000.0,2025-09-18
2025091805001658,HIDCL,91,13,40.0,250.0,10000.0,2025-09-18
2025091805001657,HIDCL,45,13,50.0,250.1,12505.0,2025-09-18
2025091805001656,HIDCL,16,13,200.0,253.0,50600.0,2025-09-18
2025091805001655,HIDCL,14,13,50.0,253.0,12650.0,2025-09-18
2025091805001654,HDL,77,43,30.0,1290.0,38700.0,2025-09-18
2025091805001653,HDL,38,43,30.0,1290.0,38700.0,2025-09-18
2025091805001652,HDL,4,43,140.0,1290.0,180600.0,2025-09-18
2025091801001234,ADBL,54,36,50.0,293.0,14650.0,2025-09-18
2025091801001233,ADBL,54,36,200.0,295.0,59000.0,2025-09-18
2025091801001232,ADBL,3,36,50.0,295.0,14750.0,2025-09-18
2025091805001651,BHPL,59,7,50.0,660.1,33005.0,2025-09-18
2025091805001650,MEHL,62,42,10.0,390.0,3900.0,2025-09-18
2025091803000813,NLIC,8,62,50.0,705.0,35250.0,2025-09-18
2025091801001231,CREST,74,58,365.0,1005.3,366934.5,2025-09-18
2025091805001649,BBC,99,1,10.0,4658.0,46580.0,2025-09-18
2025091801001230,JBLB,42,43,100.0,1313.2,131320.0,2025-09-18
2025091801001229,JBLB,45,43,52.0,1313.2,68286.4,2025-09-18
2025091801001228,BHCL,57,32,10.0,423.5,4235.0,2025-09-18
2025091805001648,STC,54,8,30.0,4850.0,145500.0,2025-09-18
2025091804001641,GLH,65,45,65.0,232.5,15112.5,2025-09-18
2025091804001640,UPCL,11,41,123.0,376.0,46248.0,2025-09-18
2025091801001227,HBL,49,49,10.0,186.5,1865.0,2025-09-18
2025091805001647,NIFRA,58,35,830.0,255.0,211650.0,2025-09-18
2025091805001646,NIFRA,58,47,100.0,254.4,25440.0,2025-09-18
2025091805001645,NIFRA,58,32,10.0,254.0,2540.0,2025-09-18
2025091805001644,NIFRA,58,45,10.0,253.0,2530.0,2025-09-18
2025091805001643,NIFRA,58,45,50.0,253.0,12650.0,2025-09-18
2025091805001642,BNHC,65,45,175.0,462.0,80850.0,2025-09-18
2025091805001641,SHIVM,3,45,283.0,527.1,149169.3,2025-09-18
2025091805001640,SHIVM,11,45,200.0,530.0,106000.0,2025-09-18
2025091803000812,NLIC,8,16,131.0,705.0,92355.0,2025-09-18
2025091803000811,NLIC,94,16,59.0,707.0,41713.0,2025-09-18
2025091803000810,NLIC,49,16,10.0,708.0,7080.0,2025-09-18
2025091801001226,SBL,40,29,1000.0,350.6,350600.0,2025-09-18
2025091805001639,CHDC,39,32,30.0,2251.0,67530.0,2025-09-18
2025091801001225,HBL,49,49,10.0,186.5,1865.0,2025-09-18
2025091805001638,CLI,16,36,239.0,413.0,98707.0,2025-09-18
2025091803000809,SAPDBL,58,52,100.0,702.0,70200.0,2025-09-18
2025091804001639,AHPC,7,21,200.0,266.1,53220.0,2025-09-18
2025091803000808,ACLBSL,22,25,15.0,970.0,14550.0,2025-09-18
2025091804001638,API,67,67,120.0,260.0,31200.0,2025-09-18
2025091804001637,API,40,67,280.0,261.0,73080.0,2025-09-18
2025091804001636,AKJCL,44,6,1500.0,178.0,267000.0,2025-09-18
2025091801001224,HIMSTAR,64,51,10.0,473.5,4735.0,2025-09-18
2025091804001635,API,42,54,25.0,262.0,6550.0,2025-09-18
2025091803000807,SAPDBL,58,58,20.0,702.0,14040.0,2025-09-18
2025091804001634,RADHI,35,16,300.0,697.0,209100.0,2025-09-18
2025091804001633,KPCL,58,55,500.0,491.4,245700.0,2025-09-18
2025091804001632,KPCL,50,55,264.0,491.4,129729.6,2025-09-18
2025091801001223,PRVU,25,34,20.0,186.0,3720.0,2025-09-18
2025091804001631,IGI,42,19,100.0,463.0,46300.0,2025-09-18
2025091803000806,MNBBL,58,86,10.0,433.5,4335.0,2025-09-18
2025091805001637,NRIC,32,34,20.0,1468.7,29374.0,2025-09-18
2025091803000805,FMDBL,14,1,25.0,763.0,19075.0,2025-09-18
2025091804001630,SSHL,48,58,10.0,161.5,1615.0,2025-09-18
2025091805001636,BHL,95,7,1000.0,170.1,170100.0,2025-09-18
2025091804001629,LEC,33,41,250.0,194.1,48525.0,2025-09-18
2025091804001628,LEC,22,41,250.0,194.1,48525.0,2025-09-18
2025091805001635,MBJC,43,35,250.0,284.4,71100.0,2025-09-18
2025091804001627,UPCL,36,41,20.0,376.0,7520.0,2025-09-18
2025091803000804,GFCL,48,34,150.0,560.0,84000.0,2025-09-18
2025091801001222,CREST,74,42,110.0,1005.3,110583.0,2025-09-18
2025091801001221,NBL,38,6,20.0,234.0,4680.0,2025-09-18
2025091803000803,FMDBL,67,42,500.0,777.0,388500.0,2025-09-18
2025091801001220,NIMB,35,3,200.0,193.0,38600.0,2025-09-18
2025091801001219,PCBL,6,1,1000.0,230.0,230000.0,2025-09-18
2025091801001218,PCBL,26,1,10.0,230.0,2300.0,2025-09-18
2025091803000802,SAPDBL,58,29,20.0,702.0,14040.0,2025-09-18
2025091805001634,CHDC,16,32,10.0,2251.0,22510.0,2025-09-18
2025091801001217,TTL,38,6,10.0,693.0,6930.0,2025-09-18
2025091801001216,GBIME,28,74,279.0,229.0,63891.0,2025-09-18
2025091804001626,RADHI,34,16,2000.0,697.0,1394000.0,2025-09-18
2025091805001633,HIDCL,14,45,100.0,253.0,25300.0,2025-09-18
2025091805001632,BBC,45,1,20.0,4658.0,93160.0,2025-09-18
2025091805001631,BBC,58,1,10.0,4658.0,46580.0,2025-09-18
2025091805001630,SHIVM,41,19,10.0,530.0,5300.0,2025-09-18
2025091805001629,SHIVM,45,19,20.0,531.0,10620.0,2025-09-18
2025091805001628,SHIVM,41,19,220.0,531.0,116820.0,2025-09-18
2025091803000801,LBBL,60,39,400.0,482.0,192800.0,2025-09-18
2025091803000800,SJLIC,101,25,140.0,397.0,55580.0,2025-09-18
2025091803000799,SJLIC,16,25,10.0,399.0,3990.0,2025-09-18
2025091801001215,SANIMA,22,20,200.0,345.0,69000.0,2025-09-18
2025091805001627,CLI,16,36,13.0,413.0,5369.0,2025-09-18
2025091805001626,SAHAS,42,26,200.0,585.0,117000.0,2025-09-18
2025091805001625,SAHAS,39,26,300.0,585.2,175560.0,2025-09-18
2025091803000798,LBBL,60,8,600.0,482.0,289200.0,2025-09-18
2025091804001625,PRIN,22,51,15.0,723.2,10848.0,2025-09-18
2025091801001214,TTL,38,55,10.0,693.0,6930.0,2025-09-18
2025091805001624,HIDCL,14,35,350.0,253.0,88550.0,2025-09-18
2025091805001623,HIDCL,14,50,500.0,253.0,126500.0,2025-09-18
2025091803000797,SHINE,43,93,500.0,382.8,191400.0,2025-09-18
2025091801001213,CZBIL,94,35,400.0,196.0,78400.0,2025-09-18
2025091803000796,SAPDBL,5,17,50.0,704.0,35200.0,2025-09-18
2025091805001622,HDL,4,50,100.0,1290.0,129000.0,2025-09-18
2025091805001621,HDL,4,42,20.0,1290.0,25800.0,2025-09-18
2025091805001620,SAHAS,52,38,500.0,585.5,292750.0,2025-09-18
2025091805001619,ILI,13,38,14.0,418.4,5857.6,2025-09-18
2025091801001212,OMPL,47,62,10.0,1144.0,11440.0,2025-09-18
2025091805001618,NIFRA,62,18,157.0,252.0,39564.0,2025-09-18
2025091801001211,CREST,74,58,10.0,1005.3,10053.0,2025-09-18
2025091801001210,CREST,74,57,20.0,1005.3,20106.0,2025-09-18
2025091801001209,CREST,74,52,10.0,1005.3,10053.0,2025-09-18
2025091801001208,CREST,74,1,200.0,1005.3,201060.0,2025-09-18
2025091801001207,CREST,74,8,10.0,1005.3,10053.0,2025-09-18
2025091801001206,CREST,74,6,100.0,1005.3,100530.0,2025-09-18
2025091801001205,CREST,74,7,70.0,1005.3,70371.0,2025-09-18
2025091801001204,CREST,74,43,105.0,1005.3,105556.5,2025-09-18
2025091801001203,EBL,65,58,80.0,670.0,53600.0,2025-09-18
2025091801001202,EBL,6,58,150.0,670.1,100515.0,2025-09-18
2025091804001624,SHPC,47,58,132.0,497.0,65604.0,2025-09-18
2025091804001623,SHPC,38,58,20.0,497.1,9942.0,2025-09-18
2025091804001622,AKPL,57,59,100.0,235.0,23500.0,2025-09-18
2025091801001201,NICA,29,86,500.0,314.0,157000.0,2025-09-18
2025091801001200,HBL,58,17,50.0,188.0,9400.0,2025-09-18
2025091801001199,TTL,38,49,10.0,693.0,6930.0,2025-09-18
2025091801001198,EBL,6,25,350.0,670.1,234535.0,2025-09-18
2025091805001617,SHIVM,48,42,11.0,540.0,5940.0,2025-09-18
2025091805001616,SHIVM,48,40,199.0,535.0,106465.0,2025-09-18
2025091805001615,SHIVM,48,67,290.0,534.0,154860.0,2025-09-18
2025091805001614,HDL,4,33,100.0,1290.0,129000.0,2025-09-18
2025091804001621,API,40,28,1720.0,261.0,448920.0,2025-09-18
2025091803000795,SAPDBL,38,17,129.0,704.0,90816.0,2025-09-18
2025091803000794,SAPDBL,38,38,71.0,704.0,49984.0,2025-09-18
2025091801001197,NWCL,48,33,100.0,784.0,78400.0,2025-09-18
2025091801001196,SANIMA,22,38,1000.0,345.0,345000.0,2025-09-18
2025091805001613,CLI,16,6,84.0,413.0,34692.0,2025-09-18
2025091805001612,CHDC,58,36,500.0,2250.0,1125000.0,2025-09-18
2025091804001620,RIDI,39,32,420.0,206.0,86520.0,2025-09-18
2025091804001619,RIDI,57,32,2000.0,206.0,412000.0,2025-09-18
2025091804001618,RIDI,17,32,500.0,207.0,103500.0,2025-09-18
2025091805001611,SAHAS,37,4,76.0,585.9,44528.4,2025-09-18
2025091804001617,LEC,22,34,500.0,194.1,97050.0,2025-09-18
2025091804001616,AKPL,57,59,200.0,235.0,47000.0,2025-09-18
2025091804001615,AKPL,57,58,500.0,235.0,117500.0,2025-09-18
2025091805001610,MAKAR,70,36,10.0,552.0,5520.0,2025-09-18
2025091801001195,HIDCLP,21,58,2000.0,178.0,356000.0,2025-09-18
2025091805001609,SAHAS,45,4,400.0,586.0,234400.0,2025-09-18
2025091805001608,SAHAS,6,4,280.0,586.1,164108.0,2025-09-18
2025091804001614,HURJA,36,6,750.0,215.0,161250.0,2025-09-18
2025091801001194,CREST,49,43,15.0,1005.3,15079.5,2025-09-18
2025091805001607,NRN,58,34,200.0,1843.0,368600.0,2025-09-18
2025091803000793,PMLI,35,57,52.0,463.0,24076.0,2025-09-18
2025091803000792,MNBBL,38,86,50.0,433.5,21675.0,2025-09-18
2025091803000791,RSDC,54,21,65.0,633.1,41151.5,2025-09-18
2025091803000790,NLIC,19,34,11.0,710.0,7810.0,2025-09-18
2025091805001606,CHDC,99,32,100.0,2251.0,225100.0,2025-09-18
2025091805001605,SAHAS,34,25,10.0,590.0,5900.0,2025-09-18
2025091801001193,SARBTM,67,35,1000.0,810.1,810100.0,2025-09-18
2025091805001604,NYADI,58,58,100.0,384.2,38420.0,2025-09-18
2025091805001603,TAMOR,38,42,50.0,468.0,23400.0,2025-09-18
2025091801001192,HIDCLP,43,19,300.0,179.0,53700.0,2025-09-18
2025091805001602,CIT,8,38,20.0,1790.0,35800.0,2025-09-18
2025091801001191,NIMB,87,3,50.0,193.0,9650.0,2025-09-18
2025091803000789,GRDBL,62,77,30.0,970.0,29100.0,2025-09-18
2025091803000788,GRDBL,62,43,10.0,970.0,9700.0,2025-09-18
2025091805001601,HRL,45,11,10.0,878.0,8780.0,2025-09-18
2025091803000787,SADBL,33,39,100.0,386.0,38600.0,2025-09-18
2025091805001600,HDL,4,55,140.0,1290.0,180600.0,2025-09-18
2025091805001599,HDL,41,55,50.0,1290.0,64500.0,2025-09-18
2025091804001613,AHPC,7,42,49.0,266.1,13038.9,2025-09-18
2025091804001612,AHPC,43,42,30.0,266.1,7983.0,2025-09-18
2025091804001611,AHPC,19,42,222.0,266.1,59074.2,2025-09-18
2025091804001610,AHPC,38,42,10.0,267.0,2670.0,2025-09-18
2025091804001609,AHPC,58,42,99.0,267.0,26433.0,2025-09-18
2025091804001608,AHPC,54,42,50.0,267.0,13350.0,2025-09-18
2025091804001607,AHPC,55,42,500.0,267.0,133500.0,2025-09-18
2025091804001606,AHPC,43,42,100.0,267.1,26710.0,2025-09-18
2025091804001605,AHPC,88,42,965.0,267.1,257751.5,2025-09-18
2025091804001604,AHPC,95,42,500.0,267.2,133600.0,2025-09-18
2025091804001603,AHPC,57,42,475.0,267.2,126920.0,2025-09-18
2025091804001602,UNHPL,45,36,110.0,422.0,46420.0,2025-09-18
2025091804001601,UNHPL,17,36,2890.0,423.0,1222470.0,2025-09-18
2025091805001598,CMF2,43,17,3000.0,9.34,28020.0,2025-09-18
2025091804001600,NGPL,35,84,750.0,360.0,270000.0,2025-09-18
2025091804001599,NGPL,45,84,100.0,360.1,36010.0,2025-09-18
2025091804001598,NGPL,16,84,150.0,362.0,54300.0,2025-09-18
2025091801001190,SCB,42,33,50.0,607.0,30350.0,2025-09-18
2025091801001189,SCB,28,33,473.0,607.0,287111.0,2025-09-18
2025091805001597,CHDC,83,32,15.0,2251.0,33765.0,2025-09-18
2025091804001597,GLH,65,72,10.0,232.5,2325.0,2025-09-18
2025091804001596,UMHL,62,61,50.0,549.9,27495.0,2025-09-18
2025091803000786,ICFC,52,48,25.0,633.0,15825.0,2025-09-18
2025091804001595,IGI,45,19,50.0,465.0,23250.0,2025-09-18
2025091804001594,LEC,22,45,10.0,194.1,1941.0,2025-09-18
2025091804001593,UPPER,45,33,300.0,169.2,50760.0,2025-09-18
2025091801001188,SARBTM,56,48,30.0,824.0,24720.0,2025-09-18
2025091805001596,NIFRA,62,44,64.0,252.0,16128.0,2025-09-18
2025091801001187,HBL,49,4,10.0,186.5,1865.0,2025-09-18
2025091801001186,TTL,49,57,10.0,695.0,6950.0,2025-09-18
2025091804001592,KPCL,58,37,486.0,491.0,238626.0,2025-09-18
2025091804001591,KPCL,57,37,14.0,491.1,6875.4,2025-09-18
2025091801001185,TTL,16,6,16.0,695.0,11120.0,2025-09-18
2025091803000785,JBBL,45,38,10.0,302.0,3020.0,2025-09-18
2025091804001590,UNHPL,17,35,110.0,423.0,46530.0,2025-09-18
2025091803000784,SADBL,33,38,40.0,386.0,15440.0,2025-09-18
2025091803000783,SADBL,45,38,100.0,386.0,38600.0,2025-09-18
2025091803000782,SADBL,58,38,860.0,386.0,331960.0,2025-09-18
2025091804001589,NGPL,34,58,300.0,383.2,114960.0,2025-09-18
2025091801001184,NBL,56,25,500.0,231.0,115500.0,2025-09-18
2025091801001183,GBIME,36,51,10.0,230.5,2305.0,2025-09-18
2025091805001595,SAHAS,6,26,220.0,586.1,128942.0,2025-09-18
2025091805001594,SAHAS,29,26,280.0,587.0,164360.0,2025-09-18
2025091805001593,MKJC,14,72,75.0,544.2,40815.0,2025-09-18
2025091805001592,CLI,16,7,64.0,413.0,26432.0,2025-09-18
2025091805001591,SHIVM,41,62,57.0,530.0,30210.0,2025-09-18
2025091805001590,SHIVM,48,62,90.0,530.0,47700.0,2025-09-18
2025091805001589,SHIVM,74,62,100.0,530.0,53000.0,2025-09-18
2025091805001588,SHIVM,19,62,38.0,530.0,20140.0,2025-09-18
2025091805001587,SHIVM,19,62,50.0,531.0,26550.0,2025-09-18
2025091805001586,SHIVM,26,62,100.0,531.0,53100.0,2025-09-18
2025091805001585,SHIVM,41,62,100.0,532.0,53200.0,2025-09-18
2025091801001182,NMIC,7,17,10.0,1090.0,10900.0,2025-09-18
2025091801001181,NMIC,7,58,30.0,1090.0,32700.0,2025-09-18
2025091801001180,NMIC,7,58,10.0,1080.0,10800.0,2025-09-18
2025091804001588,SHL,34,16,400.0,493.0,197200.0,2025-09-18
2025091801001179,TTL,54,6,30.0,695.0,20850.0,2025-09-18
2025091801001178,TTL,54,1,10.0,695.0,6950.0,2025-09-18
2025091801001177,TTL,54,14,10.0,695.0,6950.0,2025-09-18
2025091801001176,TTL,54,58,10.0,695.0,6950.0,2025-09-18
2025091801001175,TTL,54,58,10.0,695.0,6950.0,2025-09-18
2025091801001174,TTL,54,42,10.0,695.0,6950.0,2025-09-18
2025091801001173,TTL,54,62,10.0,695.0,6950.0,2025-09-18
2025091801001172,TTL,54,57,10.0,695.0,6950.0,2025-09-18
2025091805001584,SAHAS,26,25,100.0,590.0,59000.0,2025-09-18
2025091805001583,HRL,89,11,22.0,878.0,19316.0,2025-09-18
2025091803000781,SINDU,38,47,10.0,622.0,6220.0,2025-09-18
2025091803000780,SMB,80,42,10.0,2105.1,21051.0,2025-09-18
2025091805001582,BHL,45,55,93.0,170.0,15810.0,2025-09-18
2025091805001581,BHL,55,55,97.0,170.0,16490.0,2025-09-18
2025091804001587,MHNL,58,49,200.0,240.1,48020.0,2025-09-18
2025091801001171,NICA,48,62,30.0,310.0,9300.0,2025-09-18
2025091801001170,SANIMA,34,42,210.0,344.0,72240.0,2025-09-18
2025091804001586,KPCL,32,55,11.0,491.4,5405.4,2025-09-18
2025091803000779,MFIL,55,94,1000.0,620.1,620100.0,2025-09-18
2025091805001580,CLI,16,45,100.0,413.0,41300.0,2025-09-18
2025091804001585,GHL,25,33,500.0,202.0,101000.0,2025-09-18
2025091801001169,NMIC,45,58,10.0,1080.0,10800.0,2025-09-18
2025091804001584,UPPER,13,26,300.0,170.0,51000.0,2025-09-18
2025091804001583,API,67,39,36.0,260.0,9360.0,2025-09-18
2025091804001582,API,42,39,20.0,260.0,5200.0,2025-09-18
2025091804001581,API,57,39,500.0,260.0,130000.0,2025-09-18
2025091804001580,API,45,39,1000.0,260.1,260100.0,2025-09-18
2025091804001579,API,55,39,80.0,260.1,20808.0,2025-09-18
2025091804001578,API,55,7,500.0,260.1,130050.0,2025-09-18
2025091804001577,SHEL,39,42,300.0,271.9,81570.0,2025-09-18
2025091803000778,NICLBSL,45,49,19.0,542.0,10298.0,2025-09-18
2025091805001579,HIDCL,91,43,460.0,250.0,115000.0,2025-09-18
2025091805001578,HIDCL,48,43,10.0,250.0,2500.0,2025-09-18
2025091805001577,HIDCL,41,43,30.0,250.0,7500.0,2025-09-18
2025091804001576,LEC,22,39,100.0,194.1,19410.0,2025-09-18
2025091801001168,KBL,45,52,65.0,184.0,11960.0,2025-09-18
2025091803000777,USLB,6,63,35.0,1729.8,60543.0,2025-09-18
2025091803000776,FMDBL,62,48,100.0,762.0,76200.0,2025-09-18
2025091805001576,ULHC,1,45,10.0,437.0,4370.0,2025-09-18
2025091804001575,AHPC,57,40,400.0,267.2,106880.0,2025-09-18
2025091804001574,AHPC,25,40,200.0,267.2,53440.0,2025-09-18
2025091804001573,SHEL,39,38,194.0,271.9,52748.6,2025-09-18
2025091804001572,SHEL,33,38,425.0,271.9,115557.5,2025-09-18
2025091804001571,SHEL,41,38,100.0,272.0,27200.0,2025-09-18
2025091804001570,SHEL,1,38,500.0,272.0,136000.0,2025-09-18
2025091804001569,SHEL,28,38,230.0,272.0,62560.0,2025-09-18
2025091804001568,SHEL,59,38,500.0,272.0,136000.0,2025-09-18
2025091804001567,SHEL,22,38,100.0,272.0,27200.0,2025-09-18
2025091804001566,SHEL,10,38,40.0,272.0,10880.0,2025-09-18
2025091804001565,SHEL,19,38,500.0,272.0,136000.0,2025-09-18
2025091804001564,SHEL,61,38,500.0,272.1,136050.0,2025-09-18
2025091804001563,SHEL,60,38,50.0,274.0,13700.0,2025-09-18
2025091804001562,SHEL,45,38,1681.0,275.1,462443.1,2025-09-18
2025091804001561,SHEL,35,38,180.0,277.0,49860.0,2025-09-18
2025091804001560,SHEL,3,38,500.0,277.0,138500.0,2025-09-18
2025091804001559,SHEL,10,38,500.0,277.0,138500.0,2025-09-18
2025091805001575,NIFRA,62,19,324.0,252.0,81648.0,2025-09-18
2025091805001574,NIFRA,62,25,700.0,252.0,176400.0,2025-09-18
2025091804001558,UPCL,39,41,20.0,376.0,7520.0,2025-09-18
2025091803000775,SADBL,58,1,40.0,386.0,15440.0,2025-09-18
2025091805001573,ILI,13,54,12.0,418.4,5020.8,2025-09-18
2025091803000774,NLIC,94,34,587.0,707.0,415009.0,2025-09-18
2025091805001572,NRN,58,35,150.0,1843.0,276450.0,2025-09-18
2025091801001167,HBL,49,19,10.0,186.5,1865.0,2025-09-18
2025091805001571,CIT,57,19,30.0,1781.0,53430.0,2025-09-18
2025091801001166,PRVU,29,34,100.0,186.0,18600.0,2025-09-18
2025091801001165,HBL,49,32,10.0,186.5,1865.0,2025-09-18
2025091803000773,MFIL,42,53,100.0,621.0,62100.0,2025-09-18
2025091804001557,NGPL,16,41,150.0,360.1,54015.0,2025-09-18
2025091804001556,RIDI,41,57,616.0,209.0,128744.0,2025-09-18
2025091804001555,RIDI,32,57,600.0,209.1,125460.0,2025-09-18
2025091801001164,TTL,38,42,17.0,693.0,11781.0,2025-09-18
2025091803000772,PFL,29,21,100.0,384.0,38400.0,2025-09-18
2025091801001163,NBL,26,58,40.0,230.1,9204.0,2025-09-18
2025091801001162,SARBTM,58,48,100.0,824.2,82420.0,2025-09-18
2025091803000771,MPFL,32,7,100.0,509.1,50910.0,2025-09-18
2025091804001554,UAIL,58,21,24.0,461.0,11064.0,2025-09-18
2025091803000770,JBBL,45,49,40.0,302.0,12080.0,2025-09-18
2025091804001553,OHL,3,58,100.0,702.0,70200.0,2025-09-18
2025091804001552,LEC,22,22,40.0,194.1,7764.0,2025-09-18
2025091805001570,SONA,32,58,30.0,416.0,12480.0,2025-09-18
2025091803000769,CBBL,41,39,50.0,925.0,46250.0,2025-09-18
2025091801001161,SNLI,48,14,100.0,427.4,42740.0,2025-09-18
2025091805001569,HRL,101,11,25.0,878.0,21950.0,2025-09-18
2025091803000768,LICN,14,58,50.0,800.0,40000.0,2025-09-18
2025091804001551,UMHL,62,22,100.0,550.0,55000.0,2025-09-18
2025091805001568,HRL,57,11,872.0,878.0,765616.0,2025-09-18
2025091805001567,HRL,57,36,128.0,878.0,112384.0,2025-09-18
2025091805001566,NRN,58,16,100.0,1849.0,184900.0,2025-09-18
2025091805001565,NRN,58,45,100.0,1848.0,184800.0,2025-09-18
2025091804001550,SHPC,58,25,50.0,500.0,25000.0,2025-09-18
2025091801001160,LSL,45,58,60.0,215.0,12900.0,2025-09-18
2025091803000767,SAPDBL,58,38,100.0,702.0,70200.0,2025-09-18
2025091803000766,USLB,6,49,15.0,1729.8,25947.0,2025-09-18
2025091805001564,SONA,32,16,50.0,416.0,20800.0,2025-09-18
2025091801001159,CREST,56,43,30.0,1005.3,30159.0,2025-09-18
2025091805001563,SONA,32,34,200.0,416.0,83200.0,2025-09-18
2025091803000765,RSDC,54,58,96.0,633.1,60777.6,2025-09-18
2025091803000764,RSDC,26,58,56.0,633.1,35453.6,2025-09-18
2025091803000763,SINDU,38,13,10.0,622.0,6220.0,2025-09-18
2025091803000762,NLIC,8,42,102.0,705.0,71910.0,2025-09-18
2025091803000761,NLIC,87,42,28.0,705.0,19740.0,2025-09-18
2025091805001562,HDL,17,17,10.0,1289.9,12899.0,2025-09-18
2025091805001561,CHDC,6,32,50.0,2251.0,112550.0,2025-09-18
2025091804001549,UPPER,57,26,100.0,170.0,17000.0,2025-09-18
2025091803000760,MNBBL,94,38,40.0,430.0,17200.0,2025-09-18
2025091803000759,MNBBL,94,42,190.0,430.0,81700.0,2025-09-18
2025091805001560,RNLI,45,58,336.0,431.0,144816.0,2025-09-18
2025091805001559,RNLI,45,65,91.0,431.0,39221.0,2025-09-18
2025091805001558,RNLI,45,13,12.0,430.0,5160.0,2025-09-18
2025091805001557,RNLI,45,58,12.0,430.0,5160.0,2025-09-18
2025091805001556,RNLI,45,35,12.0,425.0,5100.0,2025-09-18
2025091804001548,UPPER,35,26,500.0,170.0,85000.0,2025-09-18
2025091804001547,UPPER,42,26,261.0,170.0,44370.0,2025-09-18
2025091803000758,FMDBL,62,58,230.0,762.0,175260.0,2025-09-18
2025091805001555,HDL,8,75,10.0,1296.0,12960.0,2025-09-18
2025091801001158,OMPL,47,58,10.0,1144.0,11440.0,2025-09-18
2025091805001554,NIFRA,34,25,200.0,252.0,50400.0,2025-09-18
2025091805001553,BBC,96,56,10.0,4753.0,47530.0,2025-09-18
2025091805001552,SONA,32,58,10.0,416.0,4160.0,2025-09-18
2025091801001157,HIDCLP,48,19,35.0,179.0,6265.0,2025-09-18
2025091805001551,GCIL,11,13,1000.0,450.0,450000.0,2025-09-18
2025091805001550,BNHC,65,44,25.0,462.0,11550.0,2025-09-18
2025091804001546,AKPL,39,58,900.0,234.0,210600.0,2025-09-18
2025091804001545,NHDL,49,57,140.0,653.0,91420.0,2025-09-18
2025091804001544,GLH,41,22,1000.0,233.0,233000.0,2025-09-18
2025091805001549,HRL,40,36,73.0,878.0,64094.0,2025-09-18
2025091805001548,HRL,40,54,40.0,878.0,35120.0,2025-09-18
2025091804001543,BPCL,98,59,10.0,735.0,7350.0,2025-09-18
2025091805001547,TAMOR,57,42,50.0,468.0,23400.0,2025-09-18
2025091801001156,UNLB,42,13,14.0,1968.0,27552.0,2025-09-18
2025091805001546,CHDC,38,32,50.0,2251.0,112550.0,2025-09-18
2025091803000757,SHINE,43,17,61.0,382.8,23350.8,2025-09-18
2025091803000756,SHINE,45,17,100.0,383.0,38300.0,2025-09-18
2025091803000755,SHINE,26,17,439.0,384.0,168576.0,2025-09-18
2025091803000754,SHINE,60,17,100.0,384.1,38410.0,2025-09-18
2025091804001542,UMHL,85,48,70.0,542.0,37940.0,2025-09-18
2025091803000753,SWBBL,17,1,50.0,776.2,38810.0,2025-09-18
2025091803000752,PMLI,35,74,13.0,463.0,6019.0,2025-09-18
2025091804001541,SHL,50,13,1000.0,493.0,493000.0,2025-09-18
2025091804001540,UPCL,74,41,10.0,376.0,3760.0,2025-09-18
2025091803000751,SINDU,38,59,10.0,622.0,6220.0,2025-09-18
2025091801001155,SRLI,38,38,700.0,365.0,255500.0,2025-09-18
2025091804001539,SSHL,50,49,150.0,160.0,24000.0,2025-09-18
2025091801001154,HBL,49,38,60.0,186.5,11190.0,2025-09-18
2025091801001153,HBL,53,38,40.0,186.5,7460.0,2025-09-18
2025091805001545,NRN,18,43,150.0,1842.1,276315.0,2025-09-18
2025091801001152,NABIL,58,58,20.0,490.0,9800.0,2025-09-18
2025091801001151,GBIME,28,26,100.0,229.0,22900.0,2025-09-18
2025091803000750,SKBBL,32,50,20.0,815.0,16300.0,2025-09-18
2025091803000749,MFIL,55,48,20.0,621.0,12420.0,2025-09-18
2025091804001538,SHPC,14,25,50.0,500.0,25000.0,2025-09-18
2025091803000748,NLIC,87,38,372.0,705.0,262260.0,2025-09-18
2025091803000747,NLIC,8,38,25.0,705.0,17625.0,2025-09-18
2025091804001537,API,5,28,140.0,261.0,36540.0,2025-09-18
2025091804001536,SHEL,10,44,1000.0,277.0,277000.0,2025-09-18
2025091804001535,NGPL,35,58,70.0,360.0,25200.0,2025-09-18
2025091801001150,NMIC,45,58,10.0,1080.0,10800.0,2025-09-18
2025091804001534,BPCL,43,48,430.0,725.2,311836.0,2025-09-18
2025091804001533,BPCL,39,48,500.0,726.0,363000.0,2025-09-18
2025091804001532,SHEL,10,57,200.0,277.0,55400.0,2025-09-18
2025091805001544,CHDC,32,32,215.0,2251.0,483965.0,2025-09-18
2025091805001543,CHDC,32,50,25.0,2250.0,56250.0,2025-09-18
2025091805001542,CHDC,36,50,85.0,2250.0,191250.0,2025-09-18
2025091803000746,SWBBL,80,19,200.0,776.2,155240.0,2025-09-18
2025091801001149,TTL,95,38,50.0,695.0,34750.0,2025-09-18
2025091803000745,GBBL,41,19,50.0,395.0,19750.0,2025-09-18
2025091803000744,GBBL,59,19,50.0,395.0,19750.0,2025-09-18
2025091804001531,SSHL,57,58,10.0,161.5,1615.0,2025-09-18
2025091804001530,SSHL,57,58,20.0,161.5,3230.0,2025-09-18
2025091803000743,HLI,45,21,154.0,360.0,55440.0,2025-09-18
2025091803000742,HLI,34,21,100.0,362.7,36270.0,2025-09-18
2025091803000741,HLI,39,21,200.0,363.0,72600.0,2025-09-18
2025091803000740,HLI,51,21,30.0,363.0,10890.0,2025-09-18
2025091803000739,HLI,34,21,20.0,363.0,7260.0,2025-09-18
2025091803000738,HLI,33,21,77.0,364.0,28028.0,2025-09-18
2025091803000737,SAPDBL,17,34,33.0,701.0,23133.0,2025-09-18
2025091803000736,SAPDBL,17,42,16.0,701.0,11216.0,2025-09-18
2025091804001529,SPDL,32,49,10.0,365.1,3651.0,2025-09-18
2025091801001148,SNLI,48,51,16.0,427.4,6838.4,2025-09-18
2025091804001528,UMHL,71,22,50.0,550.0,27500.0,2025-09-18
2025091801001147,JBLB,45,55,48.0,1313.2,63033.6,2025-09-18
2025091804001527,UMHL,85,49,40.0,542.0,21680.0,2025-09-18
2025091804001526,SHEL,10,8,300.0,277.0,83100.0,2025-09-18
2025091804001525,NHPC,62,25,110.0,185.5,20405.0,2025-09-18
2025091801001146,NICA,25,86,10.0,314.0,3140.0,2025-09-18
2025091805001541,RNLI,43,34,12.0,423.5,5082.0,2025-09-18
2025091805001540,MKJC,60,8,10.0,553.0,5530.0,2025-09-18
2025091801001145,GBIME,49,14,200.0,230.6,46120.0,2025-09-18
2025091803000735,NMLBBL,34,28,20.0,613.7,12274.0,2025-09-18
2025091801001144,SNLI,48,25,16.0,427.4,6838.4,2025-09-18
2025091805001539,HDL,39,75,100.0,1296.0,129600.0,2025-09-18
2025091805001538,BHL,50,25,2000.0,172.0,344000.0,2025-09-18
2025091804001524,UMHL,99,71,500.0,541.0,270500.0,2025-09-18
2025091803000734,SINDU,57,14,10.0,621.3,6213.0,2025-09-18
2025091801001143,TTL,38,7,10.0,693.0,6930.0,2025-09-18
2025091804001523,SHPC,14,45,50.0,500.0,25000.0,2025-09-18
2025091804001522,UAIL,49,21,300.0,462.0,138600.0,2025-09-18
2025091804001521,SHPC,47,29,2635.0,497.0,1309595.0,2025-09-18
2025091804001520,SHPC,57,29,1000.0,497.1,497100.0,2025-09-18
2025091804001519,SHPC,14,29,1000.0,498.0,498000.0,2025-09-18
2025091804001518,SHPC,47,29,65.0,498.0,32370.0,2025-09-18
2025091804001517,NGPL,34,41,20.0,360.1,7202.0,2025-09-18
2025091801001142,HIDCLP,21,63,1000.0,178.0,178000.0,2025-09-18
2025091805001537,SAHAS,45,3,100.0,586.0,58600.0,2025-09-18
2025091804001516,SICL,8,17,160.0,680.0,108800.0,2025-09-18
2025091804001515,UPCL,11,38,191.0,372.0,71052.0,2025-09-18
2025091804001514,UPCL,47,38,130.0,372.2,48386.0,2025-09-18
2025091804001513,UPCL,44,38,1000.0,372.6,372600.0,2025-09-18
2025091804001512,UPCL,89,38,2479.0,373.0,924667.0,2025-09-18
2025091804001511,UPCL,58,38,200.0,376.1,75220.0,2025-09-18
2025091804001510,JOSHI,36,49,100.0,261.3,26130.0,2025-09-18
2025091804001509,HPPL,33,58,500.0,430.4,215200.0,2025-09-18
2025091804001508,HPPL,42,58,350.0,430.5,150675.0,2025-09-18
2025091804001507,HPPL,57,58,135.0,431.0,58185.0,2025-09-18
2025091804001506,SSHL,50,58,20.0,160.0,3200.0,2025-09-18
2025091804001505,BPCL,94,59,200.0,735.0,147000.0,2025-09-18
2025091804001504,BPCL,94,56,100.0,730.0,73000.0,2025-09-18
2025091801001141,NMIC,49,43,10.0,1080.0,10800.0,2025-09-18
2025091801001140,GBIME,28,57,621.0,229.0,142209.0,2025-09-18
2025091801001139,GBIME,21,57,379.0,229.0,86791.0,2025-09-18
2025091805001536,BBC,99,52,10.0,4945.5,49455.0,2025-09-18
2025091804001503,UMHL,60,53,1000.0,541.1,541100.0,2025-09-18
2025091803000733,MNBBL,57,42,100.0,430.0,43000.0,2025-09-18
2025091803000732,SAPDBL,42,42,100.0,701.0,70100.0,2025-09-18
2025091801001138,SCB,28,58,124.0,607.0,75268.0,2025-09-18
2025091804001502,NHPC,48,25,71.0,185.5,13170.5,2025-09-18
2025091804001501,NHPC,48,6,129.0,185.0,23865.0,2025-09-18
2025091805001535,HDL,52,93,10.0,1290.0,12900.0,2025-09-18
2025091805001534,HDL,13,93,100.0,1290.0,129000.0,2025-09-18
2025091805001533,HDL,60,93,199.0,1290.0,256710.0,2025-09-18
2025091805001532,HDL,44,93,100.0,1290.0,129000.0,2025-09-18
2025091805001531,HDL,51,93,50.0,1290.0,64500.0,2025-09-18
2025091805001530,HDL,58,93,75.0,1290.0,96750.0,2025-09-18
2025091805001529,HDL,25,93,200.0,1290.0,258000.0,2025-09-18
2025091805001528,HDL,59,93,49.0,1290.0,63210.0,2025-09-18
2025091805001527,NIFRA,25,52,100.0,251.0,25100.0,2025-09-18
2025091804001500,UPPER,42,34,160.0,170.0,27200.0,2025-09-18
2025091804001499,SHEL,45,57,19.0,275.0,5225.0,2025-09-18
2025091801001137,NIMB,34,3,185.0,193.0,35705.0,2025-09-18
2025091803000731,DDBL,5,21,10.0,812.0,8120.0,2025-09-18
2025091803000730,SADBL,58,33,100.0,386.0,38600.0,2025-09-18
2025091801001136,TTL,38,36,10.0,693.0,6930.0,2025-09-18
2025091804001498,IGI,42,19,100.0,470.9,47090.0,2025-09-18
2025091801001135,KBL,45,58,700.0,183.7,128590.0,2025-09-18
2025091804001497,MEN,29,28,77.0,578.3,44529.1,2025-09-18
2025091804001496,MEN,80,28,100.0,578.3,57830.0,2025-09-18
2025091804001495,MEN,14,28,10.0,579.0,5790.0,2025-09-18
2025091804001494,MEN,77,28,100.0,590.0,59000.0,2025-09-18
2025091804001493,MEN,16,28,200.0,590.1,118020.0,2025-09-18
2025091804001492,MEN,38,28,43.0,590.1,25374.3,2025-09-18
2025091804001491,MEN,71,28,470.0,591.0,277770.0,2025-09-18
2025091801001134,SRLI,58,50,200.0,363.9,72780.0,2025-09-18
2025091801001133,SRLI,58,57,18.0,363.9,6550.2,2025-09-18
2025091801001132,SRLI,7,57,12.0,364.0,4368.0,2025-09-18
2025091805001526,HDL,59,34,201.0,1290.0,259290.0,2025-09-18
2025091805001525,HDL,55,34,100.0,1290.0,129000.0,2025-09-18
2025091805001524,HDL,99,34,1000.0,1290.0,1290000.0,2025-09-18
2025091805001523,HDL,45,34,960.0,1290.0,1238400.0,2025-09-18
2025091805001522,HDL,16,34,40.0,1290.1,51604.0,2025-09-18
2025091805001521,HDL,17,34,100.0,1291.0,129100.0,2025-09-18
2025091805001520,HDL,7,34,20.0,1291.0,25820.0,2025-09-18
2025091805001519,HDL,57,34,95.0,1291.0,122645.0,2025-09-18
2025091805001518,HDL,14,34,50.0,1291.1,64555.0,2025-09-18
2025091805001517,HDL,41,34,40.0,1292.0,51680.0,2025-09-18
2025091805001516,HDL,4,34,43.0,1292.0,55556.0,2025-09-18
2025091805001515,HDL,49,34,100.0,1292.0,129200.0,2025-09-18
2025091805001514,HDL,58,34,100.0,1295.0,129500.0,2025-09-18
2025091805001513,HDL,62,34,58.0,1295.0,75110.0,2025-09-18
2025091805001512,HDL,91,34,93.0,1296.0,120528.0,2025-09-18
2025091803000729,PFL,33,54,50.0,385.0,19250.0,2025-09-18
2025091803000728,PFL,33,48,50.0,385.0,19250.0,2025-09-18
2025091804001490,SHEL,45,57,100.0,275.0,27500.0,2025-09-18
2025091804001489,SHEL,35,57,881.0,275.0,242275.0,2025-09-18
2025091805001511,SHIVM,77,67,200.0,534.0,106800.0,2025-09-18
2025091801001131,EBL,13,42,40.0,669.0,26760.0,2025-09-18
2025091805001510,BHL,55,45,393.0,170.0,66810.0,2025-09-18
2025091801001130,SANIMA,34,45,500.0,344.0,172000.0,2025-09-18
2025091801001129,SANIMA,34,7,360.0,344.0,123840.0,2025-09-18
2025091801001128,OMPL,47,65,10.0,1144.0,11440.0,2025-09-18
2025091803000727,MLBL,38,19,600.0,352.0,211200.0,2025-09-18
2025091801001127,NICA,52,86,100.0,314.0,31400.0,2025-09-18
2025091801001126,EBL,13,16,100.0,669.0,66900.0,2025-09-18
2025091803000726,MATRI,47,42,150.0,971.0,145650.0,2025-09-18
2025091805001509,HDL,91,6,35.0,1296.0,45360.0,2025-09-18
2025091804001488,KPCL,58,38,140.0,491.0,68740.0,2025-09-18
2025091803000725,MNBBL,59,14,100.0,428.0,42800.0,2025-09-18
2025091803000724,LBBL,94,41,190.0,490.0,93100.0,2025-09-18
2025091803000723,LBBL,94,38,100.0,490.0,49000.0,2025-09-18
2025091803000722,LBBL,94,35,270.0,490.0,132300.0,2025-09-18
2025091803000721,LBBL,94,55,100.0,489.0,48900.0,2025-09-18
2025091803000720,HLI,33,48,14.0,364.0,5096.0,2025-09-18
2025091801001125,NMIC,49,72,10.0,1080.0,10800.0,2025-09-18
2025091801001124,GSY,52,17,10000.0,8.92,89200.0,2025-09-18
2025091803000719,SADBL,42,36,490.0,385.0,188650.0,2025-09-18
2025091803000718,SADBL,25,36,10.0,385.1,3851.0,2025-09-18
2025091804001487,RIDI,32,16,900.0,209.1,188190.0,2025-09-18
2025091803000717,SKBBL,22,50,25.0,812.3,20307.5,2025-09-18
2025091804001486,UNHPL,97,6,500.0,421.4,210700.0,2025-09-18
2025091804001485,UNHPL,95,6,500.0,421.5,210750.0,2025-09-18
2025091801001123,OMPL,47,42,10.0,1144.0,11440.0,2025-09-18
2025091801001122,NBL,14,6,10.0,234.0,2340.0,2025-09-18
2025091804001484,MEN,71,58,30.0,591.0,17730.0,2025-09-18
2025091801001121,MKCL,8,45,20.0,1465.0,29300.0,2025-09-18
2025091801001120,NABIL,41,35,10.0,489.6,4896.0,2025-09-18
2025091805001508,HDL,91,34,52.0,1296.0,67392.0,2025-09-18
2025091803000716,LBBL,40,54,50.0,480.0,24000.0,2025-09-18
2025091803000715,LBBL,99,54,15.0,484.0,7260.0,2025-09-18
2025091801001119,PRVU,58,34,880.0,186.0,163680.0,2025-09-18
2025091803000714,SAPDBL,10,42,10.0,701.0,7010.0,2025-09-18
2025091801001118,SNLI,48,11,16.0,427.4,6838.4,2025-09-18
2025091804001483,BARUN,42,34,350.0,299.0,104650.0,2025-09-18
2025091804001482,HDHPC,33,19,300.0,165.0,49500.0,2025-09-18
2025091805001507,NYADI,34,19,790.0,392.0,309680.0,2025-09-18
2025091805001506,RNLI,43,50,12.0,423.5,5082.0,2025-09-18
2025091804001481,AHPC,58,35,200.0,267.5,53500.0,2025-09-18
2025091801001117,HBL,14,49,10.0,189.0,1890.0,2025-09-18
2025091804001480,BPCL,38,7,220.0,725.0,159500.0,2025-09-18
2025091804001479,BPCL,26,7,20.0,725.0,14500.0,2025-09-18
2025091805001505,CHDC,47,32,30.0,2251.0,67530.0,2025-09-18
2025091801001116,NESDO,1,47,10.0,1428.1,14281.0,2025-09-18
2025091805001504,NIFRA,25,58,54.0,251.0,13554.0,2025-09-18
2025091803000713,MLBL,38,44,367.0,351.1,128853.7,2025-09-18
2025091803000712,MNBBL,59,39,100.0,428.0,42800.0,2025-09-18
2025091804001478,NGPL,34,62,260.0,357.4,92924.0,2025-09-18
2025091804001477,NGPL,34,62,40.0,361.1,14444.0,2025-09-18
2025091805001503,CHDC,36,40,15.0,2250.0,33750.0,2025-09-18
2025091803000711,GLBSL,21,43,10.0,1977.0,19770.0,2025-09-18
2025091805001502,NTC,34,45,10.0,809.0,8090.0,2025-09-18
2025091805001501,NTC,34,56,50.0,780.0,39000.0,2025-09-18
2025091801001115,PCBL,44,57,77.0,234.5,18056.5,2025-09-18
2025091804001476,NGPL,34,58,370.0,361.1,133607.0,2025-09-18
2025091804001475,NGPL,58,58,30.0,365.0,10950.0,2025-09-18
2025091805001500,DORDI,59,16,1000.0,216.0,216000.0,2025-09-18
2025091805001499,SHIVM,19,29,40.0,530.0,21200.0,2025-09-18
2025091805001498,SHIVM,19,48,22.0,530.0,11660.0,2025-09-18
2025091804001474,UNHPL,71,29,500.0,427.0,213500.0,2025-09-18
2025091803000710,HLI,33,49,20.0,364.0,7280.0,2025-09-18
2025091801001114,KBL,13,80,200.0,181.0,36200.0,2025-09-18
2025091805001497,MKJC,72,58,81.0,544.1,44072.1,2025-09-18
2025091805001496,HDL,17,58,16.0,1300.0,20800.0,2025-09-18
2025091805001495,HDL,17,42,21.0,1300.0,27300.0,2025-09-18
2025091805001494,HDL,17,58,10.0,1299.0,12990.0,2025-09-18
2025091805001493,HDL,17,26,953.0,1299.0,1237947.0,2025-09-18
2025091801001113,TTL,38,41,10.0,693.0,6930.0,2025-09-18
2025091801001112,TTL,38,42,10.0,693.0,6930.0,2025-09-18
2025091804001473,SALICO,35,17,10.0,653.2,6532.0,2025-09-18
2025091804001472,SHEL,35,51,619.0,275.0,170225.0,2025-09-18
2025091804001471,SHEL,45,51,721.0,275.0,198275.0,2025-09-18
2025091804001470,SHEL,49,51,210.0,275.1,57771.0,2025-09-18
2025091804001469,PMHPL,39,43,10.0,333.7,3337.0,2025-09-18
2025091804001468,RIDI,42,38,50.0,210.5,10525.0,2025-09-18
2025091805001492,RFPL,84,58,10.0,320.9,3209.0,2025-09-18
2025091801001111,HBL,14,45,10.0,189.0,1890.0,2025-09-18
2025091801001110,KBL,16,80,100.0,181.0,18100.0,2025-09-18
2025091804001467,RADHI,50,39,4400.0,696.0,3062400.0,2025-09-18
2025091804001466,RADHI,58,39,250.0,696.0,174000.0,2025-09-18
2025091804001465,RADHI,34,39,2000.0,697.0,1394000.0,2025-09-18
2025091804001464,RADHI,94,39,1000.0,697.0,697000.0,2025-09-18
2025091804001463,RADHI,36,39,200.0,697.1,139420.0,2025-09-18
2025091804001462,RADHI,53,39,200.0,697.2,139440.0,2025-09-18
2025091804001461,RADHI,21,39,50.0,700.0,35000.0,2025-09-18
2025091804001460,RADHI,66,39,400.0,700.0,280000.0,2025-09-18
2025091804001459,RADHI,58,39,500.0,700.1,350050.0,2025-09-18
2025091805001491,NIFRA,25,45,54.0,251.0,13554.0,2025-09-18
2025091801001109,SNLI,48,49,16.0,427.4,6838.4,2025-09-18
2025091805001490,CHDC,95,32,200.0,2251.0,450200.0,2025-09-18
2025091805001489,HDL,91,94,200.0,1296.0,259200.0,2025-09-18
2025091805001488,HDL,48,94,100.0,1296.1,129610.0,2025-09-18
2025091801001108,HBL,14,32,10.0,188.9,1889.0,2025-09-18
2025091801001107,HBL,14,14,10.0,187.5,1875.0,2025-09-18
2025091801001106,NABIL,49,41,92.0,485.0,44620.0,2025-09-18
2025091801001105,NICA,41,86,10.0,314.0,3140.0,2025-09-18
2025091804001458,HDHPC,33,32,499.0,165.0,82335.0,2025-09-18
2025091804001457,HDHPC,33,25,150.0,165.0,24750.0,2025-09-18
2025091803000709,SJLIC,57,42,50.0,395.0,19750.0,2025-09-18
2025091803000708,SJLIC,46,42,50.0,396.0,19800.0,2025-09-18
2025091803000707,SJLIC,47,42,100.0,397.0,39700.0,2025-09-18
2025091804001456,UPPER,42,1,79.0,170.0,13430.0,2025-09-18
2025091805001487,HIDCL,41,51,350.0,250.0,87500.0,2025-09-18
2025091804001455,UPCL,89,74,21.0,373.0,7833.0,2025-09-18
2025091804001454,UPCL,43,74,300.0,376.0,112800.0,2025-09-18
2025091804001453,UPCL,54,74,290.0,376.0,109040.0,2025-09-18
2025091804001452,UPCL,53,74,1000.0,376.1,376100.0,2025-09-18
2025091804001451,UPCL,57,74,200.0,376.1,75220.0,2025-09-18
2025091804001450,UPCL,57,74,30.0,378.0,11340.0,2025-09-18
2025091805001486,SHIVM,4,48,107.0,530.0,56710.0,2025-09-18
2025091801001104,KBL,58,80,200.0,181.0,36200.0,2025-09-18
2025091805001485,CHDC,65,32,20.0,2251.0,45020.0,2025-09-18
2025091804001449,API,32,54,10.0,262.0,2620.0,2025-09-18
2025091801001103,EBL,13,56,10.0,669.0,6690.0,2025-09-18
2025091801001102,C30MF,21,62,400.0,9.08,3632.0,2025-09-18
2025091805001484,NIFRA,25,57,20.0,251.0,5020.0,2025-09-18
2025091805001483,DORDI,42,41,1000.0,220.0,220000.0,2025-09-18
2025091801001101,SANIMA,16,7,100.0,344.0,34400.0,2025-09-18
2025091801001100,PCBL,44,56,3100.0,234.5,726950.0,2025-09-18
2025091801001099,HIDCLP,90,19,1000.0,179.0,179000.0,2025-09-18
2025091803000706,MNBBL,59,32,1000.0,428.0,428000.0,2025-09-18
2025091803000705,MNBBL,59,94,2775.0,428.0,1187700.0,2025-09-18
2025091803000704,MNBBL,59,46,940.0,427.0,401380.0,2025-09-18
2025091801001098,NBL,35,6,100.0,234.0,23400.0,2025-09-18
2025091801001097,HIMSTAR,64,42,10.0,473.5,4735.0,2025-09-18
2025091805001482,NIFRA,6,25,100.0,252.0,25200.0,2025-09-18
2025091805001481,GVL,58,34,35.0,486.0,17010.0,2025-09-18
2025091804001448,LEC,22,74,100.0,194.1,19410.0,2025-09-18
2025091801001096,SARBTM,5,42,34.0,825.0,28050.0,2025-09-18
2025091801001095,PURE,25,49,10.0,726.0,7260.0,2025-09-18
2025091803000703,SAPDBL,49,38,10.0,704.0,7040.0,2025-09-18
2025091805001480,NRN,60,16,490.0,1849.0,906010.0,2025-09-18
2025091805001479,NRN,60,28,10.0,1849.0,18490.0,2025-09-18
2025091804001447,CHCL,22,11,2981.0,472.0,1407032.0,2025-09-18
2025091804001446,AKPL,22,58,75.0,233.0,17475.0,2025-09-18
2025091804001445,AKPL,22,91,50.0,233.0,11650.0,2025-09-18
2025091804001444,AKPL,22,41,66.0,233.0,15378.0,2025-09-18
2025091801001094,SARBTM,52,25,30.0,832.0,24960.0,2025-09-18
2025091804001443,SSHL,58,58,40.0,161.5,6460.0,2025-09-18
2025091804001442,SSHL,58,1,20.0,161.5,3230.0,2025-09-18
2025091805001478,CHDC,39,32,100.0,2251.0,225100.0,2025-09-18
2025091803000702,NLIC,19,34,25.0,710.0,17750.0,2025-09-18
2025091803000701,NLIC,19,17,75.0,710.0,53250.0,2025-09-18
2025091804001441,OHL,3,4,10.0,702.0,7020.0,2025-09-18
2025091805001477,SHIVM,17,58,350.0,526.0,184100.0,2025-09-18
2025091801001093,SANIMA,10,7,200.0,344.0,68800.0,2025-09-18
2025091804001440,HPPL,57,39,265.0,431.0,114215.0,2025-09-18
2025091805001476,HIDCL,41,58,35.0,250.0,8750.0,2025-09-18
2025091801001092,SANIMA,25,7,50.0,344.0,17200.0,2025-09-18
2025091801001091,HIMSTAR,64,35,10.0,473.5,4735.0,2025-09-18
2025091804001439,NHDL,74,57,50.0,653.0,32650.0,2025-09-18
2025091805001475,NIFRA,25,29,504.0,251.0,126504.0,2025-09-18
2025091805001474,NIFRA,49,29,246.0,251.2,61795.2,2025-09-18
2025091805001473,IHL,59,6,50.0,520.0,26000.0,2025-09-18
2025091801001090,KBL,38,72,470.0,180.0,84600.0,2025-09-18
2025091801001089,KBL,56,72,500.0,180.0,90000.0,2025-09-18
2025091801001088,KBL,58,72,7726.0,180.0,1390680.0,2025-09-18
2025091801001087,KBL,97,72,1000.0,180.6,180600.0,2025-09-18
2025091801001086,KBL,97,72,2700.0,180.6,487620.0,2025-09-18
2025091801001085,KBL,50,72,20000.0,181.0,3620000.0,2025-09-18
2025091801001084,KBL,29,72,850.0,181.0,153850.0,2025-09-18
2025091801001083,KBL,34,72,1100.0,182.0,200200.0,2025-09-18
2025091801001082,KBL,58,72,3686.0,182.0,670852.0,2025-09-18
2025091801001081,KBL,25,72,1968.0,183.0,360144.0,2025-09-18
2025091803000700,SAPDBL,8,7,200.0,701.0,140200.0,2025-09-18
2025091803000699,MLBL,44,44,33.0,351.1,11586.3,2025-09-18
2025091801001080,HBL,14,38,10.0,188.9,1889.0,2025-09-18
2025091805001472,HDL,91,14,20.0,1296.0,25920.0,2025-09-18
2025091803000698,NLICL,14,21,50.0,557.0,27850.0,2025-09-18
2025091803000697,NLICL,14,53,152.0,557.0,84664.0,2025-09-18
2025091804001438,AKJCL,54,6,100.0,178.5,17850.0,2025-09-18
2025091801001079,HBL,4,58,10.0,189.0,1890.0,2025-09-18
2025091801001078,HBL,4,7,10.0,189.0,1890.0,2025-09-18
2025091801001077,HBL,4,58,10.0,189.0,1890.0,2025-09-18
2025091801001076,HBL,4,45,10.0,189.0,1890.0,2025-09-18
2025091804001437,HPPL,57,89,100.0,431.0,43100.0,2025-09-18
2025091804001436,HPPL,57,89,50.0,431.0,21550.0,2025-09-18
2025091804001435,HPPL,57,89,50.0,432.0,21600.0,2025-09-18
2025091801001075,PURE,33,57,100.0,726.1,72610.0,2025-09-18
2025091801001074,HBL,14,58,10.0,188.9,1889.0,2025-09-18
2025091805001471,HRL,48,54,10.0,878.0,8780.0,2025-09-18
2025091805001470,HRL,48,22,10.0,878.0,8780.0,2025-09-18
2025091805001469,ILI,13,77,52.0,418.4,21756.8,2025-09-18
2025091801001073,JBLB,61,58,121.0,1325.0,160325.0,2025-09-18
2025091803000696,EDBL,58,72,130.0,588.0,76440.0,2025-09-18
2025091805001468,HDL,7,38,100.0,1297.0,129700.0,2025-09-18
2025091801001072,HBL,14,58,10.0,188.9,1889.0,2025-09-18
2025091803000695,HLI,33,45,138.0,364.0,50232.0,2025-09-18
2025091801001071,HIDCLP,42,19,200.0,179.0,35800.0,2025-09-18
2025091804001434,UMHL,99,64,300.0,541.0,162300.0,2025-09-18
2025091804001433,RURU,57,34,13.0,656.0,8528.0,2025-09-18
2025091804001432,NGPL,34,58,590.0,360.0,212400.0,2025-09-18
2025091805001467,HHL,32,34,70.0,313.6,21952.0,2025-09-18
2025091805001466,BBC,66,45,10.0,4753.0,47530.0,2025-09-18
2025091805001465,STC,54,14,20.0,4850.0,97000.0,2025-09-18
2025091805001464,HHL,14,34,100.0,313.6,31360.0,2025-09-18
2025091801001070,MLBS,16,57,20.0,1468.4,29368.0,2025-09-18
2025091805001463,BHL,55,77,10.0,170.0,1700.0,2025-09-18
2025091804001431,UNHPL,97,29,357.0,421.4,150439.8,2025-09-18
2025091804001430,UNHPL,32,29,43.0,422.0,18146.0,2025-09-18
2025091804001429,UNHPL,58,29,100.0,423.0,42300.0,2025-09-18
2025091805001462,HHL,47,34,500.0,313.6,156800.0,2025-09-18
2025091804001428,JOSHI,6,54,100.0,266.5,26650.0,2025-09-18
2025091804001427,UNHPL,58,35,300.0,428.3,128490.0,2025-09-18
2025091801001069,PRVU,58,49,120.0,186.0,22320.0,2025-09-18
2025091801001068,PRVU,45,49,50.0,189.7,9485.0,2025-09-18
2025091801001067,PRVU,58,49,117.0,189.7,22194.9,2025-09-18
2025091801001066,PRVU,21,49,95.0,189.7,18021.5,2025-09-18
2025091801001065,PRVU,59,49,118.0,189.8,22396.4,2025-09-18
2025091803000694,BFC,17,54,50.0,438.0,21900.0,2025-09-18
2025091805001461,CHDC,16,32,10.0,2251.0,22510.0,2025-09-18
2025091804001426,API,58,54,100.0,262.0,26200.0,2025-09-18
2025091801001064,SARBTM,5,56,66.0,825.0,54450.0,2025-09-18
2025091801001063,HIMSTAR,64,58,10.0,473.5,4735.0,2025-09-18
2025091803000693,NICLBSL,45,58,101.0,542.0,54742.0,2025-09-18
2025091804001425,SHPC,50,45,50.0,500.0,25000.0,2025-09-18
2025091801001062,NBL,17,6,10.0,234.0,2340.0,2025-09-18
2025091801001061,TTL,39,49,10.0,693.0,6930.0,2025-09-18
2025091803000692,MLBL,19,44,600.0,351.1,210660.0,2025-09-18
2025091803000691,SKBBL,7,50,20.0,815.0,16300.0,2025-09-18
2025091803000690,SKBBL,7,17,20.0,814.5,16290.0,2025-09-18
2025091803000689,MNBBL,94,58,1500.0,425.1,637650.0,2025-09-18
2025091803000688,MNBBL,13,58,200.0,425.2,85040.0,2025-09-18
2025091804001424,SGIC,44,45,10.0,524.8,5248.0,2025-09-18
2025091805001460,MKJC,39,8,138.0,553.8,76424.4,2025-09-18
2025091804001423,SJCL,6,58,90.0,283.4,25506.0,2025-09-18
2025091804001422,SJCL,6,34,200.0,283.4,56680.0,2025-09-18
2025091804001421,SJCL,6,26,200.0,283.4,56680.0,2025-09-18
2025091804001420,SJCL,6,45,10.0,277.8,2778.0,2025-09-18
2025091803000687,MLBL,19,43,400.0,351.1,140440.0,2025-09-18
2025091801001060,KBL,25,51,310.0,183.0,56730.0,2025-09-18
2025091801001059,KBL,25,57,2000.0,183.0,366000.0,2025-09-18
2025091801001058,KBL,25,17,722.0,183.0,132126.0,2025-09-18
2025091805001459,SAHAS,42,58,465.0,585.0,272025.0,2025-09-18
2025091805001458,SAHAS,26,58,500.0,585.1,292550.0,2025-09-18
2025091805001457,SAHAS,39,58,50.0,586.0,29300.0,2025-09-18
2025091801001057,NBL,17,6,370.0,234.0,86580.0,2025-09-18
2025091801001056,SCB,28,19,53.0,607.0,32171.0,2025-09-18
2025091801001055,SCB,88,19,85.0,607.0,51595.0,2025-09-18
2025091804001419,KPCL,58,49,100.0,491.0,49100.0,2025-09-18
2025091801001054,TTL,39,49,10.0,693.0,6930.0,2025-09-18
2025091801001053,TTL,39,41,10.0,693.0,6930.0,2025-09-18
2025091801001052,TTL,39,58,10.0,693.0,6930.0,2025-09-18
2025091801001051,TTL,39,38,160.0,693.0,110880.0,2025-09-18
2025091801001050,GBIME,45,14,231.0,230.6,53268.6,2025-09-18
2025091804001418,JOSHI,36,49,10.0,261.3,2613.0,2025-09-18
2025091804001417,AHPC,88,29,35.0,267.1,9348.5,2025-09-18
2025091804001416,SHEL,49,16,290.0,275.1,79779.0,2025-09-18
2025091804001415,SHEL,7,16,200.0,275.1,55020.0,2025-09-18
2025091804001414,SHEL,3,16,1000.0,275.1,275100.0,2025-09-18
2025091804001413,SHEL,26,16,10.0,277.0,2770.0,2025-09-18
2025091804001412,UMHL,91,22,10.0,550.0,5500.0,2025-09-18
2025091805001456,NIFRA,49,8,54.0,251.2,13564.8,2025-09-18
2025091805001455,NIFRA,58,8,946.0,252.0,238392.0,2025-09-18
2025091801001049,KDL,21,42,10.0,973.4,9734.0,2025-09-18
2025091805001454,SHIVM,59,48,516.0,530.0,273480.0,2025-09-18
2025091805001453,SHIVM,59,38,484.0,530.0,256520.0,2025-09-18
2025091804001411,SHEL,26,36,290.0,277.0,80330.0,2025-09-18
2025091805001452,HRL,6,57,39.0,878.0,34242.0,2025-09-18
2025091805001451,HRL,6,56,61.0,878.0,53558.0,2025-09-18
2025091804001410,API,49,45,75.0,264.0,19800.0,2025-09-18
2025091804001409,LEC,34,1,100.0,197.0,19700.0,2025-09-18
2025091804001408,NGPL,4,58,660.0,361.0,238260.0,2025-09-18
2025091804001407,NGPL,70,58,250.0,361.0,90250.0,2025-09-18
2025091801001048,LSL,45,50,200.0,215.0,43000.0,2025-09-18
2025091805001450,NRM,25,58,55.0,429.3,23611.5,2025-09-18
2025091805001449,NRM,25,58,75.0,429.3,32197.5,2025-09-18
2025091801001047,NABIL,45,58,48.0,481.0,23088.0,2025-09-18
2025091805001448,SHIVM,32,38,100.0,530.0,53000.0,2025-09-18
2025091804001406,HDHPC,16,58,200.0,166.0,33200.0,2025-09-18
2025091803000686,MNBBL,94,54,985.0,425.1,418723.5,2025-09-18
2025091803000685,MNBBL,58,54,15.0,426.0,6390.0,2025-09-18
2025091805001447,HDL,70,41,15.0,1296.0,19440.0,2025-09-18
2025091803000684,FMDBL,62,7,45.0,762.0,34290.0,2025-09-18
2025091805001446,SIKLES,45,54,10.0,663.3,6633.0,2025-09-18
2025091804001405,CHCL,16,11,176.0,472.0,83072.0,2025-09-18
2025091804001404,CHCL,16,58,24.0,472.0,11328.0,2025-09-18
2025091801001046,NIMB,34,38,25.0,193.0,4825.0,2025-09-18
2025091804001403,HPPL,57,50,215.0,431.0,92665.0,2025-09-18
2025091804001402,HPPL,87,50,50.0,432.0,21600.0,2025-09-18
2025091804001401,BPCL,26,13,460.0,725.0,333500.0,2025-09-18
2025091801001045,NIMB,34,49,290.0,193.0,55970.0,2025-09-18
2025091801001044,NIMB,14,49,100.0,193.0,19300.0,2025-09-18
2025091805001445,SHIVM,17,47,90.0,526.0,47340.0,2025-09-18
2025091805001444,SHIVM,32,47,500.0,526.0,263000.0,2025-09-18
2025091805001443,HDL,70,58,1100.0,1296.0,1425600.0,2025-09-18
2025091801001043,ADBL,57,8,200.0,295.0,59000.0,2025-09-18
2025091801001042,SRLI,17,38,200.0,365.0,73000.0,2025-09-18
2025091804001400,AKJCL,1,6,1502.0,178.5,268107.0,2025-09-18
2025091804001399,AKJCL,49,6,55.0,180.0,9900.0,2025-09-18
2025091803000683,MLBL,88,45,48.0,351.1,16852.8,2025-09-18
2025091805001442,ILI,13,28,32.0,418.4,13388.8,2025-09-18
2025091803000682,SKBBL,14,57,100.0,812.2,81220.0,2025-09-18
2025091804001398,HPPL,98,50,100.0,436.0,43600.0,2025-09-18
2025091803000681,BFC,17,6,205.0,438.0,89790.0,2025-09-18
2025091801001041,EBL,13,42,600.0,669.0,401400.0,2025-09-18
2025091803000680,EDBL,58,58,17.0,588.0,9996.0,2025-09-18
2025091801001040,KBL,58,45,200.0,182.0,36400.0,2025-09-18
2025091804001397,BPCL,59,6,100.0,725.1,72510.0,2025-09-18
2025091803000679,SLBBL,26,49,10.0,875.0,8750.0,2025-09-18
2025091804001396,SPDL,7,48,40.0,372.0,14880.0,2025-09-18
2025091804001395,SPDL,7,50,260.0,372.0,96720.0,2025-09-18
2025091805001441,HDL,32,42,20.0,1300.0,26000.0,2025-09-18
2025091803000678,LBBL,99,44,100.0,484.0,48400.0,2025-09-18
2025091804001394,UPCL,34,82,500.0,381.9,190950.0,2025-09-18
2025091804001393,UPCL,34,63,500.0,378.1,189050.0,2025-09-18
2025091805001440,NRIC,90,34,20.0,1468.7,29374.0,2025-09-18
2025091805001439,NTC,44,58,25.0,765.1,19127.5,2025-09-18
2025091805001438,SONA,41,29,50.0,416.5,20825.0,2025-09-18
2025091804001392,DHPL,53,38,10.0,278.0,2780.0,2025-09-18
2025091801001039,TTL,8,19,10.0,692.4,6924.0,2025-09-18
2025091804001391,HDHPC,17,58,10.0,166.6,1666.0,2025-09-18
2025091804001390,HDHPC,34,58,1000.0,166.6,166600.0,2025-09-18
2025091804001389,HDHPC,58,58,1300.0,166.6,216580.0,2025-09-18
2025091804001388,HDHPC,13,58,1307.0,166.6,217746.2,2025-09-18
2025091801001038,KBL,32,17,500.0,183.0,91500.0,2025-09-18
2025091801001037,EBL,5,57,60.0,668.0,40080.0,2025-09-18
2025091803000677,EDBL,58,42,100.0,588.0,58800.0,2025-09-18
2025091804001387,AKPL,65,32,260.0,232.0,60320.0,2025-09-18
2025091804001386,AKPL,36,32,240.0,232.0,55680.0,2025-09-18
2025091803000676,SADBL,42,41,208.0,385.0,80080.0,2025-09-18
2025091805001437,HATHY,13,5,40.0,940.8,37632.0,2025-09-18
2025091804001385,NIL,26,62,10.0,660.0,6600.0,2025-09-18
2025091804001384,MEN,38,1,40.0,590.1,23604.0,2025-09-18
2025091804001383,UPPER,38,21,48.0,169.1,8116.8,2025-09-18
2025091804001382,UPPER,38,21,100.0,169.1,16910.0,2025-09-18
2025091804001381,UPPER,45,21,100.0,169.1,16910.0,2025-09-18
2025091804001380,UPPER,35,21,250.0,169.1,42275.0,2025-09-18
2025091801001036,CREST,57,43,50.0,1005.3,50265.0,2025-09-18
2025091801001035,CREST,57,4,10.0,1005.3,10053.0,2025-09-18
2025091801001034,CREST,57,3,10.0,1005.3,10053.0,2025-09-18
2025091801001033,CREST,57,54,20.0,1005.3,20106.0,2025-09-18
2025091801001032,CREST,57,28,10.0,1005.3,10053.0,2025-09-18
2025091804001379,UPPER,49,1,100.0,170.0,17000.0,2025-09-18
2025091804001378,UPPER,56,1,221.0,170.0,37570.0,2025-09-18
2025091804001377,UPPER,26,1,200.0,170.1,34020.0,2025-09-18
2025091804001376,API,49,45,10.0,264.0,2640.0,2025-09-18
2025091804001375,AKPL,36,20,500.0,232.0,116000.0,2025-09-18
2025091805001436,SHIVM,77,38,100.0,530.0,53000.0,2025-09-18
2025091805001435,SHIVM,89,38,16.0,530.0,8480.0,2025-09-18
2025091805001434,SHIVM,89,39,60.0,530.0,31800.0,2025-09-18
2025091801001031,PCBL,44,44,43.0,234.5,10083.5,2025-09-18
2025091805001433,CIT,41,42,140.0,1765.0,247100.0,2025-09-18
2025091805001432,CIT,16,42,30.0,1765.0,52950.0,2025-09-18
2025091805001431,CIT,1,42,60.0,1780.0,106800.0,2025-09-18
2025091801001030,SANIMA,50,42,1700.0,344.0,584800.0,2025-09-18
2025091801001029,SANIMA,50,40,458.0,344.0,157552.0,2025-09-18
2025091805001430,NRIC,51,55,200.0,1468.7,293740.0,2025-09-18
2025091805001429,NRIC,51,61,92.0,1468.7,135120.4,2025-09-18
2025091801001028,SRLI,58,43,300.0,363.9,109170.0,2025-09-18
2025091801001027,HIDCLP,41,59,200.0,177.0,35400.0,2025-09-18
2025091801001026,HIDCLP,14,59,800.0,177.0,141600.0,2025-09-18
2025091803000675,LBBL,99,57,50.0,484.0,24200.0,2025-09-18
2025091803000674,GRDBL,62,43,90.0,970.0,87300.0,2025-09-18
2025091803000673,GRDBL,62,58,10.0,969.0,9690.0,2025-09-18
2025091804001374,BPCL,59,98,100.0,725.1,72510.0,2025-09-18
2025091804001373,BPCL,98,59,10.0,735.0,7350.0,2025-09-18
2025091801001025,HBL,14,58,10.0,188.9,1889.0,2025-09-18
2025091804001372,UMHL,62,13,100.0,540.0,54000.0,2025-09-18
2025091801001024,NMIC,44,58,10.0,1080.0,10800.0,2025-09-18
2025091804001371,GLH,33,25,500.0,233.0,116500.0,2025-09-18
2025091804001370,UNHPL,58,35,200.0,423.0,84600.0,2025-09-18
2025091804001369,API,52,45,50.0,264.0,13200.0,2025-09-18
2025091804001368,UPCL,54,38,10.0,376.0,3760.0,2025-09-18
2025091801001023,KBL,58,57,2580.0,182.0,469560.0,2025-09-18
2025091801001022,KBL,22,57,30.0,182.5,5475.0,2025-09-18
2025091803000672,RLFL,35,7,25.0,434.0,10850.0,2025-09-18
2025091805001428,SPC,50,6,10.0,488.9,4889.0,2025-09-18
2025091805001427,HDL,99,42,259.0,1300.0,336700.0,2025-09-18
2025091805001426,HDL,99,6,80.0,1300.0,104000.0,2025-09-18
2025091805001425,HDL,99,45,161.0,1300.0,209300.0,2025-09-18
2025091805001424,SONA,11,48,367.0,413.0,151571.0,2025-09-18
2025091805001423,SONA,49,48,33.0,415.0,13695.0,2025-09-18
2025091804001367,UPCL,54,7,200.0,376.0,75200.0,2025-09-18
2025091804001366,UPCL,57,7,800.0,378.0,302400.0,2025-09-18
2025091801001021,GBIME,21,35,50.0,229.0,11450.0,2025-09-18
2025091801001020,GBIME,21,17,70.0,229.0,16030.0,2025-09-18
2025091801001019,GBIME,21,33,11.0,228.0,2508.0,2025-09-18
2025091805001422,HRL,16,56,50.0,878.0,43900.0,2025-09-18
2025091801001018,KBL,58,17,135.0,183.0,24705.0,2025-09-18
2025091801001017,KBL,58,25,30.0,182.5,5475.0,2025-09-18
2025091803000671,SWBBL,80,19,300.0,776.2,232860.0,2025-09-18
2025091804001365,UMHL,38,22,100.0,550.0,55000.0,2025-09-18
2025091805001421,RFPL,62,58,10.0,321.0,3210.0,2025-09-18
2025091805001420,DORDI,25,41,1390.0,220.0,305800.0,2025-09-18
2025091805001419,MKJC,39,38,235.0,553.8,130143.0,2025-09-18
2025091803000670,HLI,32,42,100.0,365.0,36500.0,2025-09-18
2025091805001418,CIT,43,38,10.0,1790.0,17900.0,2025-09-18
2025091805001417,GVL,53,94,100.0,485.0,48500.0,2025-09-18
2025091801001016,NMIC,56,58,370.0,1090.0,403300.0,2025-09-18
2025091801001015,NMIC,56,58,10.0,1090.0,10900.0,2025-09-18
2025091801001014,NMIC,56,17,10.0,1090.0,10900.0,2025-09-18
2025091801001013,NMIC,56,57,400.0,1090.0,436000.0,2025-09-18
2025091801001012,NMIC,56,95,10.0,1090.0,10900.0,2025-09-18
2025091801001011,NMIC,56,41,58.0,1090.0,63220.0,2025-09-18
2025091801001010,NMIC,56,28,100.0,1090.0,109000.0,2025-09-18
2025091801001009,NMIC,56,14,42.0,1090.0,45780.0,2025-09-18
2025091804001364,SSHL,50,42,265.0,160.0,42400.0,2025-09-18
2025091805001416,HRL,17,56,39.0,878.0,34242.0,2025-09-18
2025091805001415,HRL,17,34,11.0,878.0,9658.0,2025-09-18
2025091805001414,SAHAS,39,59,50.0,586.0,29300.0,2025-09-18
2025091805001413,HDL,26,45,20.0,1300.0,26000.0,2025-09-18
2025091805001412,SHIVM,38,34,62.0,524.0,32488.0,2025-09-18
2025091803000669,MPFL,32,6,230.0,514.5,118335.0,2025-09-18
2025091801001008,LSL,45,42,1500.0,215.0,322500.0,2025-09-18
2025091804001363,NGPL,34,14,2905.0,357.4,1038247.0,2025-09-18
2025091804001362,NGPL,62,14,500.0,357.5,178750.0,2025-09-18
2025091804001361,NGPL,45,14,2000.0,357.5,715000.0,2025-09-18
2025091804001360,NGPL,5,14,500.0,357.5,178750.0,2025-09-18
2025091804001359,NGPL,14,14,100.0,357.6,35760.0,2025-09-18
2025091804001358,NGPL,56,14,500.0,358.0,179000.0,2025-09-18
2025091804001357,NGPL,14,14,1300.0,358.0,465400.0,2025-09-18
2025091804001356,NGPL,25,14,300.0,358.0,107400.0,2025-09-18
2025091804001355,NGPL,53,14,3000.0,358.0,1074000.0,2025-09-18
2025091804001354,NGPL,62,14,200.0,358.1,71620.0,2025-09-18
2025091804001353,NGPL,5,14,310.0,358.3,111073.0,2025-09-18
2025091804001352,NGPL,95,14,1000.0,359.0,359000.0,2025-09-18
2025091804001351,NGPL,18,14,510.0,359.0,183090.0,2025-09-18
2025091804001350,NGPL,34,14,1875.0,360.0,675000.0,2025-09-18
2025091805001411,BGWT,40,49,10.0,864.9,8649.0,2025-09-18
2025091804001349,NGPL,34,49,142.0,360.0,51120.0,2025-09-18
2025091804001348,NGPL,5,49,858.0,360.1,308965.8,2025-09-18
2025091801001007,KBL,58,64,50.0,182.0,9100.0,2025-09-18
2025091801001006,TTL,8,42,70.0,692.4,48468.0,2025-09-18
2025091804001347,UNHPL,8,91,500.0,423.0,211500.0,2025-09-18
2025091801001005,HBL,14,32,10.0,188.9,1889.0,2025-09-18
2025091804001346,SSHL,50,38,300.0,160.0,48000.0,2025-09-18
2025091804001345,NGPL,5,26,142.0,360.1,51134.2,2025-09-18
2025091804001344,NGPL,13,26,850.0,361.0,306850.0,2025-09-18
2025091803000668,SHINE,57,41,897.0,390.0,349830.0,2025-09-18
2025091805001410,SHIVM,38,45,325.0,524.0,170300.0,2025-09-18
2025091805001409,SHIVM,58,45,50.0,524.1,26205.0,2025-09-18
2025091805001408,SHIVM,3,45,175.0,525.0,91875.0,2025-09-18
2025091803000667,NLIC,8,51,110.0,705.0,77550.0,2025-09-18
2025091801001004,HBL,14,6,10.0,188.9,1889.0,2025-09-18
2025091805001407,NRIC,4,61,100.0,1468.7,146870.0,2025-09-18
2025091801001003,GBIME,28,38,545.0,227.0,123715.0,2025-09-18
2025091804001343,UPCL,57,17,200.0,378.0,75600.0,2025-09-18
2025091804001342,GHL,25,59,500.0,202.0,101000.0,2025-09-18
2025091804001341,GHL,39,59,500.0,203.0,101500.0,2025-09-18
2025091805001406,HRL,22,34,15.0,878.0,13170.0,2025-09-18
2025091803000666,KSBBL,42,49,30.0,510.0,15300.0,2025-09-18
2025091803000665,KSBBL,42,58,20.0,502.0,10040.0,2025-09-18
2025091804001340,UPPER,56,56,190.0,170.0,32300.0,2025-09-18
2025091804001339,UPPER,48,56,200.0,170.0,34000.0,2025-09-18
2025091804001338,UPPER,62,56,10.0,170.0,1700.0,2025-09-18
2025091804001337,UPPER,39,56,100.0,170.0,17000.0,2025-09-18
2025091804001336,SHPC,47,17,35.0,498.0,17430.0,2025-09-18
2025091805001405,DORDI,25,49,10.0,220.0,2200.0,2025-09-18
2025091801001002,PCBL,44,56,1780.0,234.2,416876.0,2025-09-18
2025091801001001,PRVU,59,45,92.0,189.8,17461.6,2025-09-18
2025091801001000,PRVU,51,45,1000.0,190.1,190100.0,2025-09-18
2025091801000999,PRVU,7,45,1308.0,193.0,252444.0,2025-09-18
2025091801000998,HIMSTAR,64,35,10.0,473.5,4735.0,2025-09-18
2025091805001404,CHDC,60,32,250.0,2251.0,562750.0,2025-09-18
2025091805001403,NIFRA,58,11,54.0,252.0,13608.0,2025-09-18
2025091801000997,ADBL,54,58,40.0,293.0,11720.0,2025-09-18
2025091801000996,LSL,45,25,122.0,215.0,26230.0,2025-09-18
2025091803000664,MFIL,11,48,148.0,621.0,91908.0,2025-09-18
2025091804001335,AKJCL,1,26,33.0,178.5,5890.5,2025-09-18
2025091805001402,BBC,56,34,10.0,4850.0,48500.0,2025-09-18
2025091805001401,MBJC,6,55,90.0,284.3,25587.0,2025-09-18
2025091805001400,SANVI,25,90,30.0,555.0,16650.0,2025-09-18
2025091801000995,GBIME,58,33,2000.0,228.0,456000.0,2025-09-18
2025091801000994,HBL,14,42,10.0,188.9,1889.0,2025-09-18
2025091803000663,NLIC,57,17,50.0,710.0,35500.0,2025-09-18
2025091803000662,SADBL,42,41,100.0,385.0,38500.0,2025-09-18
2025091803000661,NLICL,34,53,100.0,557.0,55700.0,2025-09-18
2025091805001399,RHGCL,25,41,38.0,250.4,9515.2,2025-09-18
2025091805001398,NTC,54,18,20.0,765.0,15300.0,2025-09-18
2025091801000993,ADBL,75,8,10.0,295.0,2950.0,2025-09-18
2025091805001397,CLI,34,58,18.0,420.0,7560.0,2025-09-18
2025091805001396,CLI,34,57,12.0,419.5,5034.0,2025-09-18
2025091804001334,NGPL,34,58,1344.0,383.2,515020.8,2025-09-18
2025091804001333,NGPL,34,58,250.0,383.1,95775.0,2025-09-18
2025091804001332,NGPL,34,32,100.0,383.0,38300.0,2025-09-18
2025091804001331,NGPL,34,26,879.0,380.0,334020.0,2025-09-18
2025091804001330,NGPL,34,44,1000.0,376.3,376300.0,2025-09-18
2025091804001329,NGPL,34,75,427.0,375.6,160381.2,2025-09-18
2025091804001328,NGPL,34,60,1000.0,370.0,370000.0,2025-09-18
2025091804001327,DHPL,59,38,10.0,278.0,2780.0,2025-09-18
2025091804001326,SHEL,95,49,100.0,280.0,28000.0,2025-09-18
2025091804001325,SHEL,95,34,200.0,279.2,55840.0,2025-09-18
2025091804001324,SHEL,95,14,200.0,279.0,55800.0,2025-09-18
2025091804001323,HDHPC,13,49,191.0,166.6,31820.6,2025-09-18
2025091803000660,CBBL,25,43,50.0,916.3,45815.0,2025-09-18
2025091803000659,CBBL,22,43,50.0,932.0,46600.0,2025-09-18
2025091803000658,CBBL,25,43,50.0,932.0,46600.0,2025-09-18
2025091803000657,CBBL,58,43,64.0,935.0,59840.0,2025-09-18
2025091803000656,SADBL,42,58,67.0,385.0,25795.0,2025-09-18
2025091804001322,RADHI,53,65,100.0,703.0,70300.0,2025-09-18
2025091805001395,HDL,44,45,100.0,1300.0,130000.0,2025-09-18
2025091805001394,SHIVM,3,33,325.0,525.0,170625.0,2025-09-18
2025091805001393,SHIVM,38,57,71.0,524.0,37204.0,2025-09-18
2025091805001392,SHIVM,45,57,129.0,524.0,67596.0,2025-09-18
2025091805001391,SHIVM,67,57,100.0,524.1,52410.0,2025-09-18
2025091803000655,KSBBL,59,62,1000.0,490.0,490000.0,2025-09-18
2025091805001390,DORDI,25,41,500.0,220.0,110000.0,2025-09-18
2025091804001321,NGPL,13,58,150.0,361.0,54150.0,2025-09-18
2025091805001389,SANVI,25,28,10.0,555.0,5550.0,2025-09-18
2025091801000992,SANIMA,4,56,500.0,343.8,171900.0,2025-09-18
2025091805001388,SHIVM,13,33,75.0,525.2,39390.0,2025-09-18
2025091801000991,KBL,58,58,984.0,182.0,179088.0,2025-09-18
2025091805001387,BBC,99,52,10.0,4945.5,49455.0,2025-09-18
2025091801000990,BHCL,57,84,10.0,432.1,4321.0,2025-09-18
2025091804001320,JOSHI,36,74,16.0,261.3,4180.8,2025-09-18
2025091803000654,LBBL,99,46,500.0,484.0,242000.0,2025-09-18
2025091801000989,BHCL,57,48,10.0,432.1,4321.0,2025-09-18
2025091803000653,NLIC,57,62,50.0,710.0,35500.0,2025-09-18
2025091801000988,PCBL,45,56,720.0,234.2,168624.0,2025-09-18
2025091801000987,PCBL,13,56,500.0,234.3,117150.0,2025-09-18
2025091801000986,HBL,14,42,10.0,188.9,1889.0,2025-09-18
2025091801000985,HBL,14,42,10.0,188.9,1889.0,2025-09-18
2025091801000984,HBL,14,26,10.0,188.9,1889.0,2025-09-18
2025091801000983,HBL,14,52,10.0,188.9,1889.0,2025-09-18
2025091801000982,HBL,14,32,218.0,188.9,41180.2,2025-09-18
2025091801000981,NICA,41,17,20.0,308.7,6174.0,2025-09-18
2025091804001319,NLG,91,58,50.0,720.0,36000.0,2025-09-18
2025091801000980,EBL,8,42,100.0,669.0,66900.0,2025-09-18
2025091804001318,SHPC,39,17,400.0,498.0,199200.0,2025-09-18
2025091804001317,SICL,8,58,10.0,680.0,6800.0,2025-09-18
2025091804001316,HDHPC,16,42,100.0,167.0,16700.0,2025-09-18
2025091801000979,KBL,58,59,500.0,182.0,91000.0,2025-09-18
2025091805001386,SAHAS,17,43,100.0,589.0,58900.0,2025-09-18
2025091803000652,HLI,33,49,12.0,364.0,4368.0,2025-09-18
2025091803000651,SJLIC,26,28,200.0,396.0,79200.0,2025-09-18
2025091803000650,CBBL,58,56,50.0,935.0,46750.0,2025-09-18
2025091803000649,CBBL,49,56,100.0,940.0,94000.0,2025-09-18
2025091803000648,CBBL,18,56,50.0,950.0,47500.0,2025-09-18
2025091805001385,SAHAS,42,36,60.0,585.0,35100.0,2025-09-18
2025091805001384,SAHAS,3,36,500.0,585.1,292550.0,2025-09-18
2025091801000978,GBIME,28,28,802.0,227.0,182054.0,2025-09-18
2025091801000977,HBL,47,32,80.0,188.9,15112.0,2025-09-18
2025091801000976,HBL,47,58,10.0,188.9,1889.0,2025-09-18
2025091801000975,HBL,47,29,10.0,188.0,1880.0,2025-09-18
2025091801000974,EBL,57,19,336.0,667.0,224112.0,2025-09-18
2025091801000973,EBL,29,19,200.0,667.1,133420.0,2025-09-18
2025091805001383,HRL,53,34,141.0,878.0,123798.0,2025-09-18
2025091805001382,HRL,53,42,359.0,878.0,315202.0,2025-09-18
2025091805001381,NIFRA,25,22,44.0,251.0,11044.0,2025-09-18
2025091801000972,TTL,32,38,10.0,693.0,6930.0,2025-09-18
2025091804001315,RIDI,65,13,72.0,211.0,15192.0,2025-09-18
2025091804001314,BARUN,34,34,100.0,299.0,29900.0,2025-09-18
2025091803000647,SAPDBL,57,28,100.0,703.9,70390.0,2025-09-18
2025091805001380,NYADI,34,58,10.0,392.0,3920.0,2025-09-18
2025091805001379,NYADI,34,25,200.0,391.7,78340.0,2025-09-18
2025091801000971,SANIMA,4,46,1200.0,343.8,412560.0,2025-09-18
2025091804001313,UPCL,7,58,100.0,376.0,37600.0,2025-09-18
2025091801000970,GBIME,28,42,300.0,227.0,68100.0,2025-09-18
2025091801000969,HBL,53,36,10.0,186.5,1865.0,2025-09-18
2025091801000968,HBL,53,4,10.0,186.5,1865.0,2025-09-18
2025091801000967,SANIMA,4,51,246.0,343.8,84574.8,2025-09-18
2025091801000966,NICA,11,39,18.0,315.0,5670.0,2025-09-18
2025091801000965,BHCL,57,39,10.0,432.1,4321.0,2025-09-18
2025091804001312,HDHPC,42,42,400.0,167.0,66800.0,2025-09-18
2025091801000964,NMIC,44,58,10.0,1080.0,10800.0,2025-09-18
2025091801000963,NMIC,41,58,10.0,1080.0,10800.0,2025-09-18
2025091801000962,TTL,32,45,30.0,693.0,20790.0,2025-09-18
2025091805001378,SHIVM,45,84,155.0,524.0,81220.0,2025-09-18
2025091805001377,SHIVM,39,84,300.0,525.0,157500.0,2025-09-18
2025091805001376,SHIVM,57,84,100.0,525.0,52500.0,2025-09-18
2025091805001375,SHIVM,25,84,359.0,525.0,188475.0,2025-09-18
2025091801000961,HIDCLP,20,19,200.0,179.0,35800.0,2025-09-18
2025091801000960,TTL,16,38,150.0,695.0,104250.0,2025-09-18
2025091805001374,CIT,19,38,50.0,1790.0,89500.0,2025-09-18
2025091801000959,KBL,58,72,12000.0,182.0,2184000.0,2025-09-18
2025091803000646,MNBBL,58,46,60.0,427.0,25620.0,2025-09-18
2025091803000645,MNBBL,58,14,140.0,427.0,59780.0,2025-09-18
2025091801000958,OMPL,22,34,10.0,1166.6,11666.0,2025-09-18
2025091804001311,API,55,41,220.0,260.1,57222.0,2025-09-18
2025091804001310,API,48,41,500.0,260.2,130100.0,2025-09-18
2025091804001309,API,64,41,200.0,260.3,52060.0,2025-09-18
2025091804001308,API,71,41,80.0,261.0,20880.0,2025-09-18
2025091805001373,HDL,70,41,500.0,1296.0,648000.0,2025-09-18
2025091805001372,NRN,36,58,11.0,1837.0,20207.0,2025-09-18
2025091801000957,TTL,32,57,10.0,693.0,6930.0,2025-09-18
2025091805001371,HDL,34,45,59.0,1300.0,76700.0,2025-09-18
2025091805001370,HDL,34,25,200.0,1300.0,260000.0,2025-09-18
2025091805001369,HDL,34,49,11.0,1300.0,14300.0,2025-09-18
2025091805001368,HDL,34,58,30.0,1300.0,39000.0,2025-09-18
2025091805001367,HDL,34,77,70.0,1299.0,90930.0,2025-09-18
2025091804001307,SHEL,45,48,1000.0,275.1,275100.0,2025-09-18
2025091804001306,SHEL,45,41,300.0,275.1,82530.0,2025-09-18
2025091803000644,SHINE,57,45,103.0,390.0,40170.0,2025-09-18
2025091801000956,CREST,14,49,10.0,1005.3,10053.0,2025-09-18
2025091801000955,CREST,14,66,90.0,1005.3,90477.0,2025-09-18
2025091805001366,BHL,50,45,107.0,173.0,18511.0,2025-09-18
2025091805001365,BHL,50,32,700.0,170.0,119000.0,2025-09-18
2025091805001364,BHL,50,47,2000.0,170.0,340000.0,2025-09-18
2025091805001363,BHL,50,25,193.0,170.0,32810.0,2025-09-18
2025091803000643,NICLBSL,45,35,10.0,542.0,5420.0,2025-09-18
2025091805001362,MHL,8,41,10.0,460.8,4608.0,2025-09-18
2025091805001361,MHL,62,41,10.0,465.0,4650.0,2025-09-18
2025091805001360,HDL,70,39,200.0,1296.0,259200.0,2025-09-18
2025091803000642,FMDBL,67,49,360.0,785.0,282600.0,2025-09-18
2025091803000641,FMDBL,67,25,50.0,779.0,38950.0,2025-09-18
2025091803000640,FMDBL,67,16,90.0,777.0,69930.0,2025-09-18
2025091803000639,FMDBL,67,90,500.0,775.0,387500.0,2025-09-18
2025091805001359,NRIC,62,61,100.0,1468.7,146870.0,2025-09-18
2025091804001305,OHL,34,5,90.0,714.9,64341.0,2025-09-18
2025091805001358,NIFRA,25,42,2250.0,251.0,564750.0,2025-09-18
2025091805001357,NIFRA,53,42,1000.0,252.0,252000.0,2025-09-18
2025091805001356,HIDCL,41,34,40.0,250.0,10000.0,2025-09-18
2025091805001355,HIDCL,41,92,95.0,250.0,23750.0,2025-09-18
2025091804001304,API,71,55,250.0,261.0,65250.0,2025-09-18
2025091804001303,API,71,58,170.0,261.0,44370.0,2025-09-18
2025091801000954,SNLI,48,8,11.0,427.4,4701.4,2025-09-18
2025091805001354,SHIVM,77,39,100.0,530.0,53000.0,2025-09-18
2025091804001302,KPCL,99,55,200.0,491.4,98280.0,2025-09-18
2025091805001353,HIDCL,55,36,48.0,246.5,11832.0,2025-09-18
2025091805001352,HIDCL,55,36,690.0,246.5,170085.0,2025-09-18
2025091803000638,SKBBL,44,17,50.0,814.5,40725.0,2025-09-18
2025091804001301,SICL,8,59,30.0,680.0,20400.0,2025-09-18
2025091804001300,UPPER,91,58,495.0,170.0,84150.0,2025-09-18
2025091804001299,UMHL,62,22,69.0,550.0,37950.0,2025-09-18
2025091804001298,UMHL,62,43,30.0,550.0,16500.0,2025-09-18
2025091804001297,UMHL,62,42,181.0,542.1,98120.1,2025-09-18
2025091804001296,UMHL,62,86,400.0,542.0,216800.0,2025-09-18
2025091804001295,UMHL,62,61,500.0,541.0,270500.0,2025-09-18
2025091804001294,UMHL,62,48,20.0,539.2,10784.0,2025-09-18
2025091805001351,NIFRA,6,43,500.0,251.0,125500.0,2025-09-18
2025091805001350,SGHC,16,33,50.0,329.6,16480.0,2025-09-18
2025091801000953,TTL,6,38,40.0,695.0,27800.0,2025-09-18
2025091801000952,TTL,6,41,10.0,695.0,6950.0,2025-09-18
2025091801000951,TTL,6,50,40.0,695.0,27800.0,2025-09-18
2025091801000950,TTL,32,49,10.0,693.0,6930.0,2025-09-18
2025091804001293,SHEL,45,63,450.0,275.1,123795.0,2025-09-18
2025091804001292,SHEL,45,63,50.0,275.1,13755.0,2025-09-18
2025091801000949,CREST,3,66,10.0,1005.3,10053.0,2025-09-18
2025091803000637,MNBBL,94,28,100.0,425.1,42510.0,2025-09-18
2025091804001291,HDHPC,42,42,20.0,167.0,3340.0,2025-09-18
2025091804001290,SHEL,45,45,100.0,275.1,27510.0,2025-09-18
2025091804001289,KPCL,32,55,10.0,491.4,4914.0,2025-09-18
2025091801000948,TTL,32,57,10.0,693.0,6930.0,2025-09-18
2025091805001349,SHIVM,25,45,21.0,525.0,11025.0,2025-09-18
2025091805001348,SHIVM,22,45,933.0,525.1,489918.3,2025-09-18
2025091805001347,BHL,49,58,40.0,169.0,6760.0,2025-09-18
2025091801000947,TTL,55,50,100.0,695.0,69500.0,2025-09-18
2025091803000636,BFC,17,43,20.0,438.0,8760.0,2025-09-18
2025091804001288,SALICO,6,17,10.0,653.2,6532.0,2025-09-18
2025091804001287,UAIL,58,19,50.0,463.1,23155.0,2025-09-18
2025091804001286,AHPC,49,87,20.0,271.0,5420.0,2025-09-18
2025091801000946,HBL,53,58,10.0,186.5,1865.0,2025-09-18
2025091803000635,JBBL,34,49,100.0,304.0,30400.0,2025-09-18
2025091801000945,TTL,32,4,10.0,693.0,6930.0,2025-09-18
2025091805001346,HDL,70,58,183.0,1296.0,237168.0,2025-09-18
2025091805001345,MKJC,39,21,127.0,550.0,69850.0,2025-09-18
2025091803000634,SINDU,58,58,145.0,633.9,91915.5,2025-09-18
2025091801000944,NIMB,50,1,217.0,191.0,41447.0,2025-09-18
2025091801000943,NIMB,77,1,250.0,193.0,48250.0,2025-09-18
2025091801000942,NIMB,57,1,171.0,193.0,33003.0,2025-09-18
2025091801000941,HBL,53,58,10.0,186.5,1865.0,2025-09-18
2025091805001344,HIDCL,53,67,500.0,246.0,123000.0,2025-09-18
2025091805001343,RHGCL,25,41,100.0,250.4,25040.0,2025-09-18
2025091804001285,UPCL,7,7,100.0,376.0,37600.0,2025-09-18
2025091804001284,CHCL,41,46,24.0,465.1,11162.4,2025-09-18
2025091804001283,NGPL,34,81,1250.0,360.0,450000.0,2025-09-18
2025091804001282,NGPL,14,81,500.0,360.2,180100.0,2025-09-18
2025091804001281,NGPL,5,81,100.0,360.2,36020.0,2025-09-18
2025091804001280,NGPL,94,81,150.0,361.0,54150.0,2025-09-18
2025091801000940,PRVU,7,46,254.0,193.0,49022.0,2025-09-18
2025091801000939,PRVU,48,46,446.0,193.1,86122.6,2025-09-18
2025091801000938,HIDCLP,14,4,200.0,177.0,35400.0,2025-09-18
2025091801000937,LSL,11,57,100.0,215.1,21510.0,2025-09-18
2025091805001342,CHDC,36,32,100.0,2251.0,225100.0,2025-09-18
2025091804001279,UPCL,7,19,70.0,376.0,26320.0,2025-09-18
2025091804001278,SHL,34,13,500.0,502.3,251150.0,2025-09-18
2025091803000633,NICLBSL,45,38,50.0,542.0,27100.0,2025-09-18
2025091801000936,HBL,53,48,500.0,186.5,93250.0,2025-09-18
2025091804001277,UPCL,7,42,830.0,376.0,312080.0,2025-09-18
2025091805001341,BHL,62,25,10.0,170.0,1700.0,2025-09-18
2025091804001276,UNHPL,32,35,1080.0,428.3,462564.0,2025-09-18
2025091804001275,UNHPL,61,35,802.0,429.0,344058.0,2025-09-18
2025091804001274,UNHPL,62,35,263.0,430.0,113090.0,2025-09-18
2025091804001273,NGPL,94,48,700.0,361.0,252700.0,2025-09-18
2025091801000935,TTL,54,38,89.0,695.0,61855.0,2025-09-18
2025091801000934,TTL,54,42,10.0,694.0,6940.0,2025-09-18
2025091804001272,UPPER,91,59,1670.0,170.0,283900.0,2025-09-18
2025091805001340,SONA,49,48,167.0,415.0,69305.0,2025-09-18
2025091801000933,NESDO,1,58,11.0,1428.1,15709.1,2025-09-18
2025091805001339,BHL,17,25,600.0,170.0,102000.0,2025-09-18
2025091801000932,JBLB,61,32,30.0,1325.0,39750.0,2025-09-18
2025091803000632,LBBL,99,60,105.0,482.1,50620.5,2025-09-18
2025091803000631,LBBL,99,44,200.0,475.0,95000.0,2025-09-18
2025091803000630,LBBL,99,44,30.0,475.0,14250.0,2025-09-18
2025091803000629,GUFL,18,49,15.0,475.0,7125.0,2025-09-18
2025091804001271,LEC,1,58,1000.0,198.0,198000.0,2025-09-18
2025091803000628,SADBL,33,58,300.0,385.0,115500.0,2025-09-18
2025091803000627,SADBL,58,58,330.0,386.0,127380.0,2025-09-18
2025091801000931,HBL,53,58,10.0,186.5,1865.0,2025-09-18
2025091805001338,SPC,50,11,13.0,488.9,6355.7,2025-09-18
2025091804001270,NGPL,94,11,150.0,360.1,54015.0,2025-09-18
2025091805001337,SANVI,25,32,10.0,555.0,5550.0,2025-09-18
2025091805001336,SAHAS,3,32,100.0,585.1,58510.0,2025-09-18
2025091805001335,CIT,11,38,40.0,1790.0,71600.0,2025-09-18
2025091801000930,HBL,53,28,10.0,186.5,1865.0,2025-09-18
2025091803000626,KSBBL,59,49,10.0,490.0,4900.0,2025-09-18
2025091801000929,EBL,101,35,100.0,670.0,67000.0,2025-09-18
2025091801000928,EBL,101,35,30.0,670.0,20100.0,2025-09-18
2025091801000927,EBL,101,16,20.0,669.0,13380.0,2025-09-18
2025091805001334,SAHAS,36,43,300.0,589.0,176700.0,2025-09-18
2025091801000926,NIMB,57,58,329.0,193.0,63497.0,2025-09-18
2025091801000925,SBL,40,17,229.0,357.7,81913.3,2025-09-18
2025091801000924,SBL,40,16,500.0,357.0,178500.0,2025-09-18
2025091801000923,SBL,40,56,200.0,355.0,71000.0,2025-09-18
2025091801000922,SBL,40,50,71.0,350.1,24857.1,2025-09-18
2025091803000625,SAPDBL,58,38,19.0,704.0,13376.0,2025-09-18
2025091803000624,SAPDBL,58,45,10.0,704.0,7040.0,2025-09-18
2025091804001269,UAIL,16,48,33.0,463.2,15285.6,2025-09-18
2025091801000921,PRVU,48,21,54.0,193.1,10427.4,2025-09-18
2025091801000920,PRVU,25,21,452.0,193.5,87462.0,2025-09-18
2025091804001268,HDHPC,13,91,502.0,166.6,83633.2,2025-09-18
2025091804001267,HDHPC,25,91,100.0,166.7,16670.0,2025-09-18
2025091805001333,SONA,25,48,100.0,415.0,41500.0,2025-09-18
2025091804001266,UNHPL,13,62,830.0,431.0,357730.0,2025-09-18
2025091804001265,UNHPL,13,45,170.0,430.1,73117.0,2025-09-18
2025091803000623,KSBBL,59,49,248.0,490.0,121520.0,2025-09-18
2025091803000622,BFC,17,45,50.0,438.0,21900.0,2025-09-18
2025091801000919,NIMB,50,3,1000.0,191.0,191000.0,2025-09-18
2025091803000621,LBBL,60,44,27.0,475.0,12825.0,2025-09-18
2025091805001332,NRN,81,45,110.0,1835.3,201883.0,2025-09-18
2025091801000918,SARBTM,52,56,50.0,830.0,41500.0,2025-09-18
2025091805001331,CHDC,44,32,50.0,2251.0,112550.0,2025-09-18
2025091803000620,KSBBL,5,4,300.0,493.1,147930.0,2025-09-18
2025091801000917,SIGS3,32,19,10000.0,9.2,92000.0,2025-09-18
2025091804001264,NGPL,49,54,15.0,362.0,5430.0,2025-09-18
2025091804001263,API,6,49,500.0,260.5,130250.0,2025-09-18
2025091803000619,NLIC,8,48,65.0,705.0,45825.0,2025-09-18
2025091803000618,NLIC,4,48,35.0,710.7,24874.5,2025-09-18
2025091805001330,CIT,21,54,25.0,1785.0,44625.0,2025-09-18
2025091805001329,SAHAS,3,52,100.0,585.1,58510.0,2025-09-18
2025091805001328,SAHAS,48,52,400.0,585.1,234040.0,2025-09-18
2025091804001262,NGPL,34,26,920.0,360.0,331200.0,2025-09-18
2025091804001261,NGPL,62,26,80.0,361.0,28880.0,2025-09-18
2025091804001260,UPPER,91,64,300.0,170.0,51000.0,2025-09-18
2025091804001259,UPPER,26,64,100.0,170.1,17010.0,2025-09-18
2025091803000617,MFIL,11,49,52.0,621.0,32292.0,2025-09-18
2025091803000616,MFIL,55,49,300.0,621.0,186300.0,2025-09-18
2025091805001327,SHIVM,22,47,67.0,525.0,35175.0,2025-09-18
2025091804001258,BPCL,26,26,20.0,725.0,14500.0,2025-09-18
2025091801000916,HIDCLP,48,19,150.0,179.0,26850.0,2025-09-18
2025091804001257,SHPC,41,17,500.0,498.0,249000.0,2025-09-18
2025091804001256,UPCL,91,42,500.0,376.0,188000.0,2025-09-18
2025091803000615,SJLIC,45,16,270.0,401.6,108432.0,2025-09-18
2025091803000614,SJLIC,45,56,190.0,400.0,76000.0,2025-09-18
2025091803000613,SJLIC,45,38,10.0,400.0,4000.0,2025-09-18
2025091803000612,SJLIC,45,39,80.0,399.0,31920.0,2025-09-18
2025091805001326,NRN,26,38,11.0,1835.1,20186.1,2025-09-18
2025091805001325,NRN,58,38,489.0,1836.0,897804.0,2025-09-18
2025091805001324,SHIVM,41,47,83.0,525.0,43575.0,2025-09-18
2025091805001323,SHIVM,41,94,117.0,525.0,61425.0,2025-09-18
2025091805001322,HIDCL,53,48,300.0,246.0,73800.0,2025-09-18
2025091804001255,NGPL,62,58,100.0,361.0,36100.0,2025-09-18
2025091804001254,NGPL,62,54,20.0,360.2,7204.0,2025-09-18
2025091804001253,MEN,38,58,67.0,590.1,39536.7,2025-09-18
2025091804001252,CGH,91,69,10.0,927.1,9271.0,2025-09-18
2025091805001321,ILI,13,59,180.0,418.4,75312.0,2025-09-18
2025091801000915,SBL,50,50,929.0,350.1,325242.9,2025-09-18
2025091801000914,SBL,50,40,50.0,350.0,17500.0,2025-09-18
2025091801000913,SBL,50,44,21.0,346.0,7266.0,2025-09-18
2025091803000611,BFC,17,49,15.0,438.0,6570.0,2025-09-18
2025091805001320,SHIVM,48,94,883.0,525.0,463575.0,2025-09-18
2025091805001319,SHIVM,48,58,117.0,525.0,61425.0,2025-09-18
2025091803000610,ICFC,46,21,140.0,634.6,88844.0,2025-09-18
2025091803000609,ICFC,46,58,60.0,634.6,38076.0,2025-09-18
2025091804001251,CHCL,19,46,50.0,465.1,23255.0,2025-09-18
2025091801000912,HIDCLP,57,19,60.0,179.0,10740.0,2025-09-18
2025091801000911,NIMB,32,50,200.0,191.5,38300.0,2025-09-18
2025091801000910,HIDCLP,57,19,240.0,179.0,42960.0,2025-09-18
2025091801000909,HIDCLP,43,19,60.0,180.0,10800.0,2025-09-18
2025091805001318,SAHAS,48,34,600.0,585.1,351060.0,2025-09-18
2025091801000908,BHCL,57,21,10.0,432.1,4321.0,2025-09-18
2025091804001250,PPCL,42,67,10.0,308.9,3089.0,2025-09-18
2025091805001317,CIT,45,38,20.0,1790.0,35800.0,2025-09-18
2025091801000907,HIDCLP,43,4,300.0,180.0,54000.0,2025-09-18
2025091805001316,HDL,32,77,50.0,1299.0,64950.0,2025-09-18
2025091805001315,SPC,50,7,10.0,488.9,4889.0,2025-09-18
2025091804001249,API,14,45,25.0,264.0,6600.0,2025-09-18
2025091803000608,EDBL,58,32,82.0,588.0,48216.0,2025-09-18
2025091803000607,EDBL,33,32,204.0,588.0,119952.0,2025-09-18
2025091803000606,EDBL,25,32,14.0,588.0,8232.0,2025-09-18
2025091801000906,SBL,50,58,35.0,345.0,12075.0,2025-09-18
2025091801000905,SRLI,58,45,10.0,363.9,3639.0,2025-09-18
2025091804001248,UNHPL,62,34,100.0,430.0,43000.0,2025-09-18
2025091804001247,UNHPL,62,4,37.0,430.0,15910.0,2025-09-18
2025091801000904,NIMB,17,58,250.0,193.0,48250.0,2025-09-18
2025091801000903,NIMB,17,62,50.0,193.0,9650.0,2025-09-18
2025091805001314,NRIC,90,61,30.0,1468.7,44061.0,2025-09-18
2025091801000902,KBL,29,35,150.0,181.0,27150.0,2025-09-18
2025091801000901,HBL,53,58,10.0,186.5,1865.0,2025-09-18
2025091801000900,GBIME,25,51,641.0,226.3,145058.3,2025-09-18
2025091803000605,LICN,40,58,50.0,810.0,40500.0,2025-09-18
2025091801000899,EBL,57,54,125.0,667.0,83375.0,2025-09-18
2025091805001313,HDL,62,50,50.0,1295.0,64750.0,2025-09-18
2025091805001312,HDL,16,50,50.0,1295.1,64755.0,2025-09-18
2025091804001246,UPPER,91,7,740.0,170.0,125800.0,2025-09-18
2025091804001245,UPPER,13,7,160.0,170.2,27232.0,2025-09-18
2025091804001244,UPPER,56,7,100.0,171.0,17100.0,2025-09-18
2025091804001243,NGPL,34,39,813.0,360.0,292680.0,2025-09-18
2025091804001242,NGPL,5,39,187.0,360.1,67338.7,2025-09-18
2025091801000898,NICA,58,39,85.0,315.0,26775.0,2025-09-18
2025091801000897,NICA,58,11,50.0,315.0,15750.0,2025-09-18
2025091804001241,AKPL,3,41,134.0,233.0,31222.0,2025-09-18
2025091804001240,AKPL,3,45,66.0,233.0,15378.0,2025-09-18
2025091801000896,HIDCLP,43,41,500.0,180.0,90000.0,2025-09-18
2025091804001239,KPCL,45,57,350.0,501.4,175490.0,2025-09-18
2025091804001238,AKJCL,1,58,465.0,178.5,83002.5,2025-09-18
2025091804001237,AKJCL,4,58,90.0,180.0,16200.0,2025-09-18
2025091801000895,NIMB,32,62,200.0,191.5,38300.0,2025-09-18
2025091804001236,AKPL,36,39,260.0,232.0,60320.0,2025-09-18
2025091801000894,CREST,58,58,30.0,1005.3,30159.0,2025-09-18
2025091804001235,UPCL,48,42,170.0,376.0,63920.0,2025-09-18
2025091801000893,PRVU,25,42,48.0,193.5,9288.0,2025-09-18
2025091804001234,GHL,25,41,100.0,202.0,20200.0,2025-09-18
2025091801000892,HBL,53,58,10.0,186.5,1865.0,2025-09-18
2025091805001311,DORDI,25,28,100.0,220.0,22000.0,2025-09-18
2025091804001233,NHPC,62,25,100.0,185.5,18550.0,2025-09-18
2025091804001232,UNHPL,62,28,100.0,430.0,43000.0,2025-09-18
2025091803000604,HLI,94,42,478.0,365.0,174470.0,2025-09-18
2025091803000603,KSBBL,59,42,10.0,487.2,4872.0,2025-09-18
2025091804001231,CHCL,32,46,200.0,465.2,93040.0,2025-09-18
2025091804001230,UPPER,13,49,140.0,170.1,23814.0,2025-09-18
2025091803000602,NICLBSL,45,14,20.0,542.0,10840.0,2025-09-18
2025091804001229,GHL,25,21,900.0,202.0,181800.0,2025-09-18
2025091801000891,GBIME,22,49,20.0,226.2,4524.0,2025-09-18
2025091804001228,AKPL,1,91,335.0,231.0,77385.0,2025-09-18
2025091804001227,AKPL,3,91,165.0,231.0,38115.0,2025-09-18
2025091801000890,GBIME,41,25,500.0,226.5,113250.0,2025-09-18
2025091803000601,SINDU,58,4,15.0,633.9,9508.5,2025-09-18
2025091805001310,ULHC,1,45,10.0,437.0,4370.0,2025-09-18
2025091805001309,BHL,57,25,500.0,170.0,85000.0,2025-09-18
2025091804001226,UPPER,91,22,100.0,170.0,17000.0,2025-09-18
2025091804001225,UPCL,37,42,200.0,376.0,75200.0,2025-09-18
2025091805001308,HDL,19,8,28.0,1299.0,36372.0,2025-09-18
2025091805001307,HDL,19,58,20.0,1299.0,25980.0,2025-09-18
2025091801000889,NICA,19,11,10.0,315.0,3150.0,2025-09-18
2025091805001306,NRIC,48,61,200.0,1468.7,293740.0,2025-09-18
2025091801000888,TTL,32,49,10.0,693.0,6930.0,2025-09-18
2025091801000887,KBL,58,16,335.0,180.0,60300.0,2025-09-18
2025091805001305,CHDC,89,39,50.0,2245.0,112250.0,2025-09-18
2025091805001304,SHIVM,57,58,150.0,525.0,78750.0,2025-09-18
2025091804001224,UNHPL,61,41,500.0,429.0,214500.0,2025-09-18
2025091804001223,SHEL,45,45,100.0,275.0,27500.0,2025-09-18
2025091804001222,SHEL,45,42,1535.0,275.0,422125.0,2025-09-18
2025091804001221,SHEL,45,57,500.0,275.0,137500.0,2025-09-18
2025091804001220,SHEL,45,86,144.0,275.0,39600.0,2025-09-18
2025091804001219,SHEL,34,86,56.0,275.0,15400.0,2025-09-18
2025091804001218,SHEL,34,36,50.0,272.1,13605.0,2025-09-18
2025091804001217,SHEL,34,54,44.0,272.0,11968.0,2025-09-18
2025091804001216,NGPL,49,54,50.0,360.2,18010.0,2025-09-18
2025091805001303,NRN,58,44,11.0,1836.0,20196.0,2025-09-18
2025091801000886,LSL,26,28,119.0,213.0,25347.0,2025-09-18
2025091801000885,LSL,41,28,300.0,213.0,63900.0,2025-09-18
2025091801000884,LSL,45,28,50.0,213.1,10655.0,2025-09-18
2025091801000883,LSL,39,28,167.0,215.0,35905.0,2025-09-18
2025091801000882,SANIMA,4,36,30.0,343.8,10314.0,2025-09-18
2025091804001215,AHPC,43,87,70.0,271.1,18977.0,2025-09-18
2025091804001214,SHEL,14,54,200.0,272.0,54400.0,2025-09-18
2025091804001213,UNHPL,61,57,500.0,429.0,214500.0,2025-09-18
2025091801000881,HBL,45,58,10.0,188.9,1889.0,2025-09-18
2025091801000880,HBL,45,58,10.0,188.9,1889.0,2025-09-18
2025091801000879,HBL,45,13,10.0,188.9,1889.0,2025-09-18
2025091801000878,HBL,45,62,10.0,188.8,1888.0,2025-09-18
2025091801000877,HBL,45,57,10.0,188.0,1880.0,2025-09-18
2025091801000876,SANIMA,4,46,900.0,343.8,309420.0,2025-09-18
2025091805001302,SPC,50,34,100.0,488.9,48890.0,2025-09-18
2025091805001301,SPC,50,6,200.0,488.9,97780.0,2025-09-18
2025091801000875,SCB,88,54,218.0,607.0,132326.0,2025-09-18
2025091801000874,ADBL,54,100,100.0,293.0,29300.0,2025-09-18
2025091804001212,SHEL,33,10,1575.0,271.9,428242.5,2025-09-18
2025091804001211,SHEL,7,10,200.0,271.9,54380.0,2025-09-18
2025091804001210,SHEL,68,10,225.0,271.9,61177.5,2025-09-18
2025091803000600,SKBBL,44,17,30.0,814.5,24435.0,2025-09-18
2025091803000599,SLBBL,50,34,10.0,892.2,8922.0,2025-09-18
2025091803000598,SLBBL,50,34,10.0,892.0,8920.0,2025-09-18
2025091803000597,SLBBL,50,58,10.0,892.0,8920.0,2025-09-18
2025091803000596,LBBL,60,19,26.0,475.0,12350.0,2025-09-18
2025091801000873,NIMB,32,42,100.0,191.5,19150.0,2025-09-18
2025091801000872,TTL,32,50,10.0,693.0,6930.0,2025-09-18
2025091805001300,CLI,16,58,300.0,420.0,126000.0,2025-09-18
2025091805001299,CLI,48,58,20.0,425.1,8502.0,2025-09-18
2025091805001298,CLI,19,58,10.0,428.0,4280.0,2025-09-18
2025091804001209,IGI,42,19,100.0,480.5,48050.0,2025-09-18
2025091801000871,EBL,57,58,100.0,667.0,66700.0,2025-09-18
2025091804001208,AHPC,43,58,30.0,271.1,8133.0,2025-09-18
2025091804001207,NGPL,5,26,813.0,360.1,292761.3,2025-09-18
2025091804001206,NGPL,1,26,187.0,360.1,67338.7,2025-09-18
2025091804001205,UPPER,32,49,200.0,170.1,34020.0,2025-09-18
2025091805001297,CHDC,89,7,188.0,2245.0,422060.0,2025-09-18
2025091805001296,CHDC,21,7,124.0,2245.0,278380.0,2025-09-18
2025091805001295,CHDC,50,7,188.0,2245.0,422060.0,2025-09-18
2025091803000595,PMLI,35,49,510.0,471.6,240516.0,2025-09-18
2025091803000594,PMLI,35,41,490.0,471.6,231084.0,2025-09-18
2025091805001294,SHIVM,34,58,500.0,525.0,262500.0,2025-09-18
2025091801000870,ADBL,54,59,48.0,293.0,14064.0,2025-09-18
2025091801000869,ADBL,34,59,100.0,293.0,29300.0,2025-09-18
2025091801000868,KBL,58,45,56.0,180.0,10080.0,2025-09-18
2025091801000867,KBL,54,45,10.0,180.3,1803.0,2025-09-18
2025091801000866,KBL,58,45,34.0,182.0,6188.0,2025-09-18
2025091804001204,UPCL,11,32,500.0,372.0,186000.0,2025-09-18
2025091801000865,HBL,53,32,10.0,186.5,1865.0,2025-09-18
2025091805001293,SHIVM,57,58,150.0,525.0,78750.0,2025-09-18
2025091805001292,BHL,11,25,200.0,170.0,34000.0,2025-09-18
2025091803000593,MLBL,88,21,452.0,351.1,158697.2,2025-09-18
2025091803000592,MLBL,13,21,20.0,354.6,7092.0,2025-09-18
2025091803000591,MLBL,32,21,120.0,354.6,42552.0,2025-09-18
2025091803000590,MLBL,53,21,408.0,356.1,145288.8,2025-09-18
2025091804001203,UNHPL,61,34,140.0,429.0,60060.0,2025-09-18
2025091804001202,UNHPL,22,34,60.0,429.1,25746.0,2025-09-18
2025091801000864,BHCL,74,43,40.0,440.0,17600.0,2025-09-18
2025091801000863,BHCL,74,41,10.0,440.0,4400.0,2025-09-18
2025091805001291,NRM,35,58,100.0,429.3,42930.0,2025-09-18
2025091805001290,NRM,35,39,200.0,429.3,85860.0,2025-09-18
2025091804001201,UNHPL,22,62,370.0,429.1,158767.0,2025-09-18
2025091801000862,PURE,98,63,10.0,739.6,7396.0,2025-09-18
2025091801000861,PURE,98,58,25.0,739.6,18490.0,2025-09-18
2025091804001200,UPCL,11,98,50.0,372.0,18600.0,2025-09-18
2025091805001289,SHIVM,51,58,100.0,525.0,52500.0,2025-09-18
2025091805001288,CIT,21,19,100.0,1785.0,178500.0,2025-09-18
2025091803000589,HLI,94,59,10.0,365.0,3650.0,2025-09-18
2025091805001287,SAHAS,8,43,100.0,589.0,58900.0,2025-09-18
2025091805001286,MBJC,6,58,72.0,284.2,20462.4,2025-09-18
2025091804001199,UPPER,91,32,1150.0,170.0,195500.0,2025-09-18
2025091803000588,LBBL,60,86,947.0,472.0,446984.0,2025-09-18
2025091801000860,NBL,29,6,200.0,234.0,46800.0,2025-09-18
2025091805001285,SHIVM,57,58,300.0,525.0,157500.0,2025-09-18
2025091805001284,HIDCL,53,57,474.0,246.0,116604.0,2025-09-18
2025091805001283,HIDCL,47,57,1000.0,246.1,246100.0,2025-09-18
2025091805001282,HIDCL,53,57,760.0,246.5,187340.0,2025-09-18
2025091805001281,HIDCL,11,57,1000.0,248.0,248000.0,2025-09-18
2025091805001280,HIDCL,29,57,100.0,248.0,24800.0,2025-09-18
2025091801000859,HBL,53,36,10.0,186.5,1865.0,2025-09-18
2025091801000858,SANIMA,42,40,30.0,344.0,10320.0,2025-09-18
2025091804001198,SICL,28,16,300.0,684.1,205230.0,2025-09-18
2025091804001197,SICL,28,52,100.0,684.1,68410.0,2025-09-18
2025091804001196,SICL,28,16,500.0,684.1,342050.0,2025-09-18
2025091804001195,SICL,28,20,100.0,684.1,68410.0,2025-09-18
2025091801000857,HBL,53,49,10.0,186.5,1865.0,2025-09-18
2025091801000856,JBLB,21,17,22.0,1334.0,29348.0,2025-09-18
2025091805001279,GVL,53,74,100.0,478.0,47800.0,2025-09-18
2025091801000855,SNLI,48,57,15.0,427.4,6411.0,2025-09-18
2025091805001278,SHIVM,45,101,716.0,524.0,375184.0,2025-09-18
2025091805001277,SHIVM,58,101,100.0,524.0,52400.0,2025-09-18
2025091805001276,SHIVM,74,101,284.0,524.0,148816.0,2025-09-18
2025091801000854,NMIC,51,14,38.0,1090.0,41420.0,2025-09-18
2025091801000853,NMIC,51,11,62.0,1090.0,67580.0,2025-09-18
2025091804001194,UNHPL,41,58,50.0,428.4,21420.0,2025-09-18
2025091805001275,NTC,13,29,30.0,764.3,22929.0,2025-09-18
2025091805001274,NTC,43,29,20.0,765.0,15300.0,2025-09-18
2025091803000587,MNBBL,94,58,26.0,425.1,11052.6,2025-09-18
2025091804001193,AKPL,3,17,200.0,231.0,46200.0,2025-09-18
2025091804001192,UNHPL,41,57,1200.0,428.4,514080.0,2025-09-18
2025091804001191,UPCL,11,29,1136.0,372.0,422592.0,2025-09-18
2025091805001273,HRL,58,42,100.0,878.0,87800.0,2025-09-18
2025091805001272,SONA,44,84,1095.0,412.0,451140.0,2025-09-18
2025091801000852,HIDCLP,43,25,50.0,180.0,9000.0,2025-09-18
2025091801000851,HIDCLP,43,48,1570.0,180.0,282600.0,2025-09-18
2025091801000850,HIDCLP,43,58,520.0,179.8,93496.0,2025-09-18
2025091804001190,SSHL,41,34,40.0,159.0,6360.0,2025-09-18
2025091805001271,NRIC,43,61,20.0,1468.7,29374.0,2025-09-18
2025091805001270,HDL,62,42,115.0,1295.0,148925.0,2025-09-18
2025091805001269,NIFRA,58,47,100.0,254.4,25440.0,2025-09-18
2025091805001268,NIFRA,58,58,850.0,254.0,215900.0,2025-09-18
2025091805001267,NIFRA,58,7,50.0,254.0,12700.0,2025-09-18
2025091801000849,BHCL,57,58,10.0,432.1,4321.0,2025-09-18
2025091801000848,SARBTM,36,56,384.0,830.0,318720.0,2025-09-18
2025091803000586,MLBL,19,42,496.0,356.2,176675.2,2025-09-18
2025091805001266,HDL,62,34,100.0,1295.0,129500.0,2025-09-18
2025091801000847,HBL,53,4,10.0,186.5,1865.0,2025-09-18
2025091803000585,SADBL,33,58,700.0,385.0,269500.0,2025-09-18
2025091803000584,SADBL,44,58,600.0,385.0,231000.0,2025-09-18
2025091803000583,CBBL,58,36,36.0,935.0,33660.0,2025-09-18
2025091803000582,CBBL,14,36,20.0,950.0,19000.0,2025-09-18
2025091801000846,SRLI,47,38,100.0,365.0,36500.0,2025-09-18
2025091804001189,NHDL,1,57,10.0,653.0,6530.0,2025-09-18
2025091803000581,SJLIC,57,42,400.0,395.0,158000.0,2025-09-18
2025091805001265,SHIVM,16,58,500.0,525.0,262500.0,2025-09-18
2025091805001264,SHIVM,49,58,23.0,525.0,12075.0,2025-09-18
2025091805001263,SHIVM,45,58,200.0,525.0,105000.0,2025-09-18
2025091805001262,SHIVM,58,58,890.0,525.0,467250.0,2025-09-18
2025091805001261,SHIVM,22,58,70.0,526.0,36820.0,2025-09-18
2025091801000845,CREST,57,32,90.0,1005.3,90477.0,2025-09-18
2025091804001188,NHPC,58,25,100.0,185.5,18550.0,2025-09-18
2025091805001260,HRL,7,42,10.0,878.0,8780.0,2025-09-18
2025091801000844,SANIMA,4,7,100.0,343.8,34380.0,2025-09-18
2025091804001187,RURU,58,50,23.0,655.1,15067.3,2025-09-18
2025091805001259,HDL,62,16,317.0,1295.0,410515.0,2025-09-18
2025091801000843,OMPL,47,34,10.0,1166.6,11666.0,2025-09-18
2025091804001186,SHEL,40,54,156.0,272.0,42432.0,2025-09-18
2025091801000842,SANIMA,4,37,1000.0,343.8,343800.0,2025-09-18
2025091805001258,CHDC,50,72,195.0,2245.0,437775.0,2025-09-18
2025091805001257,CHDC,6,72,75.0,2246.0,168450.0,2025-09-18
2025091805001256,CHDC,1,72,10.0,2246.0,22460.0,2025-09-18
2025091804001185,UPCL,58,42,300.0,376.0,112800.0,2025-09-18
2025091804001184,SHEL,40,50,75.0,272.0,20400.0,2025-09-18
2025091803000580,LBBL,85,86,53.0,472.4,25037.2,2025-09-18
2025091803000579,LBBL,60,86,1000.0,473.0,473000.0,2025-09-18
2025091805001255,GVL,53,26,330.0,478.0,157740.0,2025-09-18
2025091801000841,PRVU,7,29,238.0,193.0,45934.0,2025-09-18
2025091801000840,TTL,58,57,10.0,692.4,6924.0,2025-09-18
2025091801000839,TTL,58,49,10.0,692.4,6924.0,2025-09-18
2025091804001183,SHEL,40,54,95.0,272.0,25840.0,2025-09-18
2025091804001182,SHEL,40,56,174.0,272.0,47328.0,2025-09-18
2025091804001181,NGPL,1,26,1000.0,360.1,360100.0,2025-09-18
2025091801000838,NICA,36,11,40.0,315.0,12600.0,2025-09-18
2025091805001254,RHGCL,52,94,500.0,250.4,125200.0,2025-09-18
2025091801000837,PRVU,39,58,320.0,195.0,62400.0,2025-09-18
2025091801000836,PRVU,39,17,589.0,195.0,114855.0,2025-09-18
2025091801000835,PRVU,39,34,91.0,193.5,17608.5,2025-09-18
2025091804001180,LEC,34,58,100.0,198.0,19800.0,2025-09-18
2025091801000834,KBL,58,72,1883.0,180.0,338940.0,2025-09-18
2025091801000833,KBL,42,72,85.0,180.0,15300.0,2025-09-18
2025091801000832,KBL,49,72,800.0,180.1,144080.0,2025-09-18
2025091801000831,KBL,62,72,1349.0,180.1,242954.9,2025-09-18
2025091801000830,KBL,32,72,987.0,180.2,177857.4,2025-09-18
2025091801000829,KBL,19,72,5000.0,181.0,905000.0,2025-09-18
2025091801000828,KBL,48,72,9633.0,181.0,1743573.0,2025-09-18
2025091801000827,KBL,57,72,213.0,181.1,38574.3,2025-09-18
2025091801000826,KBL,13,72,50.0,182.0,9100.0,2025-09-18
2025091801000825,ADBL,48,58,45.0,298.0,13410.0,2025-09-18
2025091801000824,ADBL,48,58,45.0,297.7,13396.5,2025-09-18
2025091805001253,BBC,35,42,10.0,4945.5,49455.0,2025-09-18
2025091805001252,NTC,43,14,80.0,765.0,61200.0,2025-09-18
2025091805001251,NTC,58,14,20.0,765.0,15300.0,2025-09-18
2025091804001179,SHEL,51,56,400.0,272.0,108800.0,2025-09-18
2025091801000823,KBL,13,43,250.0,182.0,45500.0,2025-09-18
2025091804001178,NHPC,58,43,100.0,185.5,18550.0,2025-09-18
2025091804001177,AHPC,19,43,778.0,266.1,207025.8,2025-09-18
2025091804001176,AHPC,57,43,1000.0,267.0,267000.0,2025-09-18
2025091804001175,AHPC,62,43,222.0,271.0,60162.0,2025-09-18
2025091804001174,UPPER,91,58,50.0,170.0,8500.0,2025-09-18
2025091805001250,CLI,32,58,10.0,428.0,4280.0,2025-09-18
2025091803000578,MNBBL,42,58,300.0,425.0,127500.0,2025-09-18
2025091803000577,MNBBL,57,58,100.0,426.0,42600.0,2025-09-18
2025091803000576,MSLB,58,41,68.0,1454.3,98892.4,2025-09-18
2025091801000822,KBL,13,58,500.0,182.0,91000.0,2025-09-18
2025091801000821,KBL,13,13,150.0,182.0,27300.0,2025-09-18
2025091801000820,KBL,13,1,50.0,182.0,9100.0,2025-09-18
2025091805001249,NIFRA,4,58,102.0,250.1,25510.2,2025-09-18
2025091805001248,NIFRA,33,58,898.0,250.1,224589.8,2025-09-18
2025091805001247,MBJC,6,58,90.0,284.2,25578.0,2025-09-18
2025091804001173,UNHPL,41,42,13.0,428.4,5569.2,2025-09-18
2025091803000575,SINDU,58,14,40.0,633.9,25356.0,2025-09-18
2025091805001246,BBC,66,45,10.0,4749.7,47497.0,2025-09-18
2025091804001172,UNHPL,58,62,50.0,429.1,21455.0,2025-09-18
2025091805001245,SHIVM,58,38,10.0,525.0,5250.0,2025-09-18
2025091805001244,HDL,62,34,10.0,1295.0,12950.0,2025-09-18
2025091804001171,SSHL,41,19,574.0,159.0,91266.0,2025-09-18
2025091801000819,KBL,57,11,372.0,181.1,67369.2,2025-09-18
2025091804001170,CHCL,1,58,115.0,465.0,53475.0,2025-09-18
2025091804001169,CHCL,6,58,375.0,465.1,174412.5,2025-09-18
2025091804001168,BPCL,72,51,383.0,738.0,282654.0,2025-09-18
2025091801000818,SARBTM,36,13,100.0,830.0,83000.0,2025-09-18
2025091804001167,UNHPL,41,49,50.0,428.4,21420.0,2025-09-18
2025091801000817,SBL,33,44,279.0,346.0,96534.0,2025-09-18
2025091804001166,UNHPL,41,74,120.0,428.4,51408.0,2025-09-18
2025091804001165,UNHPL,41,8,200.0,428.4,85680.0,2025-09-18
2025091805001243,BHL,19,25,80.0,170.0,13600.0,2025-09-18
2025091805001242,BHL,19,36,20.0,169.0,3380.0,2025-09-18
2025091805001241,NRM,32,39,50.0,429.3,21465.0,2025-09-18
2025091804001164,API,55,40,1800.0,260.1,468180.0,2025-09-18
2025091804001163,API,5,40,200.0,260.2,52040.0,2025-09-18
2025091801000816,NBL,58,6,396.0,234.0,92664.0,2025-09-18
2025091804001162,NGPL,1,44,700.0,360.1,252070.0,2025-09-18
2025091804001161,NGPL,14,44,300.0,360.2,108060.0,2025-09-18
2025091801000815,KBL,57,62,415.0,181.1,75156.5,2025-09-18
2025091801000814,NIMB,90,62,200.0,193.0,38600.0,2025-09-18
2025091803000574,MNBBL,42,47,100.0,425.0,42500.0,2025-09-18
2025091805001240,SHIVM,77,67,10.0,534.0,5340.0,2025-09-18
2025091804001160,UMHL,62,48,302.0,535.0,161570.0,2025-09-18
2025091804001159,UMHL,13,48,200.0,535.0,107000.0,2025-09-18
2025091804001158,UMHL,62,48,50.0,535.1,26755.0,2025-09-18
2025091804001157,UMHL,61,48,150.0,535.2,80280.0,2025-09-18
2025091804001156,UMHL,85,48,98.0,535.3,52459.4,2025-09-18
2025091804001155,UMHL,45,48,200.0,539.0,107800.0,2025-09-18
2025091804001154,API,4,45,500.0,264.0,132000.0,2025-09-18
2025091804001153,AHPC,62,59,265.0,271.0,71815.0,2025-09-18
2025091804001152,AHPC,10,59,145.0,271.5,39367.5,2025-09-18
2025091803000573,MPFL,32,6,100.0,514.5,51450.0,2025-09-18
2025091801000813,BHCL,57,50,10.0,432.1,4321.0,2025-09-18
2025091804001151,AHPC,10,28,55.0,271.5,14932.5,2025-09-18
2025091805001239,NRN,58,98,374.0,1835.0,686290.0,2025-09-18
2025091805001238,NTC,13,68,54.0,764.3,41272.2,2025-09-18
2025091804001150,UNHPL,41,44,1000.0,428.4,428400.0,2025-09-18
2025091804001149,BPCL,72,8,100.0,738.0,73800.0,2025-09-18
2025091805001237,SHIVM,58,72,50.0,525.0,26250.0,2025-09-18
2025091805001236,SHIVM,57,72,380.0,525.0,199500.0,2025-09-18
2025091805001235,SHIVM,59,72,70.0,526.1,36827.0,2025-09-18
2025091804001148,SHEL,70,56,1000.0,272.0,272000.0,2025-09-18
2025091805001234,SAHAS,42,19,32.0,585.0,18720.0,2025-09-18
2025091804001147,UNHPL,81,62,140.0,429.1,60074.0,2025-09-18
2025091805001233,NYADI,58,25,100.0,391.7,39170.0,2025-09-18
2025091804001146,HPPL,57,48,235.0,431.0,101285.0,2025-09-18
2025091804001145,HPPL,98,48,100.0,432.2,43220.0,2025-09-18
2025091804001144,HPPL,3,48,365.0,436.0,159140.0,2025-09-18
2025091801000812,NICA,46,1,13.0,321.0,4173.0,2025-09-18
2025091804001143,OHL,3,58,90.0,714.9,64341.0,2025-09-18
2025091804001142,UPPER,57,49,90.0,170.1,15309.0,2025-09-18
2025091804001141,UPCL,84,58,1251.0,371.6,464871.6,2025-09-18
2025091804001140,UNHPL,41,48,65.0,428.4,27846.0,2025-09-18
2025091805001232,MKJC,26,62,175.0,543.0,95025.0,2025-09-18
2025091804001139,NGPL,58,26,1000.0,361.0,361000.0,2025-09-18
2025091805001231,CIT,74,58,110.0,1785.0,196350.0,2025-09-18
2025091805001230,CLI,32,22,13.0,428.0,5564.0,2025-09-18
2025091801000811,SANIMA,74,40,200.0,344.0,68800.0,2025-09-18
2025091801000810,KBL,28,1,450.0,182.0,81900.0,2025-09-18
2025091801000809,KBL,28,49,150.0,182.0,27300.0,2025-09-18
2025091803000572,NLIC,58,46,10.0,717.0,7170.0,2025-09-18
2025091803000571,MNBBL,42,44,19.0,425.0,8075.0,2025-09-18
2025091804001138,BPCL,72,39,517.0,738.0,381546.0,2025-09-18
2025091804001137,BPCL,94,39,343.0,738.0,253134.0,2025-09-18
2025091804001136,BPCL,67,39,240.0,739.0,177360.0,2025-09-18
2025091804001135,HPPL,3,32,30.0,436.0,13080.0,2025-09-18
2025091801000808,SANIMA,4,17,2001.0,343.8,687943.8,2025-09-18
2025091803000570,GILB,25,56,983.0,1177.0,1156991.0,2025-09-18
2025091804001134,AKJCL,4,56,210.0,180.0,37800.0,2025-09-18
2025091805001229,CHDC,39,32,50.0,2251.0,112550.0,2025-09-18
2025091804001133,RIDI,65,39,228.0,211.0,48108.0,2025-09-18
2025091804001132,SPDL,13,50,40.0,372.0,14880.0,2025-09-18
2025091804001131,RIDI,41,57,860.0,209.0,179740.0,2025-09-18
2025091804001130,RIDI,71,57,1140.0,210.0,239400.0,2025-09-18
2025091801000807,SANIMA,4,50,400.0,343.8,137520.0,2025-09-18
2025091801000806,SANIMA,74,50,600.0,343.8,206280.0,2025-09-18
2025091804001129,UPCL,34,57,50.0,371.6,18580.0,2025-09-18
2025091805001228,SONA,44,7,40.0,412.0,16480.0,2025-09-18
2025091804001128,BPCL,67,19,60.0,739.0,44340.0,2025-09-18
2025091803000569,SADBL,44,58,400.0,385.0,154000.0,2025-09-18
2025091801000805,SNLI,16,36,24.0,436.1,10466.4,2025-09-18
2025091804001127,BPCL,67,44,100.0,739.0,73900.0,2025-09-18
2025091804001126,SHEL,68,58,775.0,271.9,210722.5,2025-09-18
2025091804001125,SHEL,35,58,1000.0,271.9,271900.0,2025-09-18
2025091804001124,SHEL,41,58,200.0,271.9,54380.0,2025-09-18
2025091805001227,DORDI,25,58,200.0,220.0,44000.0,2025-09-18
2025091805001226,MKJC,48,29,500.0,542.5,271250.0,2025-09-18
2025091804001123,SPDL,26,50,200.0,372.0,74400.0,2025-09-18
2025091804001122,SPDL,26,29,100.0,372.0,37200.0,2025-09-18
2025091804001121,SHEL,33,56,100.0,272.0,27200.0,2025-09-18
2025091805001225,BHL,52,22,140.0,168.0,23520.0,2025-09-18
2025091805001224,BHL,21,22,10.0,168.0,1680.0,2025-09-18
2025091801000804,SANIMA,22,40,12.0,344.0,4128.0,2025-09-18
2025091801000803,PRVU,7,54,200.0,193.0,38600.0,2025-09-18
2025091804001120,SHPC,39,17,100.0,498.0,49800.0,2025-09-18
2025091804001119,SPDL,48,29,100.0,372.0,37200.0,2025-09-18
2025091803000568,SHINE,26,47,161.0,384.0,61824.0,2025-09-18
2025091804001118,LEC,13,58,100.0,198.6,19860.0,2025-09-18
2025091804001117,LEC,57,58,200.0,199.0,39800.0,2025-09-18
2025091801000802,NABIL,32,51,80.0,500.0,40000.0,2025-09-18
2025091801000801,NABIL,32,34,20.0,492.9,9858.0,2025-09-18
2025091805001223,SHIVM,57,16,50.0,525.0,26250.0,2025-09-18
2025091804001116,AHPC,62,48,63.0,271.0,17073.0,2025-09-18
2025091801000800,NBL,58,58,30.0,234.0,7020.0,2025-09-18
2025091801000799,NBL,5,58,10.0,234.0,2340.0,2025-09-18
2025091801000798,SRLI,58,49,125.0,363.9,45487.5,2025-09-18
2025091804001115,AKPL,3,1,90.0,231.0,20790.0,2025-09-18
2025091804001114,AKPL,41,1,910.0,231.1,210301.0,2025-09-18
2025091803000567,KSBBL,50,49,646.0,486.0,313956.0,2025-09-18
2025091803000566,KSBBL,52,49,20.0,487.0,9740.0,2025-09-18
2025091803000565,KSBBL,35,49,24.0,487.2,11692.8,2025-09-18
2025091805001222,HDL,62,57,100.0,1295.0,129500.0,2025-09-18
2025091805001221,HDL,62,57,100.0,1292.0,129200.0,2025-09-18
2025091805001220,HDL,62,75,150.0,1292.0,193800.0,2025-09-18
2025091805001219,CHDC,39,32,20.0,2251.0,45020.0,2025-09-18
2025091804001113,UAIL,42,48,42.0,463.2,19454.4,2025-09-18
2025091801000797,HBL,53,32,10.0,186.5,1865.0,2025-09-18
2025091805001218,BHPL,96,7,10.0,660.1,6601.0,2025-09-18
2025091804001112,CHCL,6,58,75.0,465.1,34882.5,2025-09-18
2025091805001217,HDL,57,19,55.0,1291.0,71005.0,2025-09-18
2025091805001216,HDL,58,19,50.0,1291.0,64550.0,2025-09-18
2025091801000796,HIDCLP,59,58,1670.0,179.8,300266.0,2025-09-18
2025091805001215,CHDC,50,13,100.0,2250.0,225000.0,2025-09-18
2025091805001214,SHIVM,57,18,55.0,525.0,28875.0,2025-09-18
2025091805001213,SHIVM,65,18,200.0,525.3,105060.0,2025-09-18
2025091805001212,SHIVM,39,18,200.0,525.4,105080.0,2025-09-18
2025091805001211,SHIVM,95,18,60.0,530.0,31800.0,2025-09-18
2025091804001111,LEC,58,39,100.0,199.0,19900.0,2025-09-18
2025091805001210,HDL,17,19,121.0,1291.0,156211.0,2025-09-18
2025091801000795,HIDCLP,59,22,200.0,179.8,35960.0,2025-09-18
2025091803000564,MNBBL,42,18,100.0,425.0,42500.0,2025-09-18
2025091803000563,NLICL,57,53,100.0,557.0,55700.0,2025-09-18
2025091804001110,NGPL,1,26,213.0,360.1,76701.3,2025-09-18
2025091804001109,NGPL,5,26,737.0,360.2,265467.4,2025-09-18
2025091804001108,NGPL,49,26,50.0,365.0,18250.0,2025-09-18
2025091801000794,TTL,7,33,120.0,692.4,83088.0,2025-09-18
2025091801000793,GBIME,51,41,190.0,226.1,42959.0,2025-09-18
2025091801000792,GBIME,45,41,310.0,226.2,70122.0,2025-09-18
2025091801000791,GBIME,34,41,500.0,226.2,113100.0,2025-09-18
2025091805001209,SONA,57,48,400.0,415.0,166000.0,2025-09-18
2025091803000562,HLI,94,50,500.0,365.0,182500.0,2025-09-18
2025091803000561,HLI,44,50,100.0,365.1,36510.0,2025-09-18
2025091803000560,HLI,25,50,400.0,365.1,146040.0,2025-09-18
2025091801000790,NICA,36,57,10.0,315.0,3150.0,2025-09-18
2025091803000559,GUFL,18,56,20.0,475.0,9500.0,2025-09-18
2025091801000789,ADBL,26,58,55.0,297.7,16373.5,2025-09-18
2025091804001107,AKPL,41,7,90.0,231.1,20799.0,2025-09-18
2025091805001208,HDL,17,7,70.0,1291.0,90370.0,2025-09-18
2025091803000558,SHINE,60,32,400.0,390.6,156240.0,2025-09-18
2025091803000557,SHINE,60,18,100.0,390.6,39060.0,2025-09-18
2025091805001207,NRN,58,91,420.0,1835.0,770700.0,2025-09-18
2025091801000788,LSL,39,41,333.0,215.0,71595.0,2025-09-18
2025091801000787,LSL,14,41,100.0,215.0,21500.0,2025-09-18
2025091801000786,LSL,7,41,879.0,215.0,188985.0,2025-09-18
2025091801000785,LSL,22,41,188.0,215.1,40438.8,2025-09-18
2025091805001206,SAHAS,26,25,100.0,590.0,59000.0,2025-09-18
2025091804001106,SHPC,35,36,50.0,495.0,24750.0,2025-09-18
2025091805001205,SAHAS,42,98,500.0,585.0,292500.0,2025-09-18
2025091801000784,NWCL,35,57,30.0,800.0,24000.0,2025-09-18
2025091804001105,BPCL,67,58,100.0,739.0,73900.0,2025-09-18
2025091805001204,NIFRA,33,6,1700.0,250.1,425170.0,2025-09-18
2025091803000556,SJLIC,57,19,340.0,395.0,134300.0,2025-09-18
2025091803000555,SJLIC,41,19,50.0,396.0,19800.0,2025-09-18
2025091804001104,RADHI,66,58,100.0,700.0,70000.0,2025-09-18
2025091804001103,RADHI,26,58,500.0,700.1,350050.0,2025-09-18
2025091804001102,UMHL,85,54,294.0,535.3,157378.2,2025-09-18
2025091804001101,UPPER,48,49,150.0,170.1,25515.0,2025-09-18
2025091805001203,CHDC,5,58,30.0,2250.0,67500.0,2025-09-18
2025091804001100,UNHPL,41,71,500.0,428.4,214200.0,2025-09-18
2025091805001202,SHIVM,95,59,500.0,530.0,265000.0,2025-09-18
2025091805001201,SHIVM,95,34,240.0,530.0,127200.0,2025-09-18
2025091805001200,SHIVM,95,29,200.0,526.0,105200.0,2025-09-18
2025091805001199,HRL,32,42,15.0,878.0,13170.0,2025-09-18
2025091801000783,HBL,53,7,10.0,186.5,1865.0,2025-09-18
2025091805001198,NIFRA,33,49,105.0,250.1,26260.5,2025-09-18
2025091805001197,NIFRA,62,49,50.0,251.0,12550.0,2025-09-18
2025091805001196,NRIC,13,61,35.0,1468.7,51404.5,2025-09-18
2025091803000554,SINDU,32,14,20.0,633.9,12678.0,2025-09-18
2025091803000553,RSDC,26,4,10.0,633.1,6331.0,2025-09-18
2025091805001195,SAHAS,42,22,250.0,585.0,146250.0,2025-09-18
2025091801000782,SANIMA,74,41,100.0,343.8,34380.0,2025-09-18
2025091801000781,HIDCLP,59,58,130.0,179.8,23374.0,2025-09-18
2025091803000552,SKBBL,44,14,20.0,814.5,16290.0,2025-09-18
2025091801000780,PURE,7,58,10.0,739.6,7396.0,2025-09-18
2025091804001099,CHL,67,56,10.0,237.2,2372.0,2025-09-18
2025091805001194,SHIVM,57,57,15.0,525.0,7875.0,2025-09-18
2025091805001193,SHIVM,41,57,65.0,525.0,34125.0,2025-09-18
2025091805001192,SHIVM,41,57,35.0,525.0,18375.0,2025-09-18
2025091805001191,SHIVM,38,57,53.0,525.3,27840.9,2025-09-18
2025091804001098,GHL,10,33,40.0,204.6,8184.0,2025-09-18
2025091803000551,LBBL,43,1,500.0,473.0,236500.0,2025-09-18
2025091804001097,UAIL,58,48,50.0,463.2,23160.0,2025-09-18
2025091805001190,BHL,62,25,200.0,170.0,34000.0,2025-09-18
2025091805001189,USHEC,6,11,50.0,461.4,23070.0,2025-09-18
2025091805001188,CHDC,39,32,200.0,2251.0,450200.0,2025-09-18
2025091801000779,SNLI,16,58,48.0,436.1,20932.8,2025-09-18
2025091803000550,FMDBL,62,32,11.0,762.0,8382.0,2025-09-18
2025091803000549,FMDBL,32,32,89.0,777.0,69153.0,2025-09-18
2025091803000548,SHINE,39,58,10.0,390.0,3900.0,2025-09-18
2025091805001187,HIDCL,53,42,90.0,246.5,22185.0,2025-09-18
2025091805001186,HIDCL,71,42,920.0,247.0,227240.0,2025-09-18
2025091803000547,KSBBL,36,4,200.0,493.1,98620.0,2025-09-18
2025091803000546,KSBBL,36,57,300.0,493.0,147900.0,2025-09-18
2025091803000545,KSBBL,36,50,200.0,493.0,98600.0,2025-09-18
2025091805001185,SPL,84,84,10.0,872.0,8720.0,2025-09-18
2025091803000544,FMDBL,32,71,300.0,777.0,233100.0,2025-09-18
2025091805001184,SHIVM,77,34,342.0,530.0,181260.0,2025-09-18
2025091805001183,SHIVM,77,6,100.0,530.0,53000.0,2025-09-18
2025091805001182,SHIVM,77,35,300.0,530.0,159000.0,2025-09-18
2025091805001181,SHIVM,77,38,124.0,530.0,65720.0,2025-09-18
2025091805001180,SHIVM,77,81,134.0,530.0,71020.0,2025-09-18
2025091801000778,PRVU,21,26,320.0,189.7,60704.0,2025-09-18
2025091804001096,BPCL,94,44,46.0,738.0,33948.0,2025-09-18
2025091804001095,CHCL,6,58,50.0,465.1,23255.0,2025-09-18
2025091804001094,SPDL,48,1,100.0,372.0,37200.0,2025-09-18
2025091805001179,CHDC,5,58,12.0,2250.0,27000.0,2025-09-18
2025091801000777,TTL,45,38,45.0,695.0,31275.0,2025-09-18
2025091805001178,HIDCL,71,7,80.0,247.0,19760.0,2025-09-18
2025091801000776,SBL,33,45,721.0,346.0,249466.0,2025-09-18
2025091804001093,AKJCL,4,50,200.0,180.0,36000.0,2025-09-18
2025091804001092,NGPL,5,26,263.0,360.2,94732.6,2025-09-18
2025091804001091,NGPL,59,26,507.0,362.0,183534.0,2025-09-18
2025091804001090,NGPL,45,26,230.0,364.5,83835.0,2025-09-18
2025091804001089,SHL,34,13,100.0,502.3,50230.0,2025-09-18
2025091804001088,SHL,58,13,400.0,503.3,201320.0,2025-09-18
2025091801000775,SANIMA,74,44,300.0,343.8,103140.0,2025-09-18
2025091801000774,EBL,1,16,20.0,669.0,13380.0,2025-09-18
2025091805001177,NIFRA,33,32,20.0,250.1,5002.0,2025-09-18
2025091804001087,SHEL,41,56,200.0,272.0,54400.0,2025-09-18
2025091805001176,HDL,6,75,60.0,1292.0,77520.0,2025-09-18
2025091805001175,HDL,6,58,30.0,1292.0,38760.0,2025-09-18
2025091801000773,HIDCLP,20,48,200.0,180.0,36000.0,2025-09-18
2025091803000543,NICLBSL,45,29,20.0,542.0,10840.0,2025-09-18
2025091803000542,NICLBSL,43,29,30.0,542.1,16263.0,2025-09-18
2025091803000541,SWBBL,26,34,40.0,788.0,31520.0,2025-09-18
2025091804001086,UNHPL,45,62,140.0,429.1,60074.0,2025-09-18
2025091804001085,UNHPL,45,34,100.0,429.0,42900.0,2025-09-18
2025091804001084,UNHPL,45,14,100.0,429.0,42900.0,2025-09-18
2025091804001083,UNHPL,45,34,60.0,428.5,25710.0,2025-09-18
2025091804001082,UNHPL,32,71,1590.0,428.3,680997.0,2025-09-18
2025091803000540,USLB,63,63,10.0,1737.5,17375.0,2025-09-18
2025091803000539,GUFL,34,58,51.0,471.0,24021.0,2025-09-18
2025091805001174,SAHAS,42,16,400.0,585.0,234000.0,2025-09-18
2025091804001081,SSHL,41,42,10.0,159.0,1590.0,2025-09-18
2025091805001173,HDL,58,58,50.0,1292.0,64600.0,2025-09-18
2025091801000772,SNLI,36,58,72.0,436.1,31399.2,2025-09-18
2025091805001172,SONA,44,57,10.0,412.0,4120.0,2025-09-18
2025091805001171,HRL,41,42,120.0,878.0,105360.0,2025-09-18
2025091805001170,DORDI,25,25,400.0,220.0,88000.0,2025-09-18
2025091805001169,NRIC,32,61,50.0,1468.7,73435.0,2025-09-18
2025091803000538,SAPDBL,64,29,100.0,710.0,71000.0,2025-09-18
2025091803000537,LBBL,85,59,300.0,472.4,141720.0,2025-09-18
2025091803000536,LBBL,53,59,500.0,475.0,237500.0,2025-09-18
2025091805001168,CHDC,36,72,150.0,2252.0,337800.0,2025-09-18
2025091801000771,HBL,53,58,10.0,186.5,1865.0,2025-09-18
2025091805001167,NIFRA,33,54,30.0,250.1,7503.0,2025-09-18
2025091801000770,SCB,82,33,87.0,607.0,52809.0,2025-09-18
2025091801000769,SCB,82,32,53.0,607.0,32171.0,2025-09-18
2025091801000768,SCB,82,17,150.0,607.0,91050.0,2025-09-18
2025091801000767,SCB,82,19,10.0,607.0,6070.0,2025-09-18
2025091805001166,BHL,40,25,1117.0,170.0,189890.0,2025-09-18
2025091805001165,CIT,11,38,400.0,1790.0,716000.0,2025-09-18
2025091805001164,NRIC,53,61,173.0,1468.7,254085.1,2025-09-18
2025091805001163,NRIC,53,49,136.0,1468.7,199743.2,2025-09-18
2025091805001162,NRIC,53,39,41.0,1468.7,60216.7,2025-09-18
2025091801000766,ADBL,26,4,45.0,297.7,13396.5,2025-09-18
2025091805001161,HRL,48,42,100.0,878.0,87800.0,2025-09-18
2025091801000765,CREST,50,32,20.0,1005.3,20106.0,2025-09-18
2025091801000764,CREST,50,56,30.0,1005.3,30159.0,2025-09-18
2025091801000763,CREST,50,49,10.0,1005.3,10053.0,2025-09-18
2025091803000535,SADBL,58,49,170.0,384.0,65280.0,2025-09-18
2025091804001080,UNHPL,32,49,400.0,428.3,171320.0,2025-09-18
2025091805001160,HDL,17,1,200.0,1291.0,258200.0,2025-09-18
2025091804001079,SHEL,22,56,100.0,272.0,27200.0,2025-09-18
2025091804001078,SHEL,53,56,100.0,272.0,27200.0,2025-09-18
2025091804001077,SHEL,60,56,50.0,272.0,13600.0,2025-09-18
2025091804001076,SHEL,59,56,576.0,272.0,156672.0,2025-09-18
2025091804001075,SHEL,49,56,500.0,272.1,136050.0,2025-09-18
2025091804001074,SHEL,58,56,300.0,272.1,81630.0,2025-09-18
2025091804001073,SHEL,61,56,500.0,272.1,136050.0,2025-09-18
2025091804001072,KPCL,32,57,25.0,501.4,12535.0,2025-09-18
2025091801000762,EBL,58,16,50.0,669.0,33450.0,2025-09-18
2025091801000761,HBL,53,58,1520.0,186.5,283480.0,2025-09-18
2025091801000760,KBL,48,6,250.0,181.0,45250.0,2025-09-18
2025091804001071,CHCL,1,58,145.0,465.0,67425.0,2025-09-18
2025091805001159,BHL,40,62,150.0,170.0,25500.0,2025-09-18
2025091801000759,BHCL,57,49,10.0,432.1,4321.0,2025-09-18
2025091801000758,BHCL,57,32,10.0,432.1,4321.0,2025-09-18
2025091801000757,BHCL,57,58,80.0,432.1,34568.0,2025-09-18
2025091801000756,BHCL,57,25,10.0,432.1,4321.0,2025-09-18
2025091801000755,BHCL,57,41,10.0,432.1,4321.0,2025-09-18
2025091801000754,BHCL,57,48,10.0,432.1,4321.0,2025-09-18
2025091801000753,BHCL,57,37,10.0,432.1,4321.0,2025-09-18
2025091805001158,SHIVM,38,41,47.0,525.3,24689.1,2025-09-18
2025091805001157,SHIVM,22,41,1000.0,526.0,526000.0,2025-09-18
2025091805001156,SHIVM,44,41,895.0,526.0,470770.0,2025-09-18
2025091805001155,HDL,17,13,40.0,1291.0,51640.0,2025-09-18
2025091805001154,BHL,40,52,1000.0,170.0,170000.0,2025-09-18
2025091804001070,UNHPL,32,62,200.0,428.3,85660.0,2025-09-18
2025091803000534,MLBL,53,49,92.0,355.0,32660.0,2025-09-18
2025091803000533,GILB,25,45,17.0,1176.5,20000.5,2025-09-18
2025091805001153,SAHAS,8,25,100.0,590.0,59000.0,2025-09-18
2025091805001152,HRL,11,42,100.0,878.0,87800.0,2025-09-18
2025091805001151,SPC,62,6,50.0,488.9,24445.0,2025-09-18
2025091801000752,TTL,62,38,20.0,695.0,13900.0,2025-09-18
2025091804001069,UMHL,85,21,608.0,535.3,325462.4,2025-09-18
2025091804001068,UMHL,48,21,300.0,539.2,161760.0,2025-09-18
2025091804001067,SPDL,53,45,40.0,375.0,15000.0,2025-09-18
2025091804001066,SHL,58,33,100.0,503.3,50330.0,2025-09-18
2025091801000751,CREST,5,58,10.0,1005.3,10053.0,2025-09-18
2025091803000532,MLBL,55,49,10.0,355.0,3550.0,2025-09-18
2025091803000531,MLBL,58,49,250.0,355.0,88750.0,2025-09-18
2025091803000530,MLBL,13,49,500.0,355.0,177500.0,2025-09-18
2025091803000529,MLBL,34,49,500.0,355.0,177500.0,2025-09-18
2025091803000528,MLBL,22,49,500.0,356.0,178000.0,2025-09-18
2025091803000527,MLBL,14,49,1443.0,356.0,513708.0,2025-09-18
2025091803000526,MLBL,88,49,500.0,356.1,178050.0,2025-09-18
2025091803000525,MLBL,39,49,205.0,357.0,73185.0,2025-09-18
2025091803000524,SINDU,32,1,40.0,633.9,25356.0,2025-09-18
2025091805001150,SHIVM,44,92,105.0,526.0,55230.0,2025-09-18
2025091805001149,SHIVM,49,92,895.0,526.1,470859.5,2025-09-18
2025091804001065,LEC,13,34,400.0,198.6,79440.0,2025-09-18
2025091804001064,LEC,4,34,50.0,198.6,9930.0,2025-09-18
2025091804001063,LEC,33,34,50.0,198.6,9930.0,2025-09-18
2025091801000750,NIMB,57,42,600.0,190.0,114000.0,2025-09-18
2025091801000749,NIMB,16,42,500.0,190.0,95000.0,2025-09-18
2025091805001148,HDL,17,49,30.0,1291.0,38730.0,2025-09-18
2025091805001147,MKJC,48,58,290.0,542.5,157325.0,2025-09-18
2025091805001146,MKJC,74,58,100.0,542.8,54280.0,2025-09-18
2025091805001145,SONA,44,36,300.0,412.0,123600.0,2025-09-18
2025091801000748,SARBTM,36,42,100.0,830.0,83000.0,2025-09-18
2025091805001144,NRN,66,65,20.0,1833.0,36660.0,2025-09-18
2025091804001062,GLH,34,36,500.0,237.2,118600.0,2025-09-18
2025091803000523,RSDC,26,6,34.0,633.1,21525.4,2025-09-18
2025091801000747,JBLB,21,35,11.0,1334.0,14674.0,2025-09-18
2025091804001061,UPCL,84,7,100.0,371.6,37160.0,2025-09-18
2025091804001060,UPCL,40,7,300.0,371.6,111480.0,2025-09-18
2025091804001059,UPCL,25,7,300.0,372.0,111600.0,2025-09-18
2025091804001058,UPCL,39,7,100.0,372.0,37200.0,2025-09-18
2025091804001057,UPCL,60,7,1000.0,372.0,372000.0,2025-09-18
2025091804001056,UPCL,39,7,100.0,372.0,37200.0,2025-09-18
2025091804001055,UPCL,7,7,500.0,372.0,186000.0,2025-09-18
2025091804001054,UPCL,29,7,200.0,372.0,74400.0,2025-09-18
2025091804001053,UPCL,62,7,1000.0,375.0,375000.0,2025-09-18
2025091804001052,UPCL,67,7,200.0,375.1,75020.0,2025-09-18
2025091804001051,UPCL,26,7,100.0,375.5,37550.0,2025-09-18
2025091804001050,UPCL,48,7,1000.0,376.0,376000.0,2025-09-18
2025091804001049,UPCL,95,7,936.0,376.0,351936.0,2025-09-18
2025091804001048,UPCL,26,7,500.0,376.1,188050.0,2025-09-18
2025091804001047,UPCL,26,7,350.0,378.2,132370.0,2025-09-18
2025091805001143,SHIVM,49,100,105.0,526.1,55240.5,2025-09-18
2025091805001142,SHIVM,58,100,15.0,527.0,7905.0,2025-09-18
2025091805001141,SHIVM,29,100,380.0,527.0,200260.0,2025-09-18
2025091804001046,NLG,34,46,50.0,729.0,36450.0,2025-09-18
2025091801000746,LSL,22,45,112.0,215.1,24091.2,2025-09-18
2025091805001140,HDL,17,42,539.0,1291.0,695849.0,2025-09-18
2025091805001139,HDL,87,42,278.0,1291.0,358898.0,2025-09-18
2025091801000745,KBL,48,45,10.0,181.0,1810.0,2025-09-18
2025091803000522,MNBBL,42,45,10.0,425.0,4250.0,2025-09-18
2025091801000744,PCBL,45,56,280.0,234.2,65576.0,2025-09-18
2025091801000743,PCBL,62,56,100.0,234.2,23420.0,2025-09-18
2025091801000742,PCBL,22,56,10.0,234.2,2342.0,2025-09-18
2025091801000741,PCBL,49,56,50.0,234.2,11710.0,2025-09-18
2025091805001138,NYADI,58,50,310.0,391.7,121427.0,2025-09-18
2025091805001137,NYADI,58,96,90.0,391.7,35253.0,2025-09-18
2025091805001136,NYADI,58,13,500.0,391.7,195850.0,2025-09-18
2025091805001135,DORDI,25,1,400.0,220.0,88000.0,2025-09-18
2025091805001134,BHL,40,45,200.0,170.0,34000.0,2025-09-18
2025091804001045,UNHPL,32,6,780.0,428.3,334074.0,2025-09-18
2025091803000521,MFIL,5,57,62.0,627.0,38874.0,2025-09-18
2025091803000520,MFIL,5,38,200.0,626.0,125200.0,2025-09-18
2025091803000519,MATRI,47,49,150.0,971.0,145650.0,2025-09-18
2025091801000740,HBL,53,41,790.0,186.5,147335.0,2025-09-18
2025091801000739,HBL,59,41,10.0,188.9,1889.0,2025-09-18
2025091801000738,HBL,21,41,150.0,188.9,28335.0,2025-09-18
2025091801000737,HBL,21,58,10.0,188.9,1889.0,2025-09-18
2025091805001133,SHIVM,48,81,200.0,530.0,106000.0,2025-09-18
2025091803000518,CBBL,58,38,50.0,935.0,46750.0,2025-09-18
2025091803000517,CBBL,42,38,50.0,935.0,46750.0,2025-09-18
2025091803000516,BFC,17,48,160.0,437.0,69920.0,2025-09-18
2025091804001044,UPCL,26,52,50.0,378.2,18910.0,2025-09-18
2025091805001132,HDL,87,54,12.0,1291.0,15492.0,2025-09-18
2025091805001131,HDL,41,54,50.0,1291.1,64555.0,2025-09-18
2025091804001043,HPPL,3,48,20.0,436.0,8720.0,2025-09-18
2025091801000736,KBL,48,89,43.0,181.0,7783.0,2025-09-18
2025091801000735,NICA,13,14,111.0,314.6,34920.6,2025-09-18
2025091804001042,AKPL,3,16,25.0,231.0,5775.0,2025-09-18
2025091801000734,NBL,5,17,1325.0,234.0,310050.0,2025-09-18
2025091801000733,NBL,5,16,490.0,234.0,114660.0,2025-09-18
2025091803000515,FMDBL,32,32,500.0,777.0,388500.0,2025-09-18
2025091804001041,HPPL,3,25,85.0,436.0,37060.0,2025-09-18
2025091804001040,HPPL,39,25,65.0,439.1,28541.5,2025-09-18
2025091801000732,PRVU,21,58,585.0,189.7,110974.5,2025-09-18
2025091805001130,BHL,40,4,835.0,170.0,141950.0,2025-09-18
2025091803000514,MLBL,39,32,100.0,357.0,35700.0,2025-09-18
2025091804001039,AHPC,48,28,45.0,271.5,12217.5,2025-09-18
2025091804001038,AHPC,48,42,575.0,271.5,156112.5,2025-09-18
2025091804001037,AHPC,48,51,3880.0,271.4,1053032.0,2025-09-18
2025091804001036,AHPC,48,45,500.0,271.0,135500.0,2025-09-18
2025091804001035,UNHPL,32,48,946.0,428.3,405171.8,2025-09-18
2025091804001034,AHPC,19,39,97.0,262.1,25423.7,2025-09-18
2025091804001033,AHPC,57,39,500.0,263.0,131500.0,2025-09-18
2025091804001032,AHPC,25,39,400.0,263.1,105240.0,2025-09-18
2025091801000731,NIMB,16,3,500.0,190.0,95000.0,2025-09-18
2025091801000730,NIMB,33,3,500.0,190.0,95000.0,2025-09-18
2025091805001129,HIDCL,53,36,700.0,246.0,172200.0,2025-09-18
2025091804001031,SHPC,35,49,130.0,491.0,63830.0,2025-09-18
2025091801000729,HBL,21,48,10.0,188.9,1889.0,2025-09-18
2025091803000513,BFC,8,48,40.0,437.1,17484.0,2025-09-18
2025091801000728,SARBTM,36,88,60.0,830.0,49800.0,2025-09-18
2025091801000727,SARBTM,35,88,40.0,841.0,33640.0,2025-09-18
2025091803000512,MNBBL,42,6,223.0,420.0,93660.0,2025-09-18
2025091804001030,UAIL,91,45,58.0,463.2,26865.6,2025-09-18
2025091801000726,NABIL,45,1,649.0,480.0,311520.0,2025-09-18
2025091804001029,SHEL,34,58,2000.0,275.0,550000.0,2025-09-18
2025091804001028,AKJCL,33,39,1500.0,178.5,267750.0,2025-09-18
2025091803000511,SADBL,58,1,100.0,384.0,38400.0,2025-09-18
2025091801000725,HBL,21,58,10.0,188.9,1889.0,2025-09-18
2025091805001128,CLI,32,58,13.0,428.0,5564.0,2025-09-18
2025091801000724,HBL,21,25,10.0,188.9,1889.0,2025-09-18
2025091804001027,UMHL,13,42,10.0,542.1,5421.0,2025-09-18
2025091803000510,GFCL,57,43,10.0,563.5,5635.0,2025-09-18
2025091804001026,API,48,45,20.0,264.0,5280.0,2025-09-18
2025091803000509,MPFL,32,58,100.0,525.0,52500.0,2025-09-18
2025091803000508,HLI,94,28,12.0,365.0,4380.0,2025-09-18
2025091805001127,NTC,58,58,30.0,763.0,22890.0,2025-09-18
2025091805001126,HDL,8,28,14.0,1292.0,18088.0,2025-09-18
2025091804001025,UNHPL,32,6,834.0,428.3,357202.2,2025-09-18
2025091805001125,MKJC,48,49,85.0,542.5,46112.5,2025-09-18
2025091805001124,MKJC,29,49,190.0,542.6,103094.0,2025-09-18
2025091805001123,HHL,90,42,10.0,320.0,3200.0,2025-09-18
2025091805001122,HHL,3,42,10.0,325.0,3250.0,2025-09-18
2025091805001121,SHIVM,29,45,1800.0,527.0,948600.0,2025-09-18
2025091805001120,NIFRA,33,58,1670.0,250.1,417667.0,2025-09-18
2025091804001024,AHPC,74,58,294.0,266.1,78233.4,2025-09-18
2025091801000723,HIDCLP,20,48,200.0,180.0,36000.0,2025-09-18
2025091801000722,TTL,7,58,10.0,692.4,6924.0,2025-09-18
2025091805001119,BHL,40,34,295.0,170.0,50150.0,2025-09-18
2025091801000721,SANIMA,50,36,30.0,344.0,10320.0,2025-09-18
2025091803000507,GLBSL,21,17,10.0,1977.7,19777.0,2025-09-18
2025091803000506,SKBBL,40,14,30.0,814.5,24435.0,2025-09-18
2025091801000720,HIDCLP,1,48,1000.0,180.0,180000.0,2025-09-18
2025091801000719,HIDCLP,42,48,30.0,180.0,5400.0,2025-09-18
2025091805001118,HDL,87,65,20.0,1291.0,25820.0,2025-09-18
2025091801000718,HIMSTAR,64,34,10.0,473.5,4735.0,2025-09-18
2025091804001023,BARUN,42,54,15.0,304.0,4560.0,2025-09-18
2025091803000505,GMFBS,74,26,10.0,1600.0,16000.0,2025-09-18
2025091803000504,GMFBS,74,74,40.0,1560.0,62400.0,2025-09-18
2025091804001022,UMHL,91,42,10.0,542.1,5421.0,2025-09-18
2025091805001117,TPC,25,49,10.0,310.0,3100.0,2025-09-18
2025091804001021,SHPC,32,49,100.0,491.0,49100.0,2025-09-18
2025091801000717,JBLB,61,58,29.0,1325.0,38425.0,2025-09-18
2025091801000716,HIDCLP,42,51,270.0,180.0,48600.0,2025-09-18
2025091801000715,HIDCLP,48,51,2000.0,180.0,360000.0,2025-09-18
2025091801000714,HIDCLP,32,51,1730.0,180.0,311400.0,2025-09-18
2025091805001116,BHL,40,56,60.0,170.0,10200.0,2025-09-18
2025091805001115,SHIVM,29,40,300.0,527.0,158100.0,2025-09-18
2025091801000713,SBL,50,56,1000.0,345.0,345000.0,2025-09-18
2025091803000503,NLIC,40,46,50.0,717.0,35850.0,2025-09-18
2025091803000502,SHINE,26,6,400.0,384.0,153600.0,2025-09-18
2025091803000501,LLBS,14,26,10.0,988.0,9880.0,2025-09-18
2025091801000712,GBIME,51,58,100.0,226.1,22610.0,2025-09-18
2025091801000711,HBL,21,58,10.0,188.9,1889.0,2025-09-18
2025091803000500,SMB,80,42,10.0,2145.0,21450.0,2025-09-18
2025091804001020,UMHL,61,86,350.0,535.2,187320.0,2025-09-18
2025091804001019,UMHL,61,86,50.0,535.2,26760.0,2025-09-18
2025091804001018,UMHL,45,86,100.0,539.1,53910.0,2025-09-18
2025091804001017,CGH,45,34,10.0,946.0,9460.0,2025-09-18
2025091801000710,NICA,42,58,50.0,314.6,15730.0,2025-09-18
2025091801000709,NICA,3,58,300.0,314.7,94410.0,2025-09-18
2025091805001114,SHIVM,29,49,20.0,527.0,10540.0,2025-09-18
2025091801000708,SBI,42,38,50.0,376.9,18845.0,2025-09-18
2025091801000707,HBL,52,32,100.0,188.9,18890.0,2025-09-18
2025091801000706,HBL,39,32,10.0,188.9,1889.0,2025-09-18
2025091805001113,CIT,58,38,20.0,1790.0,35800.0,2025-09-18
2025091804001016,GHL,45,33,1400.0,204.6,286440.0,2025-09-18
2025091804001015,UPCL,34,81,1000.0,382.0,382000.0,2025-09-18
2025091801000705,NBL,14,16,10.0,234.0,2340.0,2025-09-18
2025091805001112,CHDC,39,72,10.0,2252.0,22520.0,2025-09-18
2025091804001014,RADHI,66,58,500.0,700.0,350000.0,2025-09-18
2025091801000704,EBL,57,16,1000.0,669.0,669000.0,2025-09-18
2025091804001013,UNHPL,32,6,300.0,428.3,128490.0,2025-09-18
2025091801000703,KBL,48,51,64.0,181.0,11584.0,2025-09-18
2025091805001111,HDL,87,17,190.0,1291.0,245290.0,2025-09-18
2025091805001110,HDL,41,17,50.0,1291.0,64550.0,2025-09-18
2025091805001109,HDL,17,17,64.0,1291.0,82624.0,2025-09-18
2025091805001108,MKJC,29,28,10.0,542.6,5426.0,2025-09-18
2025091805001107,SONA,10,48,200.0,415.0,83000.0,2025-09-18
2025091805001106,RFPL,84,57,10.0,327.4,3274.0,2025-09-18
2025091801000702,SANIMA,50,19,2400.0,344.0,825600.0,2025-09-18
2025091803000499,KSBBL,50,54,500.0,486.0,243000.0,2025-09-18
2025091805001105,BHL,40,25,333.0,170.0,56610.0,2025-09-18
2025091805001104,BHL,40,36,10.0,169.0,1690.0,2025-09-18
2025091805001103,CHDC,62,58,12.0,2251.0,27012.0,2025-09-18
2025091805001102,HIDCL,53,18,100.0,246.0,24600.0,2025-09-18
2025091805001101,NIFRA,33,48,77.0,250.1,19257.7,2025-09-18
2025091805001100,DORDI,25,46,2000.0,218.8,437600.0,2025-09-18
2025091805001099,NIFRA,33,46,500.0,250.1,125050.0,2025-09-18
2025091804001012,BPCL,48,19,500.0,739.0,369500.0,2025-09-18
2025091804001011,SPDL,53,44,350.0,375.0,131250.0,2025-09-18
2025091804001010,SPDL,46,44,200.0,376.0,75200.0,2025-09-18
2025091801000701,GBIME,100,17,440.0,229.0,100760.0,2025-09-18
2025091803000498,GUFL,42,56,10.0,475.0,4750.0,2025-09-18
2025091803000497,GUFL,58,56,10.0,475.0,4750.0,2025-09-18
2025091803000496,GUFL,57,56,10.0,475.0,4750.0,2025-09-18
2025091801000700,KBL,32,57,13.0,180.2,2342.6,2025-09-18
2025091801000699,KBL,37,57,220.0,180.5,39710.0,2025-09-18
2025091801000698,KBL,58,57,167.0,180.5,30143.5,2025-09-18
2025091805001098,SAHAS,6,49,400.0,583.1,233240.0,2025-09-18
2025091801000697,HBL,39,42,10.0,188.9,1889.0,2025-09-18
2025091801000696,GBIME,51,26,200.0,226.1,45220.0,2025-09-18
2025091804001009,API,55,55,400.0,260.1,104040.0,2025-09-18
2025091803000495,MNBBL,52,6,20.0,420.0,8400.0,2025-09-18
2025091803000494,MNBBL,40,6,100.0,420.0,42000.0,2025-09-18
2025091803000493,MNBBL,1,6,122.0,420.0,51240.0,2025-09-18
2025091803000492,MNBBL,85,6,200.0,421.0,84200.0,2025-09-18
2025091803000491,MNBBL,67,6,100.0,421.1,42110.0,2025-09-18
2025091803000490,MNBBL,58,6,10.0,422.0,4220.0,2025-09-18
2025091803000489,MNBBL,49,6,225.0,422.0,94950.0,2025-09-18
2025091804001008,API,91,45,300.0,264.0,79200.0,2025-09-18
2025091804001007,LEC,34,7,1001.0,200.0,200200.0,2025-09-18
2025091801000695,NESDO,1,58,11.0,1428.1,15709.1,2025-09-18
2025091804001006,SHEL,70,58,25.0,275.0,6875.0,2025-09-18
2025091804001005,SHEL,70,14,115.0,275.0,31625.0,2025-09-18
2025091804001004,SHEL,70,44,860.0,274.9,236414.0,2025-09-18
2025091805001097,CIT,16,38,50.0,1790.0,89500.0,2025-09-18
2025091804001003,KPCL,49,40,200.0,501.6,100320.0,2025-09-18
2025091803000488,KSBBL,50,62,3049.0,486.0,1481814.0,2025-09-18
2025091803000487,KSBBL,8,62,130.0,487.0,63310.0,2025-09-18
2025091803000486,KSBBL,7,62,25.0,487.0,12175.0,2025-09-18
2025091803000485,KSBBL,94,62,2146.0,487.0,1045102.0,2025-09-18
2025091803000484,KSBBL,22,62,150.0,487.2,73080.0,2025-09-18
2025091803000483,KSBBL,95,62,500.0,487.2,243600.0,2025-09-18
2025091803000482,NLIC,32,46,200.0,717.0,143400.0,2025-09-18
2025091804001002,LEC,33,39,50.0,198.6,9930.0,2025-09-18
2025091804001001,LEC,34,39,100.0,198.6,19860.0,2025-09-18
2025091804001000,LEC,58,39,100.0,199.0,19900.0,2025-09-18
2025091804000999,SHPC,21,49,300.0,491.0,147300.0,2025-09-18
2025091805001096,SMATA,48,57,98.0,955.0,93590.0,2025-09-18
2025091805001095,SMATA,48,34,100.0,950.0,95000.0,2025-09-18
2025091805001094,SMATA,48,58,50.0,950.0,47500.0,2025-09-18
2025091805001093,SMATA,48,41,50.0,949.0,47450.0,2025-09-18
2025091805001092,SMATA,48,35,11.0,940.0,10340.0,2025-09-18
2025091805001091,SMATA,48,58,121.0,936.0,113256.0,2025-09-18
2025091805001090,SMATA,48,49,230.0,935.0,215050.0,2025-09-18
2025091805001089,SMATA,48,44,400.0,934.0,373600.0,2025-09-18
2025091805001088,SMATA,48,74,460.0,934.0,429640.0,2025-09-18
2025091804000998,HURJA,99,57,1458.0,215.0,313470.0,2025-09-18
2025091804000997,HURJA,99,28,150.0,214.0,32100.0,2025-09-18
2025091804000996,HURJA,99,34,382.0,211.2,80678.4,2025-09-18
2025091804000995,HURJA,99,69,10.0,207.0,2070.0,2025-09-18
2025091805001087,SHIVM,74,38,266.0,524.0,139384.0,2025-09-18
2025091805001086,SHIVM,58,38,734.0,525.0,385350.0,2025-09-18
2025091804000994,UNHPL,32,52,250.0,428.3,107075.0,2025-09-18
2025091805001085,HIDCL,53,57,280.0,246.0,68880.0,2025-09-18
2025091804000993,SHPC,56,49,300.0,491.0,147300.0,2025-09-18
2025091804000992,SHPC,22,49,200.0,491.0,98200.0,2025-09-18
2025091804000991,SHPC,16,49,270.0,491.0,132570.0,2025-09-18
2025091804000990,SHPC,38,49,200.0,492.0,98400.0,2025-09-18
2025091805001084,HHL,47,1,30.0,326.0,9780.0,2025-09-18
2025091801000694,KBL,58,48,88.0,180.5,15884.0,2025-09-18
2025091804000989,UPPER,91,1,862.0,170.0,146540.0,2025-09-18
2025091801000693,CREST,22,7,10.0,1005.3,10053.0,2025-09-18
2025091804000988,UMHL,13,42,20.0,542.1,10842.0,2025-09-18
2025091805001083,SHIVM,58,22,50.0,525.0,26250.0,2025-09-18
2025091804000987,SHEL,35,14,300.0,275.0,82500.0,2025-09-18
2025091805001082,SHIVM,58,1,166.0,525.0,87150.0,2025-09-18
2025091805001081,HRL,49,42,50.0,878.0,43900.0,2025-09-18
2025091805001080,HHL,47,48,500.0,326.0,163000.0,2025-09-18
2025091805001079,CHDC,45,72,10.0,2252.0,22520.0,2025-09-18
2025091805001078,CHDC,88,72,200.0,2252.1,450420.0,2025-09-18
2025091805001077,CHDC,33,72,200.0,2253.0,450600.0,2025-09-18
2025091805001076,CHDC,32,72,50.0,2253.0,112650.0,2025-09-18
2025091803000481,NLIC,94,32,54.0,702.0,37908.0,2025-09-18
2025091805001075,SAHAS,6,49,97.0,583.1,56560.7,2025-09-18
2025091805001074,SAHAS,34,49,11.0,583.1,6414.1,2025-09-18
2025091805001073,SMATA,48,74,20.0,934.0,18680.0,2025-09-18
2025091805001072,NRN,68,98,50.0,1833.1,91655.0,2025-09-18
2025091805001071,GVL,45,49,365.0,473.2,172718.0,2025-09-18
2025091805001070,GVL,53,49,100.0,474.0,47400.0,2025-09-18
2025091805001069,GVL,58,49,12.0,475.0,5700.0,2025-09-18
2025091804000986,SPDL,46,36,100.0,376.0,37600.0,2025-09-18
2025091803000480,SINDU,32,65,20.0,633.9,12678.0,2025-09-18
2025091804000985,UMHL,61,48,450.0,535.2,240840.0,2025-09-18
2025091804000984,UMHL,62,48,550.0,535.5,294525.0,2025-09-18
2025091801000692,JBLB,61,49,20.0,1325.0,26500.0,2025-09-18
2025091805001068,SHIVM,3,1,400.0,527.0,210800.0,2025-09-18
2025091804000983,HPPL,39,58,60.0,439.1,26346.0,2025-09-18
2025091801000691,CREST,22,58,10.0,1005.3,10053.0,2025-09-18
2025091804000982,SPDL,53,39,550.0,375.0,206250.0,2025-09-18
2025091801000690,SNLI,36,57,10.0,436.1,4361.0,2025-09-18
2025091804000981,RADHI,21,39,45.0,705.0,31725.0,2025-09-18
2025091801000689,CREST,22,58,10.0,1005.3,10053.0,2025-09-18
2025091805001067,SHIVM,3,72,100.0,527.0,52700.0,2025-09-18
2025091805001066,HRL,25,42,100.0,878.0,87800.0,2025-09-18
2025091801000688,EBL,49,13,500.0,668.0,334000.0,2025-09-18
2025091805001065,HIDCL,53,58,300.0,246.0,73800.0,2025-09-18
2025091801000687,TTL,42,38,64.0,695.0,44480.0,2025-09-18
2025091803000479,SADBL,60,1,500.0,384.0,192000.0,2025-09-18
2025091804000980,SHEL,59,6,1670.0,272.0,454240.0,2025-09-18
2025091805001064,NRIC,48,39,100.0,1468.7,146870.0,2025-09-18
2025091801000686,HBL,39,45,10.0,188.9,1889.0,2025-09-18
2025091804000979,UMHL,62,48,450.0,535.5,240975.0,2025-09-18
2025091804000978,UMHL,85,48,1000.0,535.6,535600.0,2025-09-18
2025091804000977,UMHL,67,48,300.0,539.0,161700.0,2025-09-18
2025091804000976,UMHL,7,48,250.0,539.1,134775.0,2025-09-18
2025091805001063,SHIVM,74,35,1450.0,524.0,759800.0,2025-09-18
2025091805001062,SHIVM,57,35,100.0,525.0,52500.0,2025-09-18
2025091805001061,SHIVM,58,35,40.0,525.0,21000.0,2025-09-18
2025091805001060,SHIVM,37,35,150.0,525.0,78750.0,2025-09-18
2025091805001059,SHIVM,45,35,500.0,525.0,262500.0,2025-09-18
2025091805001058,SHIVM,3,35,700.0,525.3,367710.0,2025-09-18
2025091805001057,SHIVM,47,35,300.0,525.3,157590.0,2025-09-18
2025091805001056,SHIVM,22,35,760.0,526.0,399760.0,2025-09-18
2025091801000685,HIDCLP,32,17,270.0,180.0,48600.0,2025-09-18
2025091801000684,HIDCLP,58,17,30.0,180.0,5400.0,2025-09-18
2025091804000975,UPCL,26,45,100.0,378.2,37820.0,2025-09-18
2025091803000478,BFC,8,22,10.0,437.1,4371.0,2025-09-18
2025091803000477,BFC,62,22,10.0,438.0,4380.0,2025-09-18
2025091801000683,SANIMA,50,21,600.0,344.0,206400.0,2025-09-18
2025091801000682,NABIL,58,1,10.0,480.0,4800.0,2025-09-18
2025091803000476,SAPDBL,11,35,290.0,704.0,204160.0,2025-09-18
2025091801000681,LSL,34,43,280.0,217.0,60760.0,2025-09-18
2025091804000974,AKPL,3,58,20.0,230.0,4600.0,2025-09-18
2025091805001055,SHIVM,58,72,400.0,527.0,210800.0,2025-09-18
2025091801000680,CREST,22,34,20.0,1005.3,20106.0,2025-09-18
2025091801000679,CREST,57,34,300.0,1005.3,301590.0,2025-09-18
2025091801000678,CREST,8,34,80.0,1005.3,80424.0,2025-09-18
2025091804000973,SHEL,59,56,754.0,272.0,205088.0,2025-09-18
2025091804000972,SHEL,71,56,500.0,272.0,136000.0,2025-09-18
2025091804000971,SHEL,13,56,1000.0,272.0,272000.0,2025-09-18
2025091804000970,SHEL,34,56,1000.0,272.0,272000.0,2025-09-18
2025091804000969,SHEL,28,56,500.0,272.0,136000.0,2025-09-18
2025091804000968,SHEL,57,56,200.0,272.0,54400.0,2025-09-18
2025091804000967,SHEL,41,56,16.0,272.0,4352.0,2025-09-18
2025091804000966,SHEL,59,56,30.0,275.0,8250.0,2025-09-18
2025091805001054,SANVI,4,58,10.0,566.0,5660.0,2025-09-18
2025091805001053,SANVI,38,58,200.0,567.0,113400.0,2025-09-18
2025091804000965,JOSHI,36,58,100.0,266.6,26660.0,2025-09-18
2025091801000677,NABIL,58,1,30.0,485.0,14550.0,2025-09-18
2025091801000676,HBL,39,56,10.0,188.9,1889.0,2025-09-18
2025091805001052,HDL,88,17,100.0,1292.0,129200.0,2025-09-18
2025091804000964,HDHPC,39,91,50.0,166.6,8330.0,2025-09-18
2025091804000963,HDHPC,57,91,50.0,167.6,8380.0,2025-09-18
2025091804000962,HDHPC,18,91,10.0,167.7,1677.0,2025-09-18
2025091805001051,HDL,17,34,170.0,1291.0,219470.0,2025-09-18
2025091804000961,NLG,91,13,15.0,730.0,10950.0,2025-09-18
2025091805001050,NTC,59,58,50.0,762.5,38125.0,2025-09-18
2025091805001049,NRN,66,38,21.0,1833.0,38493.0,2025-09-18
2025091804000960,BPCL,94,48,111.0,738.0,81918.0,2025-09-18
2025091804000959,BPCL,59,48,189.0,738.4,139557.6,2025-09-18
2025091801000675,HBL,39,1,10.0,188.9,1889.0,2025-09-18
2025091805001048,HRL,32,42,50.0,878.0,43900.0,2025-09-18
2025091805001047,SAHAS,4,62,1390.0,583.0,810370.0,2025-09-18
2025091805001046,SAHAS,53,62,70.0,584.0,40880.0,2025-09-18
2025091804000958,UNHPL,26,48,1054.0,428.4,451533.6,2025-09-18
2025091801000674,SNLI,36,49,65.0,436.1,28346.5,2025-09-18
2025091803000475,LBBL,85,26,1647.0,472.4,778042.8,2025-09-18
2025091803000474,LBBL,34,26,5000.0,474.0,2370000.0,2025-09-18
2025091803000473,LBBL,62,26,1000.0,481.2,481200.0,2025-09-18
2025091803000472,LBBL,87,26,100.0,481.9,48190.0,2025-09-18
2025091803000471,LBBL,43,26,600.0,482.0,289200.0,2025-09-18
2025091803000470,LBBL,45,26,863.0,482.0,415966.0,2025-09-18
2025091801000673,CYCL,32,40,10.0,1533.2,15332.0,2025-09-18
2025091801000672,CYCL,49,40,40.0,1535.0,61400.0,2025-09-18
2025091805001045,NRN,66,58,247.0,1833.0,452751.0,2025-09-18
2025091804000957,AKPL,58,58,30.0,230.0,6900.0,2025-09-18
2025091805001044,MKJC,29,29,800.0,542.6,434080.0,2025-09-18
2025091805001043,MKJC,62,29,200.0,545.0,109000.0,2025-09-18
2025091801000671,SARBTM,35,16,43.0,841.0,36163.0,2025-09-18
2025091804000956,BPCL,58,19,137.0,739.0,101243.0,2025-09-18
2025091804000955,BPCL,58,14,110.0,739.0,81290.0,2025-09-18
2025091805001042,SPL,80,84,465.0,888.5,413152.5,2025-09-18
2025091805001041,CLI,32,4,40.0,428.0,17120.0,2025-09-18
2025091803000469,USLB,63,63,10.0,1772.9,17729.0,2025-09-18
2025091803000468,USLB,48,63,40.0,1809.0,72360.0,2025-09-18
2025091805001040,SAHAS,53,11,30.0,583.1,17493.0,2025-09-18
2025091803000467,MLBL,14,1,100.0,356.0,35600.0,2025-09-18
2025091801000670,EBL,45,55,79.0,662.1,52305.9,2025-09-18
2025091804000954,AKPL,58,58,710.0,230.0,163300.0,2025-09-18
2025091804000953,AKPL,13,58,20.0,231.0,4620.0,2025-09-18
2025091805001039,BHL,25,25,517.0,170.0,87890.0,2025-09-18
2025091804000952,SSHL,74,57,80.0,158.5,12680.0,2025-09-18
2025091805001038,SMATA,52,48,100.0,900.0,90000.0,2025-09-18
2025091804000951,BPCL,58,44,150.0,739.0,110850.0,2025-09-18
2025091803000466,LBBL,45,77,400.0,482.0,192800.0,2025-09-18
2025091803000465,LBBL,60,77,55.0,482.1,26515.5,2025-09-18
2025091805001037,NTC,59,49,30.0,762.5,22875.0,2025-09-18
2025091805001036,NTC,58,49,80.0,763.0,61040.0,2025-09-18
2025091803000464,MNBBL,49,58,75.0,422.0,31650.0,2025-09-18
2025091801000669,NIMB,33,58,31.0,191.0,5921.0,2025-09-18
2025091801000668,HBL,39,58,10.0,188.9,1889.0,2025-09-18
2025091801000667,HBL,39,45,10.0,188.9,1889.0,2025-09-18
2025091801000666,SANIMA,50,19,1129.0,344.0,388376.0,2025-09-18
2025091804000950,CHCL,1,28,240.0,462.6,111024.0,2025-09-18
2025091805001035,HIDCL,11,71,1000.0,245.0,245000.0,2025-09-18
2025091804000949,HDHPC,48,25,100.0,170.0,17000.0,2025-09-18
2025091804000948,HDHPC,48,8,100.0,170.0,17000.0,2025-09-18
2025091804000947,UPCL,95,62,64.0,376.0,24064.0,2025-09-18
2025091804000946,UPCL,43,62,1226.0,376.0,460976.0,2025-09-18
2025091801000665,LSL,7,42,100.0,215.0,21500.0,2025-09-18
2025091805001034,RNLI,10,49,500.0,430.0,215000.0,2025-09-18
2025091805001033,MBJC,6,38,215.0,284.2,61103.0,2025-09-18
2025091805001032,MBJC,34,38,30.0,284.2,8526.0,2025-09-18
2025091805001031,MBJC,21,38,55.0,284.5,15647.5,2025-09-18
2025091805001030,MBJC,49,38,10.0,285.0,2850.0,2025-09-18
2025091805001029,MBJC,49,38,10.0,285.0,2850.0,2025-09-18
2025091804000945,BPCL,58,8,199.0,739.0,147061.0,2025-09-18
2025091804000944,SHEL,41,34,184.0,272.0,50048.0,2025-09-18
2025091804000943,SHEL,22,34,300.0,272.0,81600.0,2025-09-18
2025091804000942,SHEL,45,34,20.0,272.0,5440.0,2025-09-18
2025091804000941,SHEL,33,34,200.0,274.9,54980.0,2025-09-18
2025091804000940,SHEL,33,34,40.0,275.0,11000.0,2025-09-18
2025091804000939,SHEL,34,34,206.0,275.0,56650.0,2025-09-18
2025091804000938,SHEL,53,34,50.0,276.0,13800.0,2025-09-18
2025091805001028,NRIC,59,39,859.0,1468.7,1261613.3,2025-09-18
2025091805001027,NRIC,59,55,141.0,1468.7,207086.7,2025-09-18
2025091805001026,SAHAS,42,11,170.0,583.1,99127.0,2025-09-18
2025091805001025,SAHAS,42,62,60.0,583.1,34986.0,2025-09-18
2025091804000937,SHEL,53,51,150.0,275.1,41265.0,2025-09-18
2025091801000664,PURE,58,58,15.0,739.6,11094.0,2025-09-18
2025091805001024,MKHC,32,58,10.0,371.0,3710.0,2025-09-18
2025091804000936,UPCL,43,7,303.0,376.0,113928.0,2025-09-18
2025091804000935,UPCL,43,7,200.0,376.1,75220.0,2025-09-18
2025091804000934,UPCL,32,7,100.0,376.1,37610.0,2025-09-18
2025091804000933,UPCL,25,7,250.0,377.0,94250.0,2025-09-18
2025091804000932,UPCL,10,7,1000.0,377.0,377000.0,2025-09-18
2025091804000931,UPCL,84,7,5000.0,378.0,1890000.0,2025-09-18
2025091804000930,UPCL,95,7,100.0,378.0,37800.0,2025-09-18
2025091804000929,UPCL,39,7,10.0,378.0,3780.0,2025-09-18
2025091804000928,UPCL,36,7,110.0,378.0,41580.0,2025-09-18
2025091804000927,UPCL,91,7,320.0,378.1,120992.0,2025-09-18
2025091804000926,UPCL,72,7,500.0,380.0,190000.0,2025-09-18
2025091804000925,UPCL,38,7,107.0,380.0,40660.0,2025-09-18
2025091805001023,SONA,32,48,100.0,416.5,41650.0,2025-09-18
2025091801000663,SANIMA,50,49,840.0,344.0,288960.0,2025-09-18
2025091801000662,SANIMA,47,49,300.0,344.0,103200.0,2025-09-18
2025091801000661,SANIMA,13,49,20.0,345.0,6900.0,2025-09-18
2025091804000924,SHEL,34,42,20.0,275.0,5500.0,2025-09-18
2025091805001022,GCIL,52,54,102.0,457.8,46695.6,2025-09-18
2025091805001021,GCIL,52,10,300.0,457.8,137340.0,2025-09-18
2025091805001020,GCIL,52,6,98.0,457.8,44864.4,2025-09-18
2025091804000923,NLG,91,58,60.0,730.0,43800.0,2025-09-18
2025091801000660,NMIC,7,32,100.0,1090.0,109000.0,2025-09-18
2025091805001019,HRL,45,42,20.0,878.0,17560.0,2025-09-18
2025091801000659,HBL,39,29,10.0,188.9,1889.0,2025-09-18
2025091805001018,NIFRA,32,58,15.0,250.0,3750.0,2025-09-18
2025091805001017,SAHAS,4,14,60.0,583.0,34980.0,2025-09-18
2025091801000658,SNLI,36,77,69.0,436.1,30090.9,2025-09-18
2025091804000922,UAIL,91,1,42.0,463.2,19454.4,2025-09-18
2025091805001016,HDL,17,16,100.0,1291.0,129100.0,2025-09-18
2025091805001015,HDL,66,16,100.0,1292.0,129200.0,2025-09-18
2025091804000921,UPCL,91,71,380.0,378.1,143678.0,2025-09-18
2025091801000657,SARBTM,36,1,200.0,830.0,166000.0,2025-09-18
2025091804000920,AKPL,45,45,134.0,233.0,31222.0,2025-09-18
2025091804000919,AKPL,45,16,256.0,231.0,59136.0,2025-09-18
2025091805001014,BHL,25,54,400.0,170.0,68000.0,2025-09-18
2025091801000656,TTL,4,38,232.0,695.0,161240.0,2025-09-18
2025091801000655,SANIMA,13,64,80.0,345.0,27600.0,2025-09-18
2025091804000918,UMHL,7,49,50.0,539.1,26955.0,2025-09-18
2025091805001013,NTC,59,45,80.0,762.5,61000.0,2025-09-18
2025091805001012,NIFRA,34,45,54.0,250.0,13500.0,2025-09-18
2025091804000917,NGPL,34,75,373.0,375.6,140098.8,2025-09-18
2025091804000916,NGPL,34,36,580.0,375.6,217848.0,2025-09-18
2025091804000915,NGPL,34,48,38.0,375.6,14272.8,2025-09-18
2025091804000914,NGPL,34,34,5009.0,365.0,1828285.0,2025-09-18
2025091805001011,BBC,58,1,10.0,4846.6,48466.0,2025-09-18
2025091803000463,EDBL,25,58,36.0,588.0,21168.0,2025-09-18
2025091803000462,EDBL,58,58,210.0,588.0,123480.0,2025-09-18
2025091804000913,GLH,22,32,100.0,237.2,23720.0,2025-09-18
2025091801000654,TTL,4,49,10.0,695.0,6950.0,2025-09-18
2025091804000912,AHPC,41,1,65.0,266.0,17290.0,2025-09-18
2025091804000911,AHPC,41,1,55.0,266.0,14630.0,2025-09-18
2025091805001010,CHDC,45,7,3990.0,2252.0,8985480.0,2025-09-18
2025091805001009,CHDC,16,7,10.0,2260.0,22600.0,2025-09-18
2025091804000910,NLG,91,45,25.0,730.0,18250.0,2025-09-18
2025091804000909,RADHI,21,48,30.0,705.0,21150.0,2025-09-18
2025091804000908,BPCL,58,32,100.0,739.0,73900.0,2025-09-18
2025091801000653,SARBTM,36,62,156.0,830.0,129480.0,2025-09-18
2025091801000652,SARBTM,58,62,25.0,831.0,20775.0,2025-09-18
2025091805001008,CIT,43,19,25.0,1800.0,45000.0,2025-09-18
2025091803000461,ACLBSL,41,41,50.0,980.0,49000.0,2025-09-18
2025091803000460,ACLBSL,14,41,15.0,980.0,14700.0,2025-09-18
2025091804000907,SHEL,34,18,100.0,275.0,27500.0,2025-09-18
2025091803000459,SJLIC,41,49,50.0,396.0,19800.0,2025-09-18
2025091803000458,SJLIC,47,49,10.0,396.0,3960.0,2025-09-18
2025091803000457,LBBL,60,58,945.0,482.1,455584.5,2025-09-18
2025091803000456,LBBL,91,58,55.0,483.0,26565.0,2025-09-18
2025091801000651,CREST,16,56,60.0,1006.1,60366.0,2025-09-18
2025091805001007,BHL,25,38,483.0,170.0,82110.0,2025-09-18
2025091803000455,GFCL,21,14,7.0,575.0,4025.0,2025-09-18
2025091803000454,GFCL,21,62,470.0,575.0,270250.0,2025-09-18
2025091801000650,KBL,58,64,160.0,180.5,28880.0,2025-09-18
2025091804000906,UNHPL,26,57,600.0,428.4,257040.0,2025-09-18
2025091801000649,HBL,39,58,10.0,188.9,1889.0,2025-09-18
2025091803000453,EDBL,58,39,290.0,588.0,170520.0,2025-09-18
2025091804000905,BPCL,58,17,304.0,739.0,224656.0,2025-09-18
2025091805001006,SANVI,4,38,10.0,566.0,5660.0,2025-09-18
2025091805001005,SHIVM,22,13,240.0,526.0,126240.0,2025-09-18
2025091805001004,HHL,47,58,290.0,326.0,94540.0,2025-09-18
2025091804000904,CHCL,8,28,160.0,462.6,74016.0,2025-09-18
2025091804000903,CHCL,58,28,50.0,463.0,23150.0,2025-09-18
2025091804000902,CHCL,7,28,50.0,463.1,23155.0,2025-09-18
2025091803000452,KSBBL,74,50,200.0,493.0,98600.0,2025-09-18
2025091801000648,HBL,39,34,10.0,188.9,1889.0,2025-09-18
2025091804000901,UNHPL,26,45,346.0,428.4,148226.4,2025-09-18
2025091804000900,UNHPL,28,45,854.0,429.1,366451.4,2025-09-18
2025091805001003,NRN,66,42,11.0,1833.0,20163.0,2025-09-18
2025091805001002,NIFRA,34,57,100.0,250.0,25000.0,2025-09-18
2025091801000647,NIMB,57,58,1000.0,190.1,190100.0,2025-09-18
2025091805001001,SHIVM,70,42,779.0,525.3,409208.7,2025-09-18
2025091801000646,TTL,6,58,20.0,695.9,13918.0,2025-09-18
2025091803000451,BFC,58,56,56.0,445.0,24920.0,2025-09-18
2025091804000899,HPPL,39,19,25.0,439.1,10977.5,2025-09-18
2025091805001000,NIFRA,34,41,48.0,250.0,12000.0,2025-09-18
2025091805000999,NIFRA,66,41,501.0,250.0,125250.0,2025-09-18
2025091805000998,NIFRA,38,41,500.0,250.3,125150.0,2025-09-18
2025091805000997,NIFRA,4,41,146.0,252.0,36792.0,2025-09-18
2025091805000996,NIFRA,14,41,805.0,254.0,204470.0,2025-09-18
2025091801000645,NABIL,34,54,20.0,480.0,9600.0,2025-09-18
2025091801000644,NABIL,34,43,200.0,480.0,96000.0,2025-09-18
2025091801000643,NABIL,34,58,91.0,480.0,43680.0,2025-09-18
2025091804000898,SHEL,14,51,250.0,276.0,69000.0,2025-09-18
2025091805000995,RNLI,10,34,12.0,423.1,5077.2,2025-09-18
2025091805000994,NIFRA,14,6,100.0,254.0,25400.0,2025-09-18
2025091804000897,BPCL,99,17,396.0,739.0,292644.0,2025-09-18
2025091805000993,CHDC,89,81,40.0,2280.0,91200.0,2025-09-18
2025091805000992,NTC,57,45,200.0,763.0,152600.0,2025-09-18
2025091805000991,NTC,57,45,30.0,763.0,22890.0,2025-09-18
2025091805000990,NTC,41,45,60.0,763.0,45780.0,2025-09-18
2025091805000989,NTC,87,45,100.0,775.0,77500.0,2025-09-18
2025091805000988,NTC,42,45,30.0,775.0,23250.0,2025-09-18
2025091805000987,NRIC,58,55,10.0,1468.7,14687.0,2025-09-18
2025091803000450,SAPDBL,11,22,210.0,704.0,147840.0,2025-09-18
2025091803000449,MNBBL,29,14,420.0,427.0,179340.0,2025-09-18
2025091803000448,MNBBL,29,59,80.0,426.8,34144.0,2025-09-18
2025091801000642,NABIL,14,58,240.0,480.0,115200.0,2025-09-18
2025091801000641,NABIL,14,1,100.0,480.0,48000.0,2025-09-18
2025091801000640,NABIL,14,34,660.0,480.0,316800.0,2025-09-18
2025091805000986,SAHAS,4,17,500.0,583.0,291500.0,2025-09-18
2025091804000896,AKPL,48,16,500.0,231.0,115500.0,2025-09-18
2025091801000639,NWCL,35,58,130.0,800.0,104000.0,2025-09-18
2025091803000447,FMDBL,32,45,111.0,777.0,86247.0,2025-09-18
2025091803000446,FMDBL,32,45,170.0,777.0,132090.0,2025-09-18
2025091803000445,FMDBL,58,45,100.0,777.1,77710.0,2025-09-18
2025091801000638,TTL,4,42,170.0,695.0,118150.0,2025-09-18
2025091804000895,SSHL,36,1,300.0,161.5,48450.0,2025-09-18
2025091804000894,SHL,6,16,100.0,512.5,51250.0,2025-09-18
2025091801000637,HBL,39,55,10.0,188.9,1889.0,2025-09-18
2025091804000893,SHEL,14,62,150.0,276.0,41400.0,2025-09-18
2025091804000892,BPCL,99,45,555.0,739.0,410145.0,2025-09-18
2025091801000636,SNLI,36,48,600.0,436.1,261660.0,2025-09-18
2025091801000635,PRVU,29,34,109.0,193.5,21091.5,2025-09-18
2025091803000444,MATRI,47,42,100.0,971.0,97100.0,2025-09-18
2025091805000985,SHIVM,53,42,200.0,525.3,105060.0,2025-09-18
2025091805000984,GVL,58,49,10.0,473.2,4732.0,2025-09-18
2025091805000983,GVL,25,49,50.0,474.0,23700.0,2025-09-18
2025091805000982,GVL,51,49,200.0,474.0,94800.0,2025-09-18
2025091805000981,GVL,26,49,1000.0,481.0,481000.0,2025-09-18
2025091805000980,GVL,38,49,10.0,481.0,4810.0,2025-09-18
2025091805000979,GVL,58,49,39.0,481.0,18759.0,2025-09-18
2025091805000978,GVL,60,49,214.0,481.1,102955.4,2025-09-18
2025091801000634,GBIME,58,17,10.0,229.0,2290.0,2025-09-18
2025091804000891,UNHPL,28,97,86.0,429.1,36902.6,2025-09-18
2025091804000890,UNHPL,7,97,100.0,430.0,43000.0,2025-09-18
2025091804000889,UNHPL,49,97,214.0,430.0,92020.0,2025-09-18
2025091804000888,SHEL,54,34,100.0,277.1,27710.0,2025-09-18
2025091805000977,BHL,25,58,100.0,170.0,17000.0,2025-09-18
2025091805000976,HRL,45,42,50.0,878.0,43900.0,2025-09-18
2025091805000975,HDL,17,4,200.0,1291.0,258200.0,2025-09-18
2025091804000887,CHCL,86,58,36.0,472.0,16992.0,2025-09-18
2025091805000974,NIFRA,14,35,95.0,254.0,24130.0,2025-09-18
2025091804000886,AKPL,10,58,87.0,231.0,20097.0,2025-09-18
2025091804000885,AKPL,10,58,80.0,231.0,18480.0,2025-09-18
2025091804000884,AKPL,10,45,325.0,230.0,74750.0,2025-09-18
2025091804000883,UPCL,36,100,500.0,378.0,189000.0,2025-09-18
2025091804000882,SHEL,14,41,100.0,276.0,27600.0,2025-09-18
2025091801000633,TTL,4,58,265.0,695.0,184175.0,2025-09-18
2025091801000632,KBL,58,50,140.0,180.5,25270.0,2025-09-18
2025091801000631,KBL,32,50,200.0,181.0,36200.0,2025-09-18
2025091801000630,KBL,8,50,160.0,181.3,29008.0,2025-09-18
2025091805000973,HDL,17,22,60.0,1291.0,77460.0,2025-09-18
2025091801000629,SANIMA,55,64,20.0,345.0,6900.0,2025-09-18
2025091803000443,MLBL,14,57,100.0,356.0,35600.0,2025-09-18
2025091801000628,CREST,47,34,30.0,1006.1,30183.0,2025-09-18
2025091801000627,GBIME,44,44,243.0,226.0,54918.0,2025-09-18
2025091801000626,GBIME,48,44,370.0,226.0,83620.0,2025-09-18
2025091803000442,LBBL,91,58,145.0,483.0,70035.0,2025-09-18
2025091803000441,LBBL,59,58,200.0,483.0,96600.0,2025-09-18
2025091803000440,LBBL,4,58,40.0,484.0,19360.0,2025-09-18
2025091801000625,CREST,47,56,10.0,1006.1,10061.0,2025-09-18
2025091804000881,GHL,25,32,700.0,204.6,143220.0,2025-09-18
2025091804000880,NGPL,45,28,770.0,364.5,280665.0,2025-09-18
2025091801000624,EBL,45,49,22.0,661.1,14544.2,2025-09-18
2025091801000623,HBL,39,38,10.0,188.9,1889.0,2025-09-18
2025091801000622,JBLB,32,21,125.0,1340.0,167500.0,2025-09-18
2025091803000439,NLIC,26,56,20.0,710.7,14214.0,2025-09-18
2025091805000972,HATHY,38,58,10.0,960.0,9600.0,2025-09-18
2025091805000971,SONA,44,34,90.0,412.0,37080.0,2025-09-18
2025091805000970,SONA,41,34,10.0,416.0,4160.0,2025-09-18
2025091804000879,UNHPL,49,50,450.0,430.0,193500.0,2025-09-18
2025091805000969,CHDC,60,81,200.0,2280.0,456000.0,2025-09-18
2025091805000968,CHDC,60,45,100.0,2279.0,227900.0,2025-09-18
2025091804000878,AKJCL,45,56,190.0,182.0,34580.0,2025-09-18
2025091804000877,AKJCL,45,69,10.0,181.3,1813.0,2025-09-18
2025091804000876,UMHL,62,43,10.0,550.0,5500.0,2025-09-18
2025091801000621,SNLI,36,53,16.0,436.1,6977.6,2025-09-18
2025091804000875,AHPC,41,57,200.0,266.0,53200.0,2025-09-18
2025091801000620,KBL,8,58,40.0,181.3,7252.0,2025-09-18
2025091804000874,UNHPL,49,8,336.0,430.0,144480.0,2025-09-18
2025091804000873,UNHPL,17,8,500.0,430.0,215000.0,2025-09-18
2025091804000872,AKPL,40,45,100.0,230.0,23000.0,2025-09-18
2025091801000619,NABIL,34,34,100.0,480.0,48000.0,2025-09-18
2025091804000871,AKPL,58,45,13.0,230.0,2990.0,2025-09-18
2025091801000618,TTL,4,62,170.0,695.0,118150.0,2025-09-18
2025091804000870,AKPL,33,45,1000.0,230.0,230000.0,2025-09-18
2025091804000869,AKPL,33,45,100.0,230.0,23000.0,2025-09-18
2025091804000868,AKPL,36,45,322.0,230.0,74060.0,2025-09-18
2025091804000867,AKPL,62,45,100.0,230.1,23010.0,2025-09-18
2025091804000866,AKPL,46,45,40.0,230.5,9220.0,2025-09-18
2025091803000438,GBBL,41,19,100.0,401.6,40160.0,2025-09-18
2025091805000967,CIT,57,19,39.0,1800.0,70200.0,2025-09-18
2025091804000865,BPCL,99,43,49.0,739.0,36211.0,2025-09-18
2025091804000864,BPCL,48,43,51.0,739.1,37694.1,2025-09-18
2025091805000966,SHIVM,45,21,1500.0,525.0,787500.0,2025-09-18
2025091804000863,UNHPL,58,45,30.0,430.1,12903.0,2025-09-18
2025091804000862,NGPL,91,34,15.0,365.0,5475.0,2025-09-18
2025091801000617,SNLI,36,58,113.0,436.1,49279.3,2025-09-18
2025091804000861,RIDI,39,38,50.0,210.1,10505.0,2025-09-18
2025091804000860,RIDI,32,38,50.0,210.2,10510.0,2025-09-18
2025091803000437,LBBL,99,35,10.0,490.0,4900.0,2025-09-18
2025091801000616,NABIL,58,34,10.0,480.0,4800.0,2025-09-18
2025091801000615,NIMB,1,58,100.0,191.0,19100.0,2025-09-18
2025091805000965,HHL,47,57,10.0,326.0,3260.0,2025-09-18
2025091805000964,HHL,47,58,170.0,325.0,55250.0,2025-09-18
2025091805000963,HDL,17,58,50.0,1291.0,64550.0,2025-09-18
2025091804000859,UPPER,14,32,137.0,172.5,23632.5,2025-09-18
2025091804000858,UPPER,14,16,363.0,172.5,62617.5,2025-09-18
2025091805000962,SHIVM,25,42,200.0,525.3,105060.0,2025-09-18
2025091804000857,SHEL,34,55,944.0,275.0,259600.0,2025-09-18
2025091804000856,SHEL,38,55,56.0,275.0,15400.0,2025-09-18
2025091801000614,SANIMA,47,16,200.0,344.0,68800.0,2025-09-18
2025091801000613,SANIMA,46,16,300.0,344.0,103200.0,2025-09-18
2025091804000855,UPCL,39,71,50.0,380.0,19000.0,2025-09-18
2025091805000961,CLI,32,6,65.0,428.0,27820.0,2025-09-18
2025091804000854,UNHPL,17,53,500.0,430.0,215000.0,2025-09-18
2025091801000612,HBL,39,76,10.0,188.9,1889.0,2025-09-18
2025091801000611,SNLI,36,41,16.0,436.1,6977.6,2025-09-18
2025091801000610,LSL,7,19,21.0,215.0,4515.0,2025-09-18
2025091805000960,CLI,45,58,61.0,429.3,26187.3,2025-09-18
2025091805000959,CLI,45,38,13.0,429.3,5580.9,2025-09-18
2025091805000958,CLI,45,36,49.0,429.3,21035.7,2025-09-18
2025091801000609,NABIL,58,47,900.0,476.0,428400.0,2025-09-18
2025091804000853,AKPL,38,58,50.0,231.0,11550.0,2025-09-18
2025091801000608,NMIC,45,43,10.0,1107.0,11070.0,2025-09-18
2025091805000957,CIT,57,58,81.0,1800.0,145800.0,2025-09-18
2025091803000436,GFCL,21,44,100.0,575.0,57500.0,2025-09-18
2025091805000956,NIFRA,4,6,54.0,252.0,13608.0,2025-09-18
2025091803000435,SKBBL,6,50,30.0,815.4,24462.0,2025-09-18
2025091803000434,SKBBL,16,50,100.0,815.4,81540.0,2025-09-18
2025091805000955,SHIVM,7,42,510.0,526.0,268260.0,2025-09-18
2025091805000954,NRIC,36,55,10.0,1468.7,14687.0,2025-09-18
2025091805000953,HIDCL,62,92,40.0,250.0,10000.0,2025-09-18
2025091801000607,SBL,58,43,250.0,344.1,86025.0,2025-09-18
2025091803000433,LICN,94,62,50.0,815.0,40750.0,2025-09-18
2025091804000852,SHEL,38,55,944.0,275.0,259600.0,2025-09-18
2025091804000851,SHEL,28,55,106.0,275.0,29150.0,2025-09-18
2025091804000850,SHEL,57,55,30.0,276.0,8280.0,2025-09-18
2025091803000432,GFCL,21,58,88.0,575.0,50600.0,2025-09-18
2025091801000606,HBL,39,62,10.0,188.9,1889.0,2025-09-18
2025091801000605,HBL,39,43,10.0,188.9,1889.0,2025-09-18
2025091805000952,NIFRA,4,19,500.0,252.0,126000.0,2025-09-18
2025091801000604,NABIL,58,36,110.0,476.0,52360.0,2025-09-18
2025091801000603,TTL,4,58,10.0,695.0,6950.0,2025-09-18
2025091803000431,KSBBL,94,38,600.0,487.0,292200.0,2025-09-18
2025091803000430,KSBBL,29,38,500.0,487.1,243550.0,2025-09-18
2025091803000429,KSBBL,3,38,1000.0,487.1,487100.0,2025-09-18
2025091804000849,BARUN,42,41,35.0,304.0,10640.0,2025-09-18
2025091803000428,MFIL,50,57,38.0,629.1,23905.8,2025-09-18
2025091805000951,HDL,17,65,356.0,1291.0,459596.0,2025-09-18
2025091801000602,HBL,48,22,10.0,188.9,1889.0,2025-09-18
2025091805000950,HIDCL,29,92,100.0,250.0,25000.0,2025-09-18
2025091805000949,NRIC,48,55,100.0,1468.7,146870.0,2025-09-18
2025091803000427,MLBL,14,45,199.0,356.0,70844.0,2025-09-18
2025091805000948,BHL,41,55,10.0,170.1,1701.0,2025-09-18
2025091805000947,SAHAS,35,42,69.0,582.2,40171.8,2025-09-18
2025091805000946,SAHAS,44,42,931.0,583.0,542773.0,2025-09-18
2025091805000945,SAHAS,44,17,131.0,583.0,76373.0,2025-09-18
2025091805000944,HRL,19,42,30.0,878.0,26340.0,2025-09-18
2025091804000848,UMHL,62,14,99.0,542.1,53667.9,2025-09-18
2025091805000943,NIFRA,4,48,800.0,252.0,201600.0,2025-09-18
2025091805000942,NIFRA,42,48,200.0,252.0,50400.0,2025-09-18
2025091801000601,LSL,34,43,220.0,217.0,47740.0,2025-09-18
2025091804000847,SHEL,28,38,394.0,275.0,108350.0,2025-09-18
2025091804000846,SHEL,51,38,1500.0,275.0,412500.0,2025-09-18
2025091804000845,SHEL,33,38,836.0,275.0,229900.0,2025-09-18
2025091804000844,SHEL,26,38,100.0,275.3,27530.0,2025-09-18
2025091805000941,SAHAS,44,16,800.0,583.0,466400.0,2025-09-18
2025091804000843,HURJA,45,34,100.0,211.2,21120.0,2025-09-18
2025091801000600,NIMB,62,38,100.0,191.0,19100.0,2025-09-18
2025091801000599,TTL,4,47,150.0,695.0,104250.0,2025-09-18
2025091801000598,HBL,48,49,10.0,188.9,1889.0,2025-09-18
2025091804000842,API,91,4,40.0,264.0,10560.0,2025-09-18
2025091804000841,UPCL,36,32,150.0,378.0,56700.0,2025-09-18
2025091805000940,STC,39,39,10.0,4835.0,48350.0,2025-09-18
2025091804000840,RADHI,21,64,25.0,705.0,17625.0,2025-09-18
2025091805000939,SIKLES,66,43,500.0,664.0,332000.0,2025-09-18
2025091805000938,MAKAR,14,57,10.0,538.6,5386.0,2025-09-18
2025091803000426,SADBL,33,1,400.0,384.2,153680.0,2025-09-18
2025091805000937,NIFRA,66,36,40.0,250.0,10000.0,2025-09-18
2025091803000425,JFL,33,6,10.0,418.8,4188.0,2025-09-18
2025091801000597,SCB,58,19,10.0,607.0,6070.0,2025-09-18
2025091804000839,AKPL,10,58,270.0,231.0,62370.0,2025-09-18
2025091801000596,PRVU,29,51,91.0,193.5,17608.5,2025-09-18
2025091801000595,HBL,48,32,10.0,188.9,1889.0,2025-09-18
2025091801000594,GBIME,48,22,100.0,226.0,22600.0,2025-09-18
2025091801000593,GBIME,43,22,100.0,226.1,22610.0,2025-09-18
2025091804000838,NGPL,99,34,100.0,365.0,36500.0,2025-09-18
2025091803000424,NLICL,5,53,148.0,557.0,82436.0,2025-09-18
2025091804000837,AHPC,28,22,926.0,262.0,242612.0,2025-09-18
2025091804000836,AHPC,43,22,250.0,262.6,65650.0,2025-09-18
2025091804000835,AHPC,62,22,824.0,265.0,218360.0,2025-09-18
2025091804000834,CHCL,86,17,64.0,472.0,30208.0,2025-09-18
2025091804000833,CHCL,33,17,100.0,472.0,47200.0,2025-09-18
2025091804000832,CHCL,6,17,130.0,472.4,61412.0,2025-09-18
2025091804000831,CHCL,8,17,100.0,472.5,47250.0,2025-09-18
2025091804000830,UNHPL,41,77,100.0,430.0,43000.0,2025-09-18
2025091801000592,KBL,35,49,100.0,182.0,18200.0,2025-09-18
2025091805000936,NIFRA,66,50,1331.0,250.0,332750.0,2025-09-18
2025091805000935,NIFRA,4,50,421.0,250.1,105292.1,2025-09-18
2025091805000934,NIFRA,53,50,987.0,250.2,246947.4,2025-09-18
2025091805000933,NIFRA,57,50,22.0,251.0,5522.0,2025-09-18
2025091804000829,UNHPL,41,39,50.0,430.0,21500.0,2025-09-18
2025091805000932,CLI,32,38,26.0,428.0,11128.0,2025-09-18
2025091804000828,PMHPL,39,80,10.0,340.5,3405.0,2025-09-18
2025091801000591,CYCL,49,42,10.0,1535.0,15350.0,2025-09-18
2025091804000827,SHEL,33,57,500.0,275.0,137500.0,2025-09-18
2025091804000826,SHEL,61,57,500.0,275.3,137650.0,2025-09-18
2025091804000825,IGI,42,19,10.0,490.3,4903.0,2025-09-18
2025091804000824,UPCL,10,55,100.0,377.0,37700.0,2025-09-18
2025091805000931,HDL,35,65,50.0,1291.0,64550.0,2025-09-18
2025091805000930,CHDC,62,16,980.0,2251.0,2205980.0,2025-09-18
2025091805000929,CHDC,59,16,20.0,2252.0,45040.0,2025-09-18
2025091805000928,SONA,44,48,200.0,412.0,82400.0,2025-09-18
2025091801000590,HBL,48,49,10.0,188.9,1889.0,2025-09-18
2025091801000589,JBLB,32,56,50.0,1340.0,67000.0,2025-09-18
2025091805000927,NTC,43,14,73.0,778.0,56794.0,2025-09-18
2025091805000926,NTC,43,32,67.0,778.0,52126.0,2025-09-18
2025091804000823,SHEL,33,38,682.0,275.0,187550.0,2025-09-18
2025091804000822,SHEL,99,38,1000.0,275.1,275100.0,2025-09-18
2025091804000821,SHEL,19,38,1000.0,275.2,275200.0,2025-09-18
2025091804000820,SHEL,32,38,200.0,275.2,55040.0,2025-09-18
2025091804000819,SHEL,18,38,318.0,275.2,87513.6,2025-09-18
2025091804000818,UNHPL,41,7,10.0,430.0,4300.0,2025-09-18
2025091803000423,MLBL,14,56,158.0,356.0,56248.0,2025-09-18
2025091805000925,BHL,59,55,100.0,170.1,17010.0,2025-09-18
2025091804000817,RIDI,39,1,1530.0,210.1,321453.0,2025-09-18
2025091805000924,HIDCL,38,92,225.0,250.0,56250.0,2025-09-18
2025091805000923,HDL,34,65,744.0,1291.0,960504.0,2025-09-18
2025091805000922,SHIVM,7,40,1000.0,526.0,526000.0,2025-09-18
2025091805000921,HIDCL,38,16,100.0,250.0,25000.0,2025-09-18
2025091805000920,HIDCL,38,19,175.0,250.0,43750.0,2025-09-18
2025091804000816,HURJA,36,34,500.0,211.2,105600.0,2025-09-18
2025091804000815,API,91,58,160.0,264.0,42240.0,2025-09-18
2025091801000588,KBL,36,58,400.0,182.0,72800.0,2025-09-18
2025091804000814,UPCL,47,71,70.0,380.0,26600.0,2025-09-18
2025091804000813,UPCL,47,51,330.0,378.0,124740.0,2025-09-18
2025091805000919,GVL,60,54,200.0,481.1,96220.0,2025-09-18
2025091805000918,SAHAS,44,17,138.0,583.0,80454.0,2025-09-18
2025091805000917,NIFRA,57,43,478.0,251.0,119978.0,2025-09-18
2025091805000916,MSHL,40,22,10.0,877.1,8771.0,2025-09-18
2025091803000422,SHINE,60,6,100.0,390.6,39060.0,2025-09-18
2025091801000587,CZBIL,60,35,30.0,196.0,5880.0,2025-09-18
2025091805000915,SAHAS,35,42,50.0,582.2,29110.0,2025-09-18
2025091801000586,GBIME,6,4,89.0,227.0,20203.0,2025-09-18
2025091804000812,NGPL,59,38,100.0,362.0,36200.0,2025-09-18
2025091804000811,UNHPL,42,62,10.0,431.0,4310.0,2025-09-18
2025091804000810,GHL,45,58,500.0,205.0,102500.0,2025-09-18
2025091804000809,GHL,45,58,270.0,205.0,55350.0,2025-09-18
2025091804000808,GHL,32,58,182.0,205.1,37328.2,2025-09-18
2025091803000421,USLB,48,49,10.0,1809.0,18090.0,2025-09-18
2025091804000807,KPCL,45,99,270.0,511.6,138132.0,2025-09-18
2025091805000914,NRN,58,29,100.0,1832.0,183200.0,2025-09-18
2025091804000806,NGPL,59,22,198.0,361.0,71478.0,2025-09-18
2025091803000420,FMDBL,32,90,500.0,777.0,388500.0,2025-09-18
2025091805000913,NRIC,32,55,30.0,1468.7,44061.0,2025-09-18
2025091805000912,NIFRA,66,48,1000.0,252.0,252000.0,2025-09-18
2025091801000585,KBL,36,8,100.0,182.0,18200.0,2025-09-18
2025091803000419,FMDBL,32,45,200.0,777.0,155400.0,2025-09-18
2025091805000911,NIFRA,53,11,13.0,250.2,3252.6,2025-09-18
2025091801000584,HBL,48,19,10.0,188.9,1889.0,2025-09-18
2025091805000910,HDL,3,58,314.0,1300.0,408200.0,2025-09-18
2025091805000909,HDL,3,49,186.0,1300.0,241800.0,2025-09-18
2025091804000805,GHL,32,25,18.0,205.1,3691.8,2025-09-18
2025091801000583,NWCL,35,58,40.0,800.0,32000.0,2025-09-18
2025091803000418,JBBL,7,39,23.0,307.4,7070.2,2025-09-18
2025091805000908,ILI,35,26,10.0,426.9,4269.0,2025-09-18
2025091804000804,AKPL,10,56,230.0,231.0,53130.0,2025-09-18
2025091803000417,KMCDB,48,48,10.0,1015.1,10151.0,2025-09-18
2025091805000907,HRL,101,42,300.0,878.0,263400.0,2025-09-18
2025091805000906,CLI,32,48,13.0,428.0,5564.0,2025-09-18
2025091803000416,FOWAD,39,34,10.0,1067.7,10677.0,2025-09-18
2025091803000415,FOWAD,39,21,14.0,1060.0,14840.0,2025-09-18
2025091805000905,SHIVM,74,81,1266.0,530.0,670980.0,2025-09-18
2025091805000904,SHIVM,74,42,1200.0,530.0,636000.0,2025-09-18
2025091805000903,SHIVM,74,22,162.0,530.0,85860.0,2025-09-18
2025091805000902,SHIVM,74,44,2372.0,529.0,1254788.0,2025-09-18
2025091801000582,NABIL,57,49,10.0,475.0,4750.0,2025-09-18
2025091805000901,HDL,34,39,306.0,1291.0,395046.0,2025-09-18
2025091805000900,HHL,57,58,200.0,325.0,65000.0,2025-09-18
2025091805000899,HHL,33,58,100.0,325.2,32520.0,2025-09-18
2025091804000803,UNHPL,41,17,100.0,430.0,43000.0,2025-09-18
2025091801000581,TTL,41,33,10.0,692.4,6924.0,2025-09-18
2025091804000802,AKPL,49,56,100.0,231.0,23100.0,2025-09-18
2025091805000898,SHIVM,7,56,1151.0,525.0,604275.0,2025-09-18
2025091805000897,ILI,52,98,10.0,420.0,4200.0,2025-09-18
2025091804000801,RADHI,58,98,250.0,696.0,174000.0,2025-09-18
2025091803000414,NLIC,94,22,50.0,720.0,36000.0,2025-09-18
2025091804000800,AHPC,62,40,3176.0,265.0,841640.0,2025-09-18
2025091805000896,SAHAS,57,62,140.0,583.1,81634.0,2025-09-18
2025091805000895,SAHAS,57,6,360.0,583.1,209916.0,2025-09-18
2025091804000799,KPCL,45,58,30.0,511.6,15348.0,2025-09-18
2025091804000798,KPCL,32,58,10.0,511.6,5116.0,2025-09-18
2025091805000894,BHL,25,14,500.0,170.0,85000.0,2025-09-18
2025091801000580,NMIC,45,47,10.0,1107.0,11070.0,2025-09-18
2025091803000413,CBBL,45,36,10.0,951.0,9510.0,2025-09-18
2025091803000412,SJLIC,57,57,60.0,395.0,23700.0,2025-09-18
2025091804000797,AHPC,28,39,6310.0,262.0,1653220.0,2025-09-18
2025091804000796,AHPC,42,39,30.0,262.0,7860.0,2025-09-18
2025091804000795,AHPC,42,39,660.0,263.0,173580.0,2025-09-18
2025091804000794,NICL,17,62,10.0,560.2,5602.0,2025-09-18
2025091803000411,LBBL,99,35,10.0,490.0,4900.0,2025-09-18
2025091804000793,AKPL,22,56,20.0,231.0,4620.0,2025-09-18
2025091801000579,SRLI,47,58,10.0,370.5,3705.0,2025-09-18
2025091801000578,SRLI,42,58,76.0,370.5,28158.0,2025-09-18
2025091804000792,RADHI,34,35,25.0,695.1,17377.5,2025-09-18
2025091803000410,SAPDBL,5,45,100.0,718.0,71800.0,2025-09-18
2025091803000409,SAPDBL,5,45,50.0,718.0,35900.0,2025-09-18
2025091803000408,SAPDBL,49,45,50.0,718.1,35905.0,2025-09-18
2025091804000791,RADHI,43,28,100.0,700.0,70000.0,2025-09-18
2025091801000577,ADBL,43,58,10.0,298.0,2980.0,2025-09-18
2025091805000893,SHIVM,43,56,50.0,525.0,26250.0,2025-09-18
2025091804000790,NLG,34,45,50.0,729.0,36450.0,2025-09-18
2025091801000576,KBL,74,34,415.0,181.0,75115.0,2025-09-18
2025091801000575,KBL,32,34,585.0,182.0,106470.0,2025-09-18
2025091804000789,UNHPL,41,91,1000.0,430.0,430000.0,2025-09-18
2025091804000788,UNHPL,41,68,250.0,430.0,107500.0,2025-09-18
2025091805000892,HDL,49,49,100.0,1300.0,130000.0,2025-09-18
2025091805000891,HDL,48,49,214.0,1301.0,278414.0,2025-09-18
2025091801000574,NICA,43,1,20.0,321.0,6420.0,2025-09-18
2025091801000573,NICA,17,1,45.0,325.0,14625.0,2025-09-18
2025091803000407,MNBBL,29,14,440.0,427.0,187880.0,2025-09-18
2025091803000406,MNBBL,29,59,60.0,426.9,25614.0,2025-09-18
2025091804000787,AHPC,42,22,1000.0,263.0,263000.0,2025-09-18
2025091805000890,RNLI,10,39,54.0,423.1,22847.4,2025-09-18
2025091805000889,RNLI,16,39,58.0,423.2,24545.6,2025-09-18
2025091801000572,NICA,1,1,150.0,327.0,49050.0,2025-09-18
2025091801000571,NICA,1,13,800.0,326.0,260800.0,2025-09-18
2025091801000570,NICA,1,49,50.0,326.0,16300.0,2025-09-18
2025091804000786,AKPL,36,1,543.0,230.0,124890.0,2025-09-18
2025091804000785,AHPC,42,45,10.0,262.0,2620.0,2025-09-18
2025091804000784,AHPC,35,45,200.0,262.1,52420.0,2025-09-18
2025091805000888,SHIVM,39,56,500.0,525.0,262500.0,2025-09-18
2025091805000887,SHIVM,37,56,200.0,525.0,105000.0,2025-09-18
2025091805000886,SHIVM,44,56,2000.0,525.0,1050000.0,2025-09-18
2025091805000885,SHIVM,61,56,300.0,525.2,157560.0,2025-09-18
2025091805000884,SHIVM,25,56,10.0,525.2,5252.0,2025-09-18
2025091805000883,SHIVM,18,56,900.0,525.3,472770.0,2025-09-18
2025091805000882,SHIVM,74,56,789.0,525.3,414461.7,2025-09-18
2025091805000881,SHIVM,5,56,100.0,525.5,52550.0,2025-09-18
2025091804000783,UNHPL,41,4,557.0,430.0,239510.0,2025-09-18
2025091804000782,UNHPL,36,4,263.0,430.1,113116.3,2025-09-18
2025091804000781,NGPL,52,22,52.0,364.5,18954.0,2025-09-18
2025091805000880,HDL,48,50,20.0,1301.0,26020.0,2025-09-18
2025091805000879,HDL,48,57,101.0,1301.0,131401.0,2025-09-18
2025091805000878,HDL,48,29,165.0,1300.0,214500.0,2025-09-18
2025091804000780,JOSHI,36,48,100.0,266.6,26660.0,2025-09-18
2025091804000779,NGPL,52,1,150.0,362.0,54300.0,2025-09-18
2025091804000778,SHEL,18,35,100.0,275.2,27520.0,2025-09-18
2025091805000877,BHL,22,57,89.0,167.0,14863.0,2025-09-18
2025091805000876,BHL,45,57,401.0,167.0,66967.0,2025-09-18
2025091805000875,BHL,41,57,10.0,170.0,1700.0,2025-09-18
2025091803000405,MLBL,41,49,1000.0,355.1,355100.0,2025-09-18
2025091804000777,UMHL,91,43,10.0,550.0,5500.0,2025-09-18
2025091805000874,CLI,32,42,13.0,428.0,5564.0,2025-09-18
2025091804000776,UPCL,10,7,200.0,377.0,75400.0,2025-09-18
2025091801000569,GBIME,6,4,111.0,227.0,25197.0,2025-09-18
2025091801000568,GBIME,11,4,39.0,227.0,8853.0,2025-09-18
2025091801000567,GBIME,11,44,461.0,227.0,104647.0,2025-09-18
2025091801000566,GBIME,33,44,39.0,227.0,8853.0,2025-09-18
2025091805000873,NIFRA,4,29,57.0,250.1,14255.7,2025-09-18
2025091801000565,GBIME,33,53,230.0,227.0,52210.0,2025-09-18
2025091801000564,GBIME,4,53,90.0,227.1,20439.0,2025-09-18
2025091805000872,NRIC,36,55,10.0,1468.7,14687.0,2025-09-18
2025091805000871,ILI,52,46,10.0,420.0,4200.0,2025-09-18
2025091804000775,HPPL,53,39,500.0,440.0,220000.0,2025-09-18
2025091805000870,HDL,34,4,950.0,1291.0,1226450.0,2025-09-18
2025091805000869,HDL,34,4,50.0,1291.0,64550.0,2025-09-18
2025091804000774,UPCL,10,55,200.0,376.1,75220.0,2025-09-18
2025091805000868,ILI,39,26,380.0,426.9,162222.0,2025-09-18
2025091805000867,ILI,39,62,50.0,426.9,21345.0,2025-09-18
2025091805000866,ILI,39,34,70.0,425.0,29750.0,2025-09-18
2025091805000865,RNLI,16,53,12.0,423.2,5078.4,2025-09-18
2025091801000563,NABIL,57,57,50.0,475.0,23750.0,2025-09-18
2025091804000773,AHPC,42,39,160.0,262.0,41920.0,2025-09-18
2025091804000772,AHPC,54,39,40.0,262.0,10480.0,2025-09-18
2025091804000771,AHPC,50,39,300.0,262.0,78600.0,2025-09-18
2025091804000770,AHPC,29,39,300.0,262.1,78630.0,2025-09-18
2025091804000769,AHPC,34,39,200.0,262.5,52500.0,2025-09-18
2025091804000768,UNHPL,36,67,500.0,430.1,215050.0,2025-09-18
2025091805000864,SHIVM,8,44,128.0,529.0,67712.0,2025-09-18
2025091805000863,SHIVM,8,58,47.0,529.0,24863.0,2025-09-18
2025091805000862,SHIVM,8,14,25.0,528.0,13200.0,2025-09-18
2025091803000404,LBBL,45,43,500.0,482.0,241000.0,2025-09-18
2025091805000861,HRL,45,42,10.0,878.0,8780.0,2025-09-18
2025091804000767,BPCL,94,55,50.0,753.0,37650.0,2025-09-18
2025091803000403,SADBL,33,1,600.0,384.2,230520.0,2025-09-18
2025091805000860,HDL,29,29,10.0,1300.0,13000.0,2025-09-18
2025091805000859,HDL,25,29,125.0,1300.0,162500.0,2025-09-18
2025091804000766,HDHPC,43,8,400.0,170.0,68000.0,2025-09-18
2025091805000858,SAHAS,35,34,450.0,582.2,261990.0,2025-09-18
2025091805000857,SAHAS,53,34,300.0,583.0,174900.0,2025-09-18
2025091805000856,SAHAS,51,34,70.0,583.0,40810.0,2025-09-18
2025091804000765,UPCL,43,7,2000.0,376.0,752000.0,2025-09-18
2025091801000562,SRLI,42,58,24.0,370.5,8892.0,2025-09-18
2025091804000764,SPDL,53,16,60.0,375.0,22500.0,2025-09-18
2025091801000561,KBL,32,58,60.0,182.0,10920.0,2025-09-18
2025091801000560,KBL,32,48,50.0,182.0,9100.0,2025-09-18
2025091801000559,KBL,32,38,1305.0,182.0,237510.0,2025-09-18
2025091805000855,SAHAS,51,16,100.0,583.0,58300.0,2025-09-18
2025091804000763,RADHI,34,41,100.0,695.1,69510.0,2025-09-18
2025091804000762,NGPL,34,58,500.0,362.0,181000.0,2025-09-18
2025091805000854,SAHAS,4,6,140.0,583.1,81634.0,2025-09-18
2025091803000402,KSBBL,94,4,600.0,487.0,292200.0,2025-09-18
2025091804000761,NGPL,18,58,490.0,359.0,175910.0,2025-09-18
2025091804000760,NGPL,60,58,710.0,360.0,255600.0,2025-09-18
2025091805000853,NMB50,51,17,20000.0,10.0,200000.0,2025-09-18
2025091803000401,SAPDBL,57,7,50.0,731.5,36575.0,2025-09-18
2025091803000400,SAPDBL,22,7,10.0,731.5,7315.0,2025-09-18
2025091803000399,LBBL,45,19,1237.0,482.0,596234.0,2025-09-18
2025091803000398,LBBL,17,19,63.0,482.0,30366.0,2025-09-18
2025091805000852,SHIVM,34,14,75.0,528.0,39600.0,2025-09-18
2025091801000558,SNLI,36,58,39.0,436.1,17007.9,2025-09-18
2025091801000557,NABIL,57,58,40.0,475.0,19000.0,2025-09-18
2025091803000397,MLBL,34,1,400.0,361.8,144720.0,2025-09-18
2025091801000556,LSL,34,36,140.0,217.0,30380.0,2025-09-18
2025091803000396,SINDU,32,22,120.0,646.8,77616.0,2025-09-18
2025091803000395,SINDU,35,22,10.0,659.7,6597.0,2025-09-18
2025091803000394,SINDU,35,22,10.0,659.8,6598.0,2025-09-18
2025091805000851,SHIVM,74,59,121.0,525.3,63561.3,2025-09-18
2025091805000850,SHIVM,48,59,58.0,525.5,30479.0,2025-09-18
2025091804000759,AKPL,36,58,135.0,230.0,31050.0,2025-09-18
2025091804000758,AKPL,53,58,365.0,230.0,83950.0,2025-09-18
2025091804000757,AKPL,53,58,500.0,230.5,115250.0,2025-09-18
2025091804000756,UPCL,43,62,1471.0,376.0,553096.0,2025-09-18
2025091804000755,UPCL,60,62,1000.0,376.1,376100.0,2025-09-18
2025091804000754,UPCL,32,62,500.0,376.1,188050.0,2025-09-18
2025091804000753,UPCL,11,62,29.0,378.0,10962.0,2025-09-18
2025091805000849,HDL,25,56,20.0,1300.0,26000.0,2025-09-18
2025091805000848,HATHY,38,5,10.0,942.2,9422.0,2025-09-18
2025091804000752,UPPER,17,16,112.0,172.5,19320.0,2025-09-18
2025091804000751,NGPL,60,68,290.0,360.0,104400.0,2025-09-18
2025091804000750,NGPL,57,68,200.0,360.0,72000.0,2025-09-18
2025091805000847,SAHAS,4,55,90.0,583.1,52479.0,2025-09-18
2025091805000846,SAHAS,28,55,50.0,583.1,29155.0,2025-09-18
2025091805000845,SAHAS,19,55,10.0,584.0,5840.0,2025-09-18
2025091801000555,PCBL,44,56,10.0,238.9,2389.0,2025-09-18
2025091805000844,SHIVM,48,58,12.0,525.5,6306.0,2025-09-18
2025091804000749,SHEL,18,42,82.0,275.2,22566.4,2025-09-18
2025091804000748,SHEL,51,42,118.0,275.3,32485.4,2025-09-18
2025091805000843,HDL,25,58,55.0,1300.0,71500.0,2025-09-18
2025091805000842,HDL,16,58,45.0,1300.0,58500.0,2025-09-18
2025091805000841,NRN,58,58,100.0,1832.0,183200.0,2025-09-18
2025091805000840,NRN,63,58,100.0,1833.0,183300.0,2025-09-18
2025091804000747,RADHI,34,67,1200.0,695.1,834120.0,2025-09-18
2025091804000746,SPDL,37,44,75.0,379.4,28455.0,2025-09-18
2025091804000745,SHEL,51,38,382.0,275.3,105164.6,2025-09-18
2025091804000744,SHEL,58,38,18.0,276.0,4968.0,2025-09-18
2025091801000554,EBL,58,16,10.0,669.0,6690.0,2025-09-18
2025091805000839,SHIVM,48,13,30.0,525.5,15765.0,2025-09-18
2025091804000743,GHL,42,25,982.0,205.1,201408.2,2025-09-18
2025091804000742,SHPC,45,17,1965.0,501.0,984465.0,2025-09-18
2025091803000393,SJLIC,57,19,20.0,395.0,7900.0,2025-09-18
2025091805000838,RNLI,16,57,30.0,423.2,12696.0,2025-09-18
2025091803000392,SKBBL,1,50,100.0,831.1,83110.0,2025-09-18
2025091804000741,BPCL,94,47,130.0,753.0,97890.0,2025-09-18
2025091804000740,MEN,17,34,681.0,602.1,410030.1,2025-09-18
2025091804000739,MEN,17,1,200.0,601.0,120200.0,2025-09-18
2025091804000738,MEN,17,52,119.0,590.0,70210.0,2025-09-18
2025091804000737,GHL,42,32,150.0,205.1,30765.0,2025-09-18
2025091805000837,NRN,53,41,20.0,1838.0,36760.0,2025-09-18
2025091801000553,HBL,19,17,1915.0,189.0,361935.0,2025-09-18
2025091801000552,HBL,71,17,490.0,189.0,92610.0,2025-09-18
2025091804000736,SHEL,58,34,200.0,276.0,55200.0,2025-09-18
2025091804000735,SHEL,58,34,780.0,277.0,216060.0,2025-09-18
2025091805000836,MKJC,59,98,20.0,553.5,11070.0,2025-09-18
2025091805000835,PPL,6,1,100.0,293.3,29330.0,2025-09-18
2025091805000834,CHDC,5,39,50.0,2250.0,112500.0,2025-09-18
2025091805000833,CHDC,62,39,50.0,2250.0,112500.0,2025-09-18
2025091801000551,CREST,47,53,45.0,1006.1,45274.5,2025-09-18
2025091801000550,KBL,49,38,200.0,182.0,36400.0,2025-09-18
2025091805000832,NIFRA,4,49,22.0,250.1,5502.2,2025-09-18
2025091805000831,NIFRA,33,49,800.0,250.1,200080.0,2025-09-18
2025091805000830,NIFRA,48,49,178.0,251.0,44678.0,2025-09-18
2025091805000829,HRL,42,42,50.0,878.0,43900.0,2025-09-18
2025091803000391,LBBL,17,35,352.0,482.0,169664.0,2025-09-18
2025091803000390,LBBL,20,35,150.0,483.1,72465.0,2025-09-18
2025091801000549,KBL,62,38,300.0,182.0,54600.0,2025-09-18
2025091804000734,GHL,42,35,983.0,205.1,201613.3,2025-09-18
2025091804000733,NHPC,58,22,20.0,189.2,3784.0,2025-09-18
2025091804000732,SICL,28,88,152.0,698.0,106096.0,2025-09-18
2025091804000731,SICL,28,1,248.0,698.0,173104.0,2025-09-18
2025091804000730,AHPC,84,22,1000.0,263.0,263000.0,2025-09-18
2025091801000548,GBIME,33,52,231.0,227.0,52437.0,2025-09-18
2025091803000389,SJLIC,57,58,120.0,395.0,47400.0,2025-09-18
2025091805000828,KBSH,58,8,40.0,1767.7,70708.0,2025-09-18
2025091801000547,KBL,74,44,1000.0,181.0,181000.0,2025-09-18
2025091805000827,CHDC,62,46,100.0,2250.0,225000.0,2025-09-18
2025091805000826,HDL,16,58,80.0,1300.0,104000.0,2025-09-18
2025091805000825,HDL,57,58,20.0,1300.1,26002.0,2025-09-18
2025091804000729,UNHPL,36,17,337.0,430.1,144943.7,2025-09-18
2025091804000728,UNHPL,97,17,1000.0,430.1,430100.0,2025-09-18
2025091804000727,UNHPL,28,17,600.0,431.0,258600.0,2025-09-18
2025091804000726,UNHPL,56,17,3063.0,431.2,1320765.6,2025-09-18
2025091804000725,BPCL,94,58,20.0,753.0,15060.0,2025-09-18
2025091804000724,NGPL,95,58,100.0,362.0,36200.0,2025-09-18
2025091803000388,GBBL,57,19,250.0,409.7,102425.0,2025-09-18
2025091805000824,STC,54,13,75.0,4832.0,362400.0,2025-09-18
2025091801000546,EBL,49,1,213.0,657.0,139941.0,2025-09-18
2025091801000545,EBL,62,1,300.0,657.0,197100.0,2025-09-18
2025091801000544,EBL,1,1,62.0,661.0,40982.0,2025-09-18
2025091801000543,NESDO,1,49,20.0,1428.1,28562.0,2025-09-18
2025091805000823,BHL,45,55,99.0,167.0,16533.0,2025-09-18
2025091805000822,BHL,79,55,146.0,170.1,24834.6,2025-09-18
2025091805000821,BHL,42,55,255.0,170.1,43375.5,2025-09-18
2025091801000542,SCB,32,19,100.0,607.0,60700.0,2025-09-18
2025091801000541,EBL,1,56,200.0,661.0,132200.0,2025-09-18
2025091803000387,HLI,33,49,39.0,363.0,14157.0,2025-09-18
2025091803000386,HLI,33,48,100.0,363.0,36300.0,2025-09-18
2025091804000723,UMHL,7,5,451.0,540.0,243540.0,2025-09-18
2025091801000540,HIMSTAR,64,55,10.0,473.5,4735.0,2025-09-18
2025091804000722,SHPC,45,49,35.0,500.0,17500.0,2025-09-18
2025091804000721,API,28,51,104.0,264.2,27476.8,2025-09-18
2025091801000539,NABIL,57,34,90.0,475.0,42750.0,2025-09-18
2025091801000538,NABIL,59,34,10.0,475.3,4753.0,2025-09-18
2025091804000720,UNHPL,56,37,100.0,431.2,43120.0,2025-09-18
2025091804000719,UMHL,58,5,1300.0,540.0,702000.0,2025-09-18
2025091804000718,UMHL,25,5,100.0,542.0,54200.0,2025-09-18
2025091804000717,UMHL,85,5,149.0,542.0,80758.0,2025-09-18
2025091804000716,UMHL,85,13,1500.0,542.0,813000.0,2025-09-18
2025091801000537,ADBL,44,1,20.0,298.7,5974.0,2025-09-18
2025091803000385,USLB,63,63,10.0,1809.0,18090.0,2025-09-18
2025091801000536,GBIME,82,52,269.0,227.0,61063.0,2025-09-18
2025091801000535,GBIME,82,62,100.0,227.0,22700.0,2025-09-18
2025091801000534,GBIME,82,58,431.0,227.0,97837.0,2025-09-18
2025091805000820,RFPL,4,50,35.0,334.0,11690.0,2025-09-18
2025091804000715,NGPL,5,32,190.0,358.3,68077.0,2025-09-18
2025091804000714,NGPL,33,32,95.0,359.0,34105.0,2025-09-18
2025091804000713,NGPL,54,32,65.0,360.0,23400.0,2025-09-18
2025091805000819,NIFRA,48,28,54.0,251.0,13554.0,2025-09-18
2025091805000818,SHIVM,74,28,90.0,525.3,47277.0,2025-09-18
2025091805000817,SHIVM,33,28,10.0,525.4,5254.0,2025-09-18
2025091805000816,SHIVM,71,28,600.0,525.5,315300.0,2025-09-18
2025091804000712,CHCL,6,28,370.0,472.4,174788.0,2025-09-18
2025091804000711,CHCL,91,28,130.0,472.5,61425.0,2025-09-18
2025091805000815,HRL,87,42,536.0,878.0,470608.0,2025-09-18
2025091805000814,HRL,87,58,195.0,878.0,171210.0,2025-09-18
2025091805000813,HRL,87,36,500.0,878.0,439000.0,2025-09-18
2025091805000812,HRL,87,22,10.0,878.0,8780.0,2025-09-18
2025091805000811,HRL,87,14,32.0,878.0,28096.0,2025-09-18
2025091805000810,HRL,87,59,254.0,878.0,223012.0,2025-09-18
2025091805000809,HRL,87,58,44.0,878.0,38632.0,2025-09-18
2025091805000808,HRL,87,58,200.0,878.0,175600.0,2025-09-18
2025091805000807,HRL,87,42,389.0,878.0,341542.0,2025-09-18
2025091805000806,SHIVM,71,36,400.0,525.5,210200.0,2025-09-18
2025091801000533,MBL,93,38,50.0,234.1,11705.0,2025-09-18
2025091805000805,SAHAS,28,58,40.0,583.1,23324.0,2025-09-18
2025091805000804,SAHAS,28,26,10.0,583.1,5831.0,2025-09-18
2025091801000532,NABIL,59,14,90.0,475.3,42777.0,2025-09-18
2025091801000531,CREST,47,22,10.0,1006.1,10061.0,2025-09-18
2025091805000803,SAHAS,28,57,100.0,583.1,58310.0,2025-09-18
2025091805000802,NRIC,32,50,20.0,1475.3,29506.0,2025-09-18
2025091803000384,SADBL,99,4,1000.0,385.0,385000.0,2025-09-18
2025091804000710,AKPL,22,56,130.0,231.0,30030.0,2025-09-18
2025091804000709,AKPL,22,35,270.0,230.5,62235.0,2025-09-18
2025091801000530,NIMB,57,57,2000.0,192.9,385800.0,2025-09-18
2025091801000529,HBL,42,58,10.0,189.9,1899.0,2025-09-18
2025091804000708,SHEL,49,49,200.0,280.0,56000.0,2025-09-18
2025091804000707,SHEL,49,38,50.0,280.0,14000.0,2025-09-18
2025091804000706,SHEL,49,6,250.0,276.0,69000.0,2025-09-18
2025091801000528,HIMSTAR,64,40,10.0,473.5,4735.0,2025-09-18
2025091804000705,API,17,5,425.0,269.5,114537.5,2025-09-18
2025091804000704,RIDI,32,16,100.0,213.2,21320.0,2025-09-18
2025091801000527,KBL,74,57,80.0,181.0,14480.0,2025-09-18
2025091805000801,NRN,58,22,50.0,1832.0,91600.0,2025-09-18
2025091803000383,SKBBL,57,35,100.0,831.1,83110.0,2025-09-18
2025091804000703,UMHL,85,42,50.0,542.0,27100.0,2025-09-18
2025091801000526,NWCL,33,58,10.0,809.2,8092.0,2025-09-18
2025091804000702,AKPL,10,35,500.0,230.5,115250.0,2025-09-18
2025091805000800,NIFRA,48,50,54.0,251.0,13554.0,2025-09-18
2025091801000525,TTL,41,62,10.0,695.9,6959.0,2025-09-18
2025091805000799,NIFRA,48,53,54.0,251.0,13554.0,2025-09-18
2025091804000701,AHPC,58,22,1000.0,263.0,263000.0,2025-09-18
2025091805000798,NIFRA,48,32,160.0,251.0,40160.0,2025-09-18
2025091804000700,SHEL,58,6,350.0,276.0,96600.0,2025-09-18
2025091803000382,MNBBL,85,6,300.0,421.0,126300.0,2025-09-18
2025091804000699,MEN,57,59,200.0,555.5,111100.0,2025-09-18
2025091804000698,MEN,80,59,100.0,566.8,56680.0,2025-09-18
2025091805000797,CHDC,62,46,100.0,2250.0,225000.0,2025-09-18
2025091805000796,CHDC,62,13,62.0,2250.0,139500.0,2025-09-18
2025091804000697,UNHPL,34,44,75.0,432.0,32400.0,2025-09-18
2025091804000696,UNHPL,34,42,10.0,432.0,4320.0,2025-09-18
2025091805000795,MKJC,74,98,100.0,553.5,55350.0,2025-09-18
2025091801000524,BHCL,38,49,75.0,440.9,33067.5,2025-09-18
2025091801000523,BHCL,38,58,10.0,440.8,4408.0,2025-09-18
2025091801000522,BHCL,38,48,10.0,432.1,4321.0,2025-09-18
2025091804000695,HPPL,57,39,50.0,441.0,22050.0,2025-09-18
2025091805000794,NRN,39,41,10.0,1838.0,18380.0,2025-09-18
2025091801000521,SBL,17,40,250.0,350.9,87725.0,2025-09-18
2025091805000793,CIT,74,13,90.0,1785.0,160650.0,2025-09-18
2025091805000792,CIT,14,13,20.0,1785.0,35700.0,2025-09-18
2025091804000694,UPCL,11,91,500.0,378.0,189000.0,2025-09-18
2025091804000693,NGPL,33,14,200.0,359.0,71800.0,2025-09-18
2025091804000692,SHEL,61,19,500.0,277.0,138500.0,2025-09-18
2025091804000691,UNHPL,56,13,50.0,431.2,21560.0,2025-09-18
2025091804000690,AHPC,58,40,595.0,265.0,157675.0,2025-09-18
2025091804000689,AHPC,49,40,229.0,266.0,60914.0,2025-09-18
2025091805000791,BHL,25,4,30.0,172.0,5160.0,2025-09-18
2025091801000520,HBL,42,48,10.0,189.9,1899.0,2025-09-18
2025091801000519,EBL,1,64,18.0,661.0,11898.0,2025-09-18
2025091805000790,NRIC,36,13,10.0,1505.0,15050.0,2025-09-18
2025091804000688,HPPL,21,39,400.0,441.0,176400.0,2025-09-18
2025091801000518,SCB,89,19,30.0,607.0,18210.0,2025-09-18
2025091804000687,BPCL,59,6,11.0,738.4,8122.4,2025-09-18
2025091805000789,CHDC,36,13,150.0,2250.0,337500.0,2025-09-18
2025091804000686,AKPL,53,49,280.0,230.0,64400.0,2025-09-18
2025091805000788,SONA,48,21,1400.0,408.2,571480.0,2025-09-18
2025091805000787,SONA,65,21,500.0,408.2,204100.0,2025-09-18
2025091805000786,SONA,42,21,100.0,408.2,40820.0,2025-09-18
2025091805000785,SONA,32,21,50.0,408.2,20410.0,2025-09-18
2025091805000784,SONA,32,21,90.0,409.0,36810.0,2025-09-18
2025091805000783,SONA,28,21,500.0,409.0,204500.0,2025-09-18
2025091805000782,SONA,51,21,240.0,409.2,98208.0,2025-09-18
2025091805000781,SONA,32,21,100.0,411.0,41100.0,2025-09-18
2025091805000780,SONA,48,21,260.0,416.0,108160.0,2025-09-18
2025091805000779,CHDC,50,55,50.0,2245.0,112250.0,2025-09-18
2025091801000517,EBL,1,58,370.0,661.0,244570.0,2025-09-18
2025091801000516,EBL,1,52,350.0,657.0,229950.0,2025-09-18
2025091804000685,UPCL,11,28,71.0,378.0,26838.0,2025-09-18
2025091804000684,BPCL,48,45,10.0,753.4,7534.0,2025-09-18
2025091804000683,NGPL,33,39,250.0,359.0,89750.0,2025-09-18
2025091804000682,SSHL,5,55,15.0,161.7,2425.5,2025-09-18
2025091804000681,SSHL,14,55,10.0,161.7,1617.0,2025-09-18
2025091801000515,NMIC,7,43,100.0,1117.2,111720.0,2025-09-18
2025091804000680,AHPC,49,51,215.0,266.0,57190.0,2025-09-18
2025091805000778,HDL,32,57,89.0,1301.0,115789.0,2025-09-18
2025091805000777,SHIVM,25,57,90.0,525.2,47268.0,2025-09-18
2025091805000776,SHIVM,81,57,10.0,525.3,5253.0,2025-09-18
2025091801000514,KBL,74,71,4600.0,181.0,832600.0,2025-09-18
2025091804000679,SHEL,58,10,150.0,276.0,41400.0,2025-09-18
2025091804000678,SHEL,58,10,50.0,276.1,13805.0,2025-09-18
2025091804000677,AKPL,53,49,355.0,230.0,81650.0,2025-09-18
2025091804000676,AKPL,36,49,145.0,230.0,33350.0,2025-09-18
2025091804000675,AKPL,95,49,50.0,230.0,11500.0,2025-09-18
2025091804000674,AHPC,32,51,100.0,266.0,26600.0,2025-09-18
2025091803000381,JFL,57,34,10.0,427.3,4273.0,2025-09-18
2025091805000775,SONA,48,70,250.0,416.0,104000.0,2025-09-18
2025091805000774,SONA,41,70,750.0,417.0,312750.0,2025-09-18
2025091804000673,NGPL,7,58,200.0,362.0,72400.0,2025-09-18
2025091801000513,TTL,63,62,20.0,696.0,13920.0,2025-09-18
2025091803000380,LBBL,17,28,175.0,482.0,84350.0,2025-09-18
2025091805000773,NRN,58,48,300.0,1832.0,549600.0,2025-09-18
2025091801000512,KBL,58,58,95.0,180.2,17119.0,2025-09-18
2025091803000379,GFCL,21,21,200.0,575.0,115000.0,2025-09-18
2025091805000772,HRL,34,42,100.0,878.0,87800.0,2025-09-18
2025091804000672,SHEL,58,34,100.0,276.0,27600.0,2025-09-18
2025091804000671,UPCL,11,7,900.0,375.0,337500.0,2025-09-18
2025091805000771,NRN,58,58,200.0,1832.0,366400.0,2025-09-18
2025091805000770,HIDCL,62,19,350.0,250.0,87500.0,2025-09-18
2025091805000769,BBC,58,1,10.0,4945.5,49455.0,2025-09-18
2025091805000768,NIFRA,33,74,200.0,250.1,50020.0,2025-09-18
2025091804000670,HPPL,21,58,50.0,441.0,22050.0,2025-09-18
2025091801000511,GBIME,48,16,30.0,226.0,6780.0,2025-09-18
2025091801000510,NABIL,41,21,241.0,471.1,113535.1,2025-09-18
2025091801000509,NABIL,37,21,200.0,472.0,94400.0,2025-09-18
2025091801000508,NABIL,1,21,988.0,472.0,466336.0,2025-09-18
2025091801000507,NABIL,47,21,35.0,472.1,16523.5,2025-09-18
2025091801000506,NABIL,40,21,115.0,473.0,54395.0,2025-09-18
2025091801000505,HBL,38,44,410.0,190.0,77900.0,2025-09-18
2025091803000378,FMDBL,32,29,130.0,777.0,101010.0,2025-09-18
2025091804000669,NGPL,33,56,455.0,359.0,163345.0,2025-09-18
2025091804000668,NGPL,60,56,460.0,359.0,165140.0,2025-09-18
2025091805000767,HRL,1,42,11.0,878.0,9658.0,2025-09-18
2025091805000766,HRL,1,45,51.0,878.0,44778.0,2025-09-18
2025091804000667,UPCL,11,32,100.0,375.0,37500.0,2025-09-18
2025091801000504,BHCL,45,49,10.0,440.9,4409.0,2025-09-18
2025091805000765,MMKJL,39,8,10.0,565.0,5650.0,2025-09-18
2025091805000764,SHIVM,81,58,47.0,525.3,24689.1,2025-09-18
2025091805000763,SONA,41,58,50.0,416.5,20825.0,2025-09-18
2025091803000377,MPFL,16,55,100.0,534.0,53400.0,2025-09-18
2025091804000666,UMHL,85,25,100.0,542.0,54200.0,2025-09-18
2025091805000762,SHIVM,53,14,300.0,528.0,158400.0,2025-09-18
2025091804000665,BPCL,48,45,20.0,753.4,15068.0,2025-09-18
2025091805000761,HRL,34,45,17.0,878.0,14926.0,2025-09-18
2025091805000760,HRL,34,25,33.0,878.0,28974.0,2025-09-18
2025091805000759,SHIVM,81,44,443.0,525.2,232663.6,2025-09-18
2025091805000758,SHIVM,64,44,100.0,525.2,52520.0,2025-09-18
2025091801000503,NABIL,40,1,200.0,473.0,94600.0,2025-09-18
2025091805000757,HIDCL,62,55,1450.0,250.0,362500.0,2025-09-18
2025091805000756,HIDCL,38,55,250.0,250.0,62500.0,2025-09-18
2025091804000664,NGPL,60,50,500.0,359.0,179500.0,2025-09-18
2025091804000663,SHPC,21,49,300.0,500.0,150000.0,2025-09-18
2025091801000502,HIMSTAR,64,32,10.0,473.5,4735.0,2025-09-18
2025091804000662,RADHI,34,58,75.0,695.1,52132.5,2025-09-18
2025091804000661,RADHI,45,58,25.0,697.0,17425.0,2025-09-18
2025091805000755,SAHAS,28,58,300.0,583.1,174930.0,2025-09-18
2025091804000660,HDHPC,58,22,50.0,171.0,8550.0,2025-09-18
2025091801000501,NMIC,7,58,10.0,1117.2,11172.0,2025-09-18
2025091801000500,NMIC,7,4,10.0,1117.2,11172.0,2025-09-18
2025091803000376,LBBL,17,55,300.0,482.0,144600.0,2025-09-18
2025091801000499,NABIL,40,58,85.0,473.0,40205.0,2025-09-18
2025091804000659,UNHPL,56,71,1187.0,431.2,511834.4,2025-09-18
2025091804000658,UNHPL,28,71,313.0,432.0,135216.0,2025-09-18
2025091801000498,HBL,71,58,10.0,189.0,1890.0,2025-09-18
2025091804000657,MEN,17,52,46.0,590.0,27140.0,2025-09-18
2025091804000656,MEN,17,81,300.0,580.1,174030.0,2025-09-18
2025091804000655,MEN,17,41,654.0,578.0,378012.0,2025-09-18
2025091805000754,HIDCL,38,62,250.0,250.0,62500.0,2025-09-18
2025091804000654,UMHL,85,62,26.0,541.9,14089.4,2025-09-18
2025091804000653,UMHL,85,48,1000.0,541.9,541900.0,2025-09-18
2025091804000652,UMHL,85,86,100.0,541.0,54100.0,2025-09-18
2025091804000651,UMHL,85,42,75.0,541.0,40575.0,2025-09-18
2025091804000650,UNHPL,28,26,500.0,432.0,216000.0,2025-09-18
2025091805000753,SHIVM,35,60,100.0,525.0,52500.0,2025-09-18
2025091801000497,EBL,8,58,100.0,661.0,66100.0,2025-09-18
2025091801000496,CREST,8,22,10.0,1005.3,10053.0,2025-09-18
2025091805000752,HDL,32,45,100.0,1301.0,130100.0,2025-09-18
2025091804000649,SSHL,58,19,26.0,165.0,4290.0,2025-09-18
2025091804000648,SSHL,58,54,40.0,164.7,6588.0,2025-09-18
2025091805000751,HRL,42,25,10.0,878.0,8780.0,2025-09-18
2025091804000647,RIDI,71,25,860.0,213.0,183180.0,2025-09-18
2025091804000646,RIDI,49,25,140.0,213.1,29834.0,2025-09-18
2025091801000495,EBL,22,16,100.0,657.0,65700.0,2025-09-18
2025091805000750,BHL,42,54,30.0,170.1,5103.0,2025-09-18
2025091805000749,BHL,53,54,70.0,170.1,11907.0,2025-09-18
2025091805000748,SHIVM,5,44,200.0,525.2,105040.0,2025-09-18
2025091805000747,HRL,89,41,55.0,878.0,48290.0,2025-09-18
2025091805000746,HRL,89,39,10.0,878.0,8780.0,2025-09-18
2025091805000745,HRL,89,42,21.0,878.0,18438.0,2025-09-18
2025091805000744,HRL,89,17,12.0,878.0,10536.0,2025-09-18
2025091804000645,HPPL,21,11,50.0,441.0,22050.0,2025-09-18
2025091803000375,MNBBL,14,59,100.0,426.9,42690.0,2025-09-18
2025091804000644,UMHL,58,13,200.0,540.0,108000.0,2025-09-18
2025091805000743,HHL,14,1,250.0,326.0,81500.0,2025-09-18
2025091805000742,SHIVM,45,44,2000.0,525.2,1050400.0,2025-09-18
2025091805000741,SHIVM,45,44,257.0,525.2,134976.4,2025-09-18
2025091803000374,GBBL,57,14,50.0,409.7,20485.0,2025-09-18
2025091804000643,RADHI,34,42,1620.0,695.1,1126062.0,2025-09-18
2025091804000642,RADHI,62,42,380.0,695.2,264176.0,2025-09-18
2025091804000641,UPCL,41,7,10.0,375.7,3757.0,2025-09-18
2025091804000640,UPCL,34,7,100.0,375.7,37570.0,2025-09-18
2025091804000639,UPCL,59,7,930.0,375.8,349494.0,2025-09-18
2025091803000373,SAPDBL,11,49,177.0,732.1,129581.7,2025-09-18
2025091804000638,NGPL,60,49,40.0,359.0,14360.0,2025-09-18
2025091805000740,AHL,4,6,70.0,616.5,43155.0,2025-09-18
2025091801000494,PRVU,46,17,30.0,195.0,5850.0,2025-09-18
2025091805000739,TAMOR,32,17,10.0,466.8,4668.0,2025-09-18
2025091801000493,CREST,8,50,10.0,1005.3,10053.0,2025-09-18
2025091803000372,SAPDBL,11,49,33.0,732.1,24159.3,2025-09-18
2025091804000637,UNHPL,28,42,800.0,432.0,345600.0,2025-09-18
2025091805000738,HRL,3,17,88.0,878.0,77264.0,2025-09-18
2025091805000737,HRL,3,28,167.0,878.0,146626.0,2025-09-18
2025091805000736,HRL,3,42,43.0,878.0,37754.0,2025-09-18
2025091805000735,HRL,3,56,10.0,878.0,8780.0,2025-09-18
2025091805000734,HRL,3,19,50.0,878.0,43900.0,2025-09-18
2025091805000733,HRL,3,4,200.0,878.0,175600.0,2025-09-18
2025091805000732,HRL,3,41,14.0,878.0,12292.0,2025-09-18
2025091805000731,HRL,3,42,428.0,878.0,375784.0,2025-09-18
2025091801000492,CREST,22,50,10.0,1005.3,10053.0,2025-09-18
2025091801000491,CREST,29,50,100.0,1005.3,100530.0,2025-09-18
2025091801000490,CREST,58,50,90.0,1005.3,90477.0,2025-09-18
2025091801000489,CREST,10,50,10.0,1006.0,10060.0,2025-09-18
2025091801000488,CREST,41,50,10.0,1006.1,10061.0,2025-09-18
2025091804000636,UNHPL,28,101,100.0,432.0,43200.0,2025-09-18
2025091805000730,HDL,7,58,30.0,1302.0,39060.0,2025-09-18
2025091801000487,EBL,34,33,30.0,656.6,19698.0,2025-09-18
2025091801000486,NABIL,58,14,10.0,475.3,4753.0,2025-09-18
2025091804000635,NLG,91,46,100.0,740.0,74000.0,2025-09-18
2025091804000634,API,17,8,75.0,269.5,20212.5,2025-09-18
2025091801000485,NMIC,7,62,10.0,1117.2,11172.0,2025-09-18
2025091801000484,JBLB,62,58,25.0,1350.0,33750.0,2025-09-18
2025091805000729,HRL,34,42,100.0,878.0,87800.0,2025-09-18
2025091805000728,NTC,16,32,28.0,778.0,21784.0,2025-09-18
2025091801000483,LSL,36,25,50.0,219.0,10950.0,2025-09-18
2025091804000633,UPCL,59,92,70.0,375.8,26306.0,2025-09-18
2025091804000632,UPCL,52,92,100.0,377.4,37740.0,2025-09-18
2025091804000631,UPCL,1,92,20.0,377.4,7548.0,2025-09-18
2025091804000630,UPCL,44,92,1000.0,378.0,378000.0,2025-09-18
2025091804000629,UPCL,33,92,256.0,378.0,96768.0,2025-09-18
2025091804000628,UPCL,43,92,54.0,380.0,20520.0,2025-09-18
2025091804000627,AHPC,58,89,122.0,265.0,32330.0,2025-09-18
2025091804000626,AHPC,26,89,100.0,265.1,26510.0,2025-09-18
2025091804000625,UNHPL,28,52,287.0,432.0,123984.0,2025-09-18
2025091804000624,UNHPL,38,52,160.0,432.0,69120.0,2025-09-18
2025091804000623,NGPL,1,51,17.0,358.0,6086.0,2025-09-18
2025091805000727,HRL,43,42,100.0,878.0,87800.0,2025-09-18
2025091801000482,NICA,40,49,50.0,326.0,16300.0,2025-09-18
2025091803000371,LBBL,17,45,300.0,482.0,144600.0,2025-09-18
2025091803000370,LBBL,60,45,1000.0,483.0,483000.0,2025-09-18
2025091804000622,GHL,42,28,2085.0,205.1,427633.5,2025-09-18
2025091805000726,MBJC,41,47,10.0,290.0,2900.0,2025-09-18
2025091805000725,CHDC,89,13,300.0,2250.0,675000.0,2025-09-18
2025091805000724,HRL,45,42,100.0,878.0,87800.0,2025-09-18
2025091805000723,HRL,35,42,1700.0,878.0,1492600.0,2025-09-18
2025091804000621,AKPL,52,35,30.0,230.5,6915.0,2025-09-18
2025091805000722,NRIC,32,43,20.0,1505.4,30108.0,2025-09-18
2025091805000721,NIFRA,4,58,300.0,251.0,75300.0,2025-09-18
2025091801000481,HIMSTAR,64,34,10.0,473.5,4735.0,2025-09-18
2025091805000720,SHIVM,45,58,800.0,525.2,420160.0,2025-09-18
2025091804000620,SHPC,57,49,150.0,500.0,75000.0,2025-09-18
2025091804000619,SHPC,57,44,100.0,500.0,50000.0,2025-09-18
2025091804000618,UPCL,43,77,46.0,380.0,17480.0,2025-09-18
2025091801000480,NMIC,7,6,30.0,1117.2,33516.0,2025-09-18
2025091801000479,KBL,62,39,151.0,180.1,27195.1,2025-09-18
2025091804000617,UNHPL,38,32,500.0,432.0,216000.0,2025-09-18
2025091804000616,NGPL,1,59,100.0,358.0,35800.0,2025-09-18
2025091804000615,NGPL,5,59,200.0,358.1,71620.0,2025-09-18
2025091805000719,SHIVM,45,22,300.0,525.2,157560.0,2025-09-18
2025091803000369,LICN,94,16,50.0,805.0,40250.0,2025-09-18
2025091804000614,API,91,42,630.0,275.0,173250.0,2025-09-18
2025091804000613,API,91,16,370.0,275.0,101750.0,2025-09-18
2025091803000368,SKBBL,45,25,40.0,832.0,33280.0,2025-09-18
2025091803000367,SAPDBL,11,77,290.0,732.1,212309.0,2025-09-18
2025091801000478,NIMB,33,62,600.0,193.0,115800.0,2025-09-18
2025091805000718,NRN,58,57,50.0,1831.0,91550.0,2025-09-18
2025091801000477,HBL,16,17,50.0,192.5,9625.0,2025-09-18
2025091801000476,HBL,14,17,105.0,192.7,20233.5,2025-09-18
2025091801000475,HBL,34,17,780.0,192.8,150384.0,2025-09-18
2025091801000474,PCBL,32,56,50.0,238.9,11945.0,2025-09-18
2025091801000473,HBL,34,35,10.0,192.8,1928.0,2025-09-18
2025091804000612,UPPER,48,16,500.0,172.5,86250.0,2025-09-18
2025091804000611,UPCL,43,62,900.0,380.0,342000.0,2025-09-18
2025091804000610,SPDL,32,44,10.0,379.4,3794.0,2025-09-18
2025091804000609,BPCL,59,45,80.0,753.4,60272.0,2025-09-18
2025091804000608,BPCL,59,49,20.0,753.4,15068.0,2025-09-18
2025091803000366,NFS,17,13,25.0,615.5,15387.5,2025-09-18
2025091805000717,CLI,57,36,12.0,429.3,5151.6,2025-09-18
2025091803000365,KSBBL,94,42,665.0,485.0,322525.0,2025-09-18
2025091803000364,MATRI,32,45,11.0,970.2,10672.2,2025-09-18
2025091801000472,CREST,10,59,10.0,1006.0,10060.0,2025-09-18
2025091805000716,HRL,45,42,10.0,878.0,8780.0,2025-09-18
2025091801000471,HBL,34,43,10.0,192.8,1928.0,2025-09-18
2025091801000470,SNLI,14,36,20.0,444.0,8880.0,2025-09-18
2025091801000469,NBL,38,5,50.0,238.7,11935.0,2025-09-18
2025091801000468,NBL,47,5,100.0,238.7,23870.0,2025-09-18
2025091805000715,ILI,57,57,10.0,419.0,4190.0,2025-09-18
2025091805000714,SHIVM,56,14,100.0,528.0,52800.0,2025-09-18
2025091805000713,HRL,58,42,100.0,878.0,87800.0,2025-09-18
2025091803000363,MNBBL,1,87,78.0,420.0,32760.0,2025-09-18
2025091803000362,MNBBL,50,87,100.0,420.0,42000.0,2025-09-18
2025091803000361,MNBBL,48,87,16.0,420.0,6720.0,2025-09-18
2025091803000360,MNBBL,45,87,306.0,420.0,128520.0,2025-09-18
2025091804000607,UMHL,58,86,500.0,540.0,270000.0,2025-09-18
2025091805000712,SAHAS,35,11,30.0,582.2,17466.0,2025-09-18
2025091804000606,UPCL,25,42,100.0,385.0,38500.0,2025-09-18
2025091801000467,KBL,36,38,50.0,182.0,9100.0,2025-09-18
2025091801000466,HBL,34,29,10.0,192.8,1928.0,2025-09-18
2025091803000359,BFC,58,28,60.0,446.0,26760.0,2025-09-18
2025091805000711,HDL,99,58,10.0,1302.0,13020.0,2025-09-18
2025091805000710,GVL,60,41,286.0,481.1,137594.6,2025-09-18
2025091805000709,GVL,74,41,14.0,486.0,6804.0,2025-09-18
2025091805000708,NTC,16,58,32.0,778.0,24896.0,2025-09-18
2025091801000465,HBL,34,58,10.0,192.8,1928.0,2025-09-18
2025091804000605,NGPL,5,57,300.0,358.1,107430.0,2025-09-18
2025091804000604,NGPL,14,57,100.0,361.5,36150.0,2025-09-18
2025091805000707,HRL,34,42,20.0,878.0,17560.0,2025-09-18
2025091801000464,HBL,34,45,10.0,192.8,1928.0,2025-09-18
2025091801000463,CYCL,49,42,10.0,1535.0,15350.0,2025-09-18
2025091805000706,CLI,57,58,10.0,429.3,4293.0,2025-09-18
2025091804000603,UPPER,91,8,325.0,170.0,55250.0,2025-09-18
2025091803000358,KSBBL,94,36,111.0,485.0,53835.0,2025-09-18
2025091804000602,SHEL,49,38,450.0,280.0,126000.0,2025-09-18
2025091804000601,SHEL,49,57,50.0,280.0,14000.0,2025-09-18
2025091804000600,SHEL,49,84,400.0,280.0,112000.0,2025-09-18
2025091804000599,SHEL,49,34,100.0,275.2,27520.0,2025-09-18
2025091805000705,HDL,32,1,100.0,1301.0,130100.0,2025-09-18
2025091805000704,HDL,17,1,100.0,1302.0,130200.0,2025-09-18
2025091803000357,GFCL,21,62,40.0,575.0,23000.0,2025-09-18
2025091803000356,GFCL,21,38,85.0,575.0,48875.0,2025-09-18
2025091803000355,GFCL,21,58,10.0,574.9,5749.0,2025-09-18
2025091801000462,KBL,58,38,105.0,182.0,19110.0,2025-09-18
2025091804000598,SHEL,33,49,150.0,275.0,41250.0,2025-09-18
2025091801000461,HBL,34,49,10.0,192.8,1928.0,2025-09-18
2025091801000460,TTL,52,58,20.0,695.9,13918.0,2025-09-18
2025091801000459,HBL,34,49,40.0,192.8,7712.0,2025-09-18
2025091805000703,NTC,16,50,20.0,778.0,15560.0,2025-09-18
2025091801000458,HBL,34,35,10.0,192.8,1928.0,2025-09-18
2025091804000597,UPCL,43,100,500.0,380.0,190000.0,2025-09-18
2025091805000702,RNLI,10,58,39.0,423.1,16500.9,2025-09-18
2025091801000457,HBL,34,26,10.0,192.8,1928.0,2025-09-18
2025091805000701,SONA,48,32,150.0,416.0,62400.0,2025-09-18
2025091805000700,CLI,57,48,13.0,429.3,5580.9,2025-09-18
2025091805000699,SONA,48,53,10.0,416.0,4160.0,2025-09-18
2025091805000698,HIDCL,57,57,10.0,254.0,2540.0,2025-09-18
2025091803000354,LBBL,99,35,10.0,490.0,4900.0,2025-09-18
2025091805000697,NIFRA,66,58,28.0,250.0,7000.0,2025-09-18
2025091805000696,NIFRA,38,58,40.0,250.0,10000.0,2025-09-18
2025091805000695,NIFRA,95,58,46.0,250.0,11500.0,2025-09-18
2025091801000456,GBIME,58,16,10.0,226.0,2260.0,2025-09-18
2025091804000596,RADHI,62,65,100.0,695.2,69520.0,2025-09-18
2025091801000455,CREST,49,58,10.0,1007.0,10070.0,2025-09-18
2025091805000694,SAHAS,35,98,500.0,582.2,291100.0,2025-09-18
2025091803000353,MNBBL,45,8,100.0,420.0,42000.0,2025-09-18
2025091804000595,NGPL,69,58,70.0,362.0,25340.0,2025-09-18
2025091804000594,AHPC,58,7,130.0,265.0,34450.0,2025-09-18
2025091805000693,HRL,55,42,10.0,878.0,8780.0,2025-09-18
2025091805000692,HDL,49,75,90.0,1305.0,117450.0,2025-09-18
2025091805000691,HDL,49,58,10.0,1305.0,13050.0,2025-09-18
2025091803000352,SINDU,8,44,10.0,660.0,6600.0,2025-09-18
2025091805000690,CLI,57,98,13.0,429.3,5580.9,2025-09-18
2025091804000593,SHEL,33,29,500.0,275.0,137500.0,2025-09-18
2025091805000689,BHL,53,58,50.0,170.1,8505.0,2025-09-18
2025091805000688,SMATA,48,74,10.0,939.0,9390.0,2025-09-18
2025091805000687,SMATA,48,58,10.0,936.0,9360.0,2025-09-18
2025091804000592,AKPL,35,68,20.0,230.0,4600.0,2025-09-18
2025091803000351,MNBBL,8,59,140.0,426.9,59766.0,2025-09-18
2025091803000350,MNBBL,8,49,60.0,420.6,25236.0,2025-09-18
2025091805000686,NIFRA,95,65,100.0,250.0,25000.0,2025-09-18
2025091805000685,GVL,74,62,50.0,486.0,24300.0,2025-09-18
2025091804000591,NGPL,33,34,400.0,365.0,146000.0,2025-09-18
2025091804000590,NGPL,33,8,600.0,364.5,218700.0,2025-09-18
2025091801000454,EBL,34,65,781.0,656.6,512804.6,2025-09-18
2025091801000453,EBL,65,65,500.0,657.0,328500.0,2025-09-18
2025091801000452,EBL,11,65,30.0,657.0,19710.0,2025-09-18
2025091801000451,EBL,38,65,89.0,657.0,58473.0,2025-09-18
2025091804000589,GHL,21,49,30.0,207.0,6210.0,2025-09-18
2025091801000450,HIMSTAR,64,51,10.0,473.5,4735.0,2025-09-18
2025091803000349,KSBBL,94,62,878.0,485.0,425830.0,2025-09-18
2025091801000449,HIDCLP,21,48,450.0,179.8,80910.0,2025-09-18
2025091801000448,HIDCLP,11,48,50.0,179.8,8990.0,2025-09-18
2025091801000447,HBL,34,51,10.0,192.8,1928.0,2025-09-18
2025091805000684,NRN,14,41,20.0,1838.0,36760.0,2025-09-18
2025091805000683,NRIC,97,45,10.0,1536.1,15361.0,2025-09-18
2025091804000588,CHCL,91,42,200.0,472.5,94500.0,2025-09-18
2025091804000587,UMHL,7,86,200.0,535.2,107040.0,2025-09-18
2025091805000682,CHDC,50,7,880.0,2245.0,1975600.0,2025-09-18
2025091805000681,CHDC,54,7,20.0,2245.0,44900.0,2025-09-18
2025091805000680,CHDC,43,7,400.0,2250.0,900000.0,2025-09-18
2025091805000679,CHDC,62,7,100.0,2289.3,228930.0,2025-09-18
2025091801000446,HBL,34,100,10.0,192.8,1928.0,2025-09-18
2025091805000678,NRN,4,58,260.0,1830.0,475800.0,2025-09-18
2025091803000348,HLI,59,21,120.0,365.0,43800.0,2025-09-18
2025091803000347,HLI,50,21,100.0,365.1,36510.0,2025-09-18
2025091804000586,GHL,42,5,500.0,205.1,102550.0,2025-09-18
2025091801000445,SARBTM,52,16,10.0,841.0,8410.0,2025-09-18
2025091804000585,AKPL,45,38,900.0,227.5,204750.0,2025-09-18
2025091805000677,HRL,57,42,30.0,878.0,26340.0,2025-09-18
2025091801000444,KBL,42,51,215.0,180.0,38700.0,2025-09-18
2025091801000443,KBL,19,51,100.0,180.0,18000.0,2025-09-18
2025091801000442,KBL,49,51,185.0,180.0,33300.0,2025-09-18
2025091805000676,HDL,17,48,69.0,1302.0,89838.0,2025-09-18
2025091804000584,CHCL,91,33,170.0,472.5,80325.0,2025-09-18
2025091805000675,HRL,26,42,100.0,878.0,87800.0,2025-09-18
2025091805000674,RFPL,38,49,20.0,335.0,6700.0,2025-09-18
2025091805000673,RFPL,38,58,10.0,334.0,3340.0,2025-09-18
2025091804000583,SHEL,33,36,200.0,275.0,55000.0,2025-09-18
2025091804000582,AHPC,58,74,100.0,265.0,26500.0,2025-09-18
2025091804000581,UNHPL,38,45,180.0,432.0,77760.0,2025-09-18
2025091804000580,UNHPL,58,45,20.0,432.1,8642.0,2025-09-18
2025091801000441,HIMSTAR,64,52,10.0,473.5,4735.0,2025-09-18
2025091804000579,SHPC,57,44,250.0,500.0,125000.0,2025-09-18
2025091801000440,HIMSTAR,64,51,10.0,473.5,4735.0,2025-09-18
2025091803000346,MNBBL,45,32,594.0,420.0,249480.0,2025-09-18
2025091804000578,UPCL,33,92,244.0,378.0,92232.0,2025-09-18
2025091804000577,UPCL,22,92,56.0,378.0,21168.0,2025-09-18
2025091804000576,MEN,80,19,200.0,566.8,113360.0,2025-09-18
2025091804000575,IGI,42,58,100.0,500.3,50030.0,2025-09-18
2025091805000672,NIFRA,95,36,350.0,250.0,87500.0,2025-09-18
2025091805000671,NIFRA,95,1,504.0,250.0,126000.0,2025-09-18
2025091804000574,NGPL,69,39,300.0,362.0,108600.0,2025-09-18
2025091801000439,KBL,49,21,400.0,180.0,72000.0,2025-09-18
2025091804000573,NGPL,69,39,350.0,362.0,126700.0,2025-09-18
2025091805000670,BHL,53,39,130.0,170.0,22100.0,2025-09-18
2025091805000669,SAHAS,35,56,310.0,582.2,180482.0,2025-09-18
2025091805000668,SAHAS,53,56,180.0,583.0,104940.0,2025-09-18
2025091805000667,SIKLES,45,57,10.0,663.3,6633.0,2025-09-18
2025091804000572,RIDI,32,6,100.0,214.0,21400.0,2025-09-18
2025091801000438,EBL,38,28,111.0,657.0,72927.0,2025-09-18
2025091801000437,EBL,6,28,29.0,657.0,19053.0,2025-09-18
2025091805000666,SAHAS,53,38,500.0,583.0,291500.0,2025-09-18
2025091805000665,HDL,17,45,331.0,1302.0,430962.0,2025-09-18
2025091805000664,HDL,35,45,19.0,1304.0,24776.0,2025-09-18
2025091804000571,SHEL,33,7,132.0,275.0,36300.0,2025-09-18
2025091804000570,SHEL,32,7,368.0,275.0,101200.0,2025-09-18
2025091805000663,RNLI,10,58,45.0,423.1,19039.5,2025-09-18
2025091804000569,UPPER,91,58,100.0,170.0,17000.0,2025-09-18
2025091805000662,SHIVM,45,58,105.0,525.2,55146.0,2025-09-18
2025091803000345,HLI,94,43,450.0,370.0,166500.0,2025-09-18
2025091805000661,HRL,58,42,10.0,878.0,8780.0,2025-09-18
2025091804000568,UNHPL,58,57,20.0,432.1,8642.0,2025-09-18
2025091805000660,DORDI,85,14,100.0,223.2,22320.0,2025-09-18
2025091803000344,SKBBL,45,41,14.0,832.0,11648.0,2025-09-18
2025091805000659,SAHAS,53,29,20.0,583.0,11660.0,2025-09-18
2025091805000658,SAHAS,34,29,600.0,583.0,349800.0,2025-09-18
2025091801000436,HBL,34,77,10.0,192.8,1928.0,2025-09-18
2025091801000435,EBL,13,58,20.0,661.0,13220.0,2025-09-18
2025091805000657,SHIVM,45,40,538.0,525.2,282557.6,2025-09-18
2025091805000656,SHIVM,35,40,10.0,529.0,5290.0,2025-09-18
2025091805000655,SHIVM,58,40,56.0,529.2,29635.2,2025-09-18
2025091805000654,SHIVM,19,40,296.0,529.2,156643.2,2025-09-18
2025091805000653,BHL,49,39,70.0,170.0,11900.0,2025-09-18
2025091801000434,GBIME,35,4,50.0,223.0,11150.0,2025-09-18
2025091804000567,MEN,5,41,100.0,578.0,57800.0,2025-09-18
2025091804000566,GHL,42,57,300.0,205.1,61530.0,2025-09-18
2025091801000433,NABIL,1,4,12.0,472.0,5664.0,2025-09-18
2025091801000432,NABIL,29,4,90.0,472.1,42489.0,2025-09-18
2025091801000431,HBL,34,42,10.0,192.8,1928.0,2025-09-18
2025091804000565,UNHPL,58,52,300.0,432.1,129630.0,2025-09-18
2025091804000564,UMHL,7,34,40.0,535.0,21400.0,2025-09-18
2025091804000563,UMHL,7,86,200.0,535.0,107000.0,2025-09-18
2025091805000652,SAHAS,35,36,80.0,582.2,46576.0,2025-09-18
2025091801000430,HBL,34,42,10.0,192.8,1928.0,2025-09-18
2025091801000429,TTL,1,38,100.0,709.9,70990.0,2025-09-18
2025091801000428,TTL,34,38,200.0,710.0,142000.0,2025-09-18
2025091801000427,TTL,45,38,30.0,710.0,21300.0,2025-09-18
2025091805000651,NRN,4,55,18.0,1830.0,32940.0,2025-09-18
2025091805000650,NRN,54,55,100.0,1835.0,183500.0,2025-09-18
2025091805000649,NRN,58,55,326.0,1838.0,599188.0,2025-09-18
2025091805000648,NRN,58,55,50.0,1840.0,92000.0,2025-09-18
2025091801000426,KBL,49,32,400.0,180.0,72000.0,2025-09-18
2025091804000562,AHPC,58,55,53.0,265.0,14045.0,2025-09-18
2025091804000561,AHPC,49,55,447.0,265.0,118455.0,2025-09-18
2025091803000343,NLICL,5,58,18.0,556.9,10024.2,2025-09-18
2025091803000342,NLICL,5,49,130.0,556.9,72397.0,2025-09-18
2025091805000647,CIT,22,45,100.0,1785.0,178500.0,2025-09-18
2025091805000646,CIT,42,45,50.0,1786.0,89300.0,2025-09-18
2025091804000560,SHEL,32,45,432.0,275.0,118800.0,2025-09-18
2025091804000559,SHEL,32,42,100.0,275.0,27500.0,2025-09-18
2025091805000645,HRL,4,42,1000.0,878.0,878000.0,2025-09-18
2025091801000425,KBL,49,52,15.0,180.0,2700.0,2025-09-18
2025091801000424,KBL,16,52,615.0,180.0,110700.0,2025-09-18
2025091805000644,SPL,80,33,350.0,888.5,310975.0,2025-09-18
2025091801000423,CZBIL,25,35,100.0,196.5,19650.0,2025-09-18
2025091805000643,BHL,37,39,250.0,170.0,42500.0,2025-09-18
2025091805000642,HRL,4,42,20.0,878.0,17560.0,2025-09-18
2025091805000641,MKJC,59,45,10.0,564.7,5647.0,2025-09-18
2025091805000640,MKJC,59,45,10.0,564.7,5647.0,2025-09-18
2025091804000558,AHPC,32,51,200.0,266.0,53200.0,2025-09-18
2025091805000639,NRN,58,11,10.0,1840.0,18400.0,2025-09-18
2025091805000638,SHIVM,80,58,10.0,530.0,5300.0,2025-09-18
2025091803000341,NICLBSL,45,59,10.0,542.0,5420.0,2025-09-18
2025091801000422,GBIME,35,25,20.0,223.0,4460.0,2025-09-18
2025091803000340,SJLIC,25,16,20.0,401.6,8032.0,2025-09-18
2025091805000637,NRN,58,58,40.0,1840.0,73600.0,2025-09-18
2025091805000636,SHIVM,67,58,605.0,530.0,320650.0,2025-09-18
2025091805000635,SHIVM,55,58,339.0,530.2,179737.8,2025-09-18
2025091805000634,SHIVM,55,58,440.0,530.2,233288.0,2025-09-18
2025091804000557,SHPC,16,55,230.0,499.5,114885.0,2025-09-18
2025091804000556,SHPC,32,55,20.0,499.8,9996.0,2025-09-18
2025091804000555,SHPC,48,55,300.0,500.0,150000.0,2025-09-18
2025091804000554,SHPC,42,55,450.0,500.0,225000.0,2025-09-18
2025091805000633,NTC,42,45,110.0,793.0,87230.0,2025-09-18
2025091805000632,NTC,42,45,20.0,780.0,15600.0,2025-09-18
2025091805000631,NIFRA,51,1,696.0,250.0,174000.0,2025-09-18
2025091805000630,NIFRA,51,50,64.0,250.0,16000.0,2025-09-18
2025091805000629,NIFRA,51,56,240.0,250.0,60000.0,2025-09-18
2025091801000421,TTL,45,34,10.0,710.0,7100.0,2025-09-18
2025091805000628,SHIVM,55,22,221.0,530.2,117174.2,2025-09-18
2025091804000553,UPCL,52,42,500.0,385.0,192500.0,2025-09-18
2025091804000552,UPCL,26,42,100.0,385.0,38500.0,2025-09-18
2025091804000551,UPCL,17,42,300.0,385.1,115530.0,2025-09-18
2025091805000627,HDL,35,21,11.0,1304.0,14344.0,2025-09-18
2025091805000626,BHL,34,39,50.0,170.1,8505.0,2025-09-18
2025091803000339,EDBL,25,39,50.0,600.0,30000.0,2025-09-18
2025091801000420,EBL,58,58,10.0,661.0,6610.0,2025-09-18
2025091801000419,TTL,45,58,10.0,710.0,7100.0,2025-09-18
2025091805000625,BHL,42,45,50.0,173.4,8670.0,2025-09-18
2025091801000418,TTL,38,58,10.0,711.0,7110.0,2025-09-18
2025091805000624,CLI,57,55,13.0,429.3,5580.9,2025-09-18
2025091801000417,MBL,58,38,75.0,234.1,17557.5,2025-09-18
2025091804000550,UMHL,72,86,953.0,531.3,506328.9,2025-09-18
2025091804000549,UMHL,38,86,1000.0,531.4,531400.0,2025-09-18
2025091804000548,UMHL,38,86,850.0,534.0,453900.0,2025-09-18
2025091804000547,UMHL,16,86,1000.0,535.0,535000.0,2025-09-18
2025091804000546,UMHL,38,86,1982.0,535.0,1060370.0,2025-09-18
2025091804000545,UMHL,62,86,815.0,535.1,436106.5,2025-09-18
2025091804000544,KPCL,58,99,10.0,512.0,5120.0,2025-09-18
2025091801000416,TTL,35,49,25.0,710.0,17750.0,2025-09-18
2025091803000338,MNBBL,6,7,141.0,420.0,59220.0,2025-09-18
2025091803000337,MNBBL,6,8,59.0,420.0,24780.0,2025-09-18
2025091801000415,CREST,58,56,10.0,1005.3,10053.0,2025-09-18
2025091804000543,AKPL,58,68,500.0,230.3,115150.0,2025-09-18
2025091804000542,AKPL,42,68,50.0,230.3,11515.0,2025-09-18
2025091804000541,AKPL,48,68,120.0,230.6,27672.0,2025-09-18
2025091805000623,HDL,45,58,30.0,1305.0,39150.0,2025-09-18
2025091804000540,SHEL,38,42,100.0,275.0,27500.0,2025-09-18
2025091804000539,SHEL,38,21,900.0,275.0,247500.0,2025-09-18
2025091804000538,UPPER,42,16,525.0,172.5,90562.5,2025-09-18
2025091804000537,UAIL,42,20,100.0,472.6,47260.0,2025-09-18
2025091803000336,USLB,14,41,38.0,1845.9,70144.2,2025-09-18
2025091801000414,TTL,35,48,125.0,710.0,88750.0,2025-09-18
2025091801000413,TTL,57,48,215.0,710.1,152671.5,2025-09-18
2025091801000412,KBL,16,38,385.0,180.0,69300.0,2025-09-18
2025091801000411,KBL,47,38,140.0,180.0,25200.0,2025-09-18
2025091805000622,NTC,11,45,10.0,780.0,7800.0,2025-09-18
2025091801000410,EBL,6,18,142.0,657.0,93294.0,2025-09-18
2025091801000409,EBL,33,18,100.0,657.1,65710.0,2025-09-18
2025091805000621,NIFRA,62,56,50.0,250.0,12500.0,2025-09-18
2025091805000620,NIFRA,41,28,64.0,249.9,15993.6,2025-09-18
2025091801000408,HBL,34,58,10.0,192.8,1928.0,2025-09-18
2025091805000619,SHIVM,67,21,395.0,530.0,209350.0,2025-09-18
2025091805000618,SHIVM,99,21,40.0,530.0,21200.0,2025-09-18
2025091801000407,HBL,34,62,10.0,192.8,1928.0,2025-09-18
2025091805000617,HIDCL,39,57,400.0,254.0,101600.0,2025-09-18
2025091804000536,NGPL,34,8,400.0,364.5,145800.0,2025-09-18
2025091805000616,SAHAS,35,34,10.0,582.2,5822.0,2025-09-18
2025091801000406,GBIME,35,46,2968.0,223.0,661864.0,2025-09-18
2025091801000405,NABIL,29,41,10.0,472.0,4720.0,2025-09-18
2025091801000404,KBL,47,34,60.0,180.0,10800.0,2025-09-18
2025091801000403,KBL,22,34,140.0,180.0,25200.0,2025-09-18
2025091801000402,HBL,34,57,10.0,192.8,1928.0,2025-09-18
2025091803000335,MLBL,13,8,330.0,361.8,119394.0,2025-09-18
2025091804000535,AHPC,49,57,20.0,265.0,5300.0,2025-09-18
2025091805000615,NTC,7,45,470.0,780.0,366600.0,2025-09-18
2025091805000614,SONA,48,58,330.0,416.0,137280.0,2025-09-18
2025091801000401,HBL,34,6,10.0,192.8,1928.0,2025-09-18
2025091805000613,BHL,13,45,90.0,173.4,15606.0,2025-09-18
2025091804000534,UMHL,62,49,185.0,535.1,98993.5,2025-09-18
2025091801000400,NABIL,57,41,100.0,472.0,47200.0,2025-09-18
2025091801000399,NABIL,58,41,40.0,473.0,18920.0,2025-09-18
2025091805000612,NTC,7,35,30.0,780.0,23400.0,2025-09-18
2025091805000611,SAHAS,35,19,1421.0,582.2,827306.2,2025-09-18
2025091804000533,AHPC,49,6,33.0,265.0,8745.0,2025-09-18
2025091803000334,LBBL,17,58,810.0,482.0,390420.0,2025-09-18
2025091803000333,LBBL,58,58,190.0,490.0,93100.0,2025-09-18
2025091804000532,SHL,21,48,100.0,522.9,52290.0,2025-09-18
2025091804000531,RADHI,29,56,10000.0,695.0,6950000.0,2025-09-18
2025091803000332,NICLBSL,45,22,20.0,542.0,10840.0,2025-09-18
2025091803000331,NICLBSL,45,22,10.0,552.8,5528.0,2025-09-18
2025091801000398,NWCL,33,22,90.0,809.2,72828.0,2025-09-18
2025091801000397,BHCL,36,39,10.0,440.9,4409.0,2025-09-18
2025091804000530,SSHL,6,54,30.0,164.7,4941.0,2025-09-18
2025091804000529,SSHL,101,54,10.0,164.7,1647.0,2025-09-18
2025091803000330,MFIL,50,45,30.0,629.1,18873.0,2025-09-18
2025091801000396,JBLB,32,45,25.0,1340.0,33500.0,2025-09-18
2025091803000329,HLI,58,43,50.0,370.0,18500.0,2025-09-18
2025091805000610,SHIVM,99,21,60.0,530.0,31800.0,2025-09-18
2025091803000328,SADBL,33,44,200.0,392.0,78400.0,2025-09-18
2025091805000609,SHIVM,99,40,100.0,530.0,53000.0,2025-09-18
2025091801000395,HIMSTAR,64,51,10.0,473.5,4735.0,2025-09-18
2025091805000608,SAHAS,35,36,734.0,582.2,427334.8,2025-09-18
2025091805000607,CHDC,50,39,687.0,2290.0,1573230.0,2025-09-18
2025091805000606,CHDC,59,39,20.0,2290.0,45800.0,2025-09-18
2025091805000605,CHDC,57,39,50.0,2290.0,114500.0,2025-09-18
2025091805000604,CHDC,1,39,10.0,2292.0,22920.0,2025-09-18
2025091805000603,CHDC,25,39,100.0,2335.0,233500.0,2025-09-18
2025091805000602,CHDC,25,39,50.0,2335.0,116750.0,2025-09-18
2025091805000601,CHDC,62,39,10.0,2335.0,23350.0,2025-09-18
2025091805000600,CHDC,50,39,73.0,2335.0,170455.0,2025-09-18
2025091801000394,GBIME,52,46,57.0,223.0,12711.0,2025-09-18
2025091801000393,HBL,34,58,10.0,192.8,1928.0,2025-09-18
2025091804000528,UMHL,77,48,100.0,535.4,53540.0,2025-09-18
2025091801000392,TTL,35,39,10.0,710.0,7100.0,2025-09-18
2025091801000391,TTL,35,17,10.0,710.0,7100.0,2025-09-18
2025091805000599,SHIVM,99,4,300.0,530.0,159000.0,2025-09-18
2025091805000598,SHIVM,3,4,500.0,530.0,265000.0,2025-09-18
2025091805000597,SHIVM,28,4,200.0,530.0,106000.0,2025-09-18
2025091805000596,NRIC,58,20,10.0,1567.4,15674.0,2025-09-18
2025091801000390,HBL,14,49,140.0,192.7,26978.0,2025-09-18
2025091803000327,LBBL,43,58,300.0,491.0,147300.0,2025-09-18
2025091805000595,SONA,41,49,100.0,416.5,41650.0,2025-09-18
2025091805000594,SAHAS,29,29,500.0,583.0,291500.0,2025-09-18
2025091805000593,NRN,58,56,100.0,1838.0,183800.0,2025-09-18
2025091803000326,GRDBL,53,34,10.0,970.2,9702.0,2025-09-18
2025091801000389,HBL,14,25,10.0,192.7,1927.0,2025-09-18
2025091804000527,MEN,80,88,100.0,566.8,56680.0,2025-09-18
2025091804000526,MEN,80,88,400.0,568.4,227360.0,2025-09-18
2025091804000525,NGPL,69,58,140.0,362.0,50680.0,2025-09-18
2025091804000524,MEN,32,41,100.0,578.0,57800.0,2025-09-18
2025091803000325,NUBL,50,1,100.0,744.9,74490.0,2025-09-18
2025091805000592,HHL,6,45,100.0,330.0,33000.0,2025-09-18
2025091805000591,SONA,41,49,150.0,416.5,62475.0,2025-09-18
2025091801000388,KBL,22,58,360.0,180.0,64800.0,2025-09-18
2025091801000387,KBL,49,58,200.0,180.0,36000.0,2025-09-18
2025091801000386,KBL,57,58,440.0,180.1,79244.0,2025-09-18
2025091805000590,NRN,58,11,20.0,1838.0,36760.0,2025-09-18
2025091805000589,NRN,58,94,200.0,1838.0,367600.0,2025-09-18
2025091805000588,NRN,58,13,1000.0,1838.0,1838000.0,2025-09-18
2025091805000587,NRN,58,16,354.0,1838.0,650652.0,2025-09-18
2025091803000324,SADBL,43,44,500.0,392.0,196000.0,2025-09-18
2025091804000523,UNHPL,45,4,180.0,434.9,78282.0,2025-09-18
2025091804000522,UNHPL,45,49,130.0,434.0,56420.0,2025-09-18
2025091804000521,UNHPL,45,87,40.0,434.0,17360.0,2025-09-18
2025091804000520,UNHPL,45,4,50.0,434.0,21700.0,2025-09-18
2025091804000519,UNHPL,45,37,100.0,434.0,43400.0,2025-09-18
2025091801000385,HBL,14,58,10.0,192.7,1927.0,2025-09-18
2025091801000384,KBL,35,38,40.0,182.0,7280.0,2025-09-18
2025091801000383,KBL,35,56,60.0,182.0,10920.0,2025-09-18
2025091805000586,GVL,74,53,11.0,486.0,5346.0,2025-09-18
2025091804000518,NGPL,69,34,350.0,362.0,126700.0,2025-09-18
2025091801000382,HIDCLP,21,48,100.0,183.4,18340.0,2025-09-18
2025091803000323,HLI,58,85,100.0,370.0,37000.0,2025-09-18
2025091803000322,ACLBSL,14,58,15.0,980.0,14700.0,2025-09-18
2025091805000585,SAHAS,35,38,70.0,582.2,40754.0,2025-09-18
2025091805000584,NTC,16,45,120.0,778.0,93360.0,2025-09-18
2025091805000583,NTC,42,45,50.0,793.0,39650.0,2025-09-18
2025091805000582,NTC,16,45,50.0,793.0,39650.0,2025-09-18
2025091805000581,RNLI,32,21,25.0,423.0,10575.0,2025-09-18
2025091804000517,UPCL,17,55,100.0,385.1,38510.0,2025-09-18
2025091803000321,SKBBL,45,26,46.0,832.0,38272.0,2025-09-18
2025091801000381,TTL,35,47,10.0,710.0,7100.0,2025-09-18
2025091801000380,PURE,7,52,10.0,754.6,7546.0,2025-09-18
2025091805000580,RNLI,32,4,12.0,423.0,5076.0,2025-09-18
2025091803000320,MNBBL,46,8,10.0,420.0,4200.0,2025-09-18
2025091801000379,NABIL,17,98,28.0,471.0,13188.0,2025-09-18
2025091803000319,HLI,58,58,50.0,370.0,18500.0,2025-09-18
2025091805000579,HDL,35,45,70.0,1304.0,91280.0,2025-09-18
2025091805000578,NTC,16,6,100.0,793.0,79300.0,2025-09-18
2025091805000577,CLI,57,96,13.0,429.3,5580.9,2025-09-18
2025091803000318,NFS,57,81,251.0,625.0,156875.0,2025-09-18
2025091803000317,NFS,57,58,49.0,624.0,30576.0,2025-09-18
2025091805000576,NRIC,36,20,10.0,1567.4,15674.0,2025-09-18
2025091801000378,HBL,14,58,10.0,192.7,1927.0,2025-09-18
2025091801000377,HBL,14,58,10.0,192.7,1927.0,2025-09-18
2025091801000376,SARBTM,55,54,50.0,841.0,42050.0,2025-09-18
2025091801000375,SARBTM,62,54,47.0,850.0,39950.0,2025-09-18
2025091805000575,HRL,26,42,200.0,878.0,175600.0,2025-09-18
2025091801000374,TTL,35,4,20.0,710.0,14200.0,2025-09-18
2025091805000574,HRL,45,42,50.0,878.0,43900.0,2025-09-18
2025091801000373,HIMSTAR,64,49,10.0,473.5,4735.0,2025-09-18
2025091804000516,MEN,29,41,246.0,578.3,142261.8,2025-09-18
2025091805000573,CHDC,50,32,100.0,2335.0,233500.0,2025-09-18
2025091801000372,SARBTM,62,56,53.0,850.0,45050.0,2025-09-18
2025091803000316,GUFL,70,58,94.0,480.0,45120.0,2025-09-18
2025091801000371,CZBIL,25,39,900.0,196.5,176850.0,2025-09-18
2025091801000370,CZBIL,26,39,100.0,200.0,20000.0,2025-09-18
2025091801000369,TTL,35,26,10.0,710.0,7100.0,2025-09-18
2025091803000315,MDB,21,6,100.0,586.0,58600.0,2025-09-18
2025091803000314,RSDC,32,33,150.0,646.0,96900.0,2025-09-18
2025091803000313,RSDC,34,33,10.0,646.0,6460.0,2025-09-18
2025091804000515,AKPL,48,38,80.0,230.5,18440.0,2025-09-18
2025091803000312,MFIL,50,34,352.0,629.1,221443.2,2025-09-18
2025091801000368,KBL,3,56,30.0,182.0,5460.0,2025-09-18
2025091801000367,NABIL,25,19,47.0,472.0,22184.0,2025-09-18
2025091805000572,CLI,57,57,26.0,429.3,11161.8,2025-09-18
2025091805000571,CLI,57,57,100.0,429.3,42930.0,2025-09-18
2025091801000366,NESDO,53,1,20.0,1428.0,28560.0,2025-09-18
2025091801000365,HIDCLP,21,45,100.0,183.4,18340.0,2025-09-18
2025091801000364,KBL,57,58,60.0,180.1,10806.0,2025-09-18
2025091801000363,KBL,45,58,10.0,180.1,1801.0,2025-09-18
2025091801000362,KBL,41,58,10.0,181.1,1811.0,2025-09-18
2025091805000570,HDL,32,32,300.0,1301.0,390300.0,2025-09-18
2025091803000311,CBBL,54,77,190.0,970.0,184300.0,2025-09-18
2025091804000514,UPPER,52,16,500.0,172.5,86250.0,2025-09-18
2025091805000569,RNLI,32,51,72.0,423.0,30456.0,2025-09-18
2025091805000568,BHL,13,69,10.0,170.1,1701.0,2025-09-18
2025091805000567,SONA,18,49,50.0,416.5,20825.0,2025-09-18
2025091803000310,SMB,56,40,40.0,2105.1,84204.0,2025-09-18
2025091801000361,KBL,45,44,40.0,180.1,7204.0,2025-09-18
2025091801000360,KBL,62,44,60.0,181.0,10860.0,2025-09-18
2025091805000566,HDL,32,35,411.0,1301.0,534711.0,2025-09-18
2025091805000565,HDL,34,35,10.0,1302.0,13020.0,2025-09-18
2025091805000564,HDL,29,35,10.0,1302.0,13020.0,2025-09-18
2025091805000563,HDL,62,35,111.0,1302.0,144522.0,2025-09-18
2025091805000562,HDL,34,35,873.0,1303.0,1137519.0,2025-09-18
2025091804000513,AKPL,45,38,1000.0,230.5,230500.0,2025-09-18
2025091804000512,AKPL,16,38,20.0,230.5,4610.0,2025-09-18
2025091804000511,AKPL,7,38,100.0,230.5,23050.0,2025-09-18
2025091804000510,AKPL,10,38,200.0,230.5,46100.0,2025-09-18
2025091804000509,AKPL,58,38,250.0,233.0,58250.0,2025-09-18
2025091804000508,MEN,29,49,69.0,578.3,39902.7,2025-09-18
2025091805000561,HDL,34,57,85.0,1303.0,110755.0,2025-09-18
2025091805000560,HDL,74,57,370.0,1303.1,482147.0,2025-09-18
2025091805000559,HDL,42,57,30.0,1304.0,39120.0,2025-09-18
2025091805000558,HDL,55,57,15.0,1304.0,19560.0,2025-09-18
2025091803000309,NLIC,47,52,100.0,725.2,72520.0,2025-09-18
2025091801000359,HBL,14,42,10.0,192.7,1927.0,2025-09-18
2025091805000557,SAHAS,52,29,500.0,583.0,291500.0,2025-09-18
2025091804000507,AHPC,50,38,100.0,262.0,26200.0,2025-09-18
2025091805000556,IHL,54,6,50.0,529.5,26475.0,2025-09-18
2025091805000555,IHL,54,36,50.0,529.5,26475.0,2025-09-18
2025091801000358,HBL,14,49,10.0,192.7,1927.0,2025-09-18
2025091804000506,UNHPL,38,14,60.0,432.0,25920.0,2025-09-18
2025091804000505,AKPL,58,58,50.0,233.0,11650.0,2025-09-18
2025091804000504,UNHPL,38,14,100.0,432.0,43200.0,2025-09-18
2025091804000503,AKPL,58,34,200.0,233.0,46600.0,2025-09-18
2025091804000502,NLG,34,38,100.0,743.2,74320.0,2025-09-18
2025091804000501,NGPL,69,56,290.0,362.0,104980.0,2025-09-18
2025091804000500,NGPL,35,56,710.0,362.0,257020.0,2025-09-18
2025091805000554,SHIVM,49,21,85.0,539.0,45815.0,2025-09-18
2025091805000553,SHIVM,49,49,15.0,539.0,8085.0,2025-09-18
2025091804000499,MEN,29,42,100.0,578.3,57830.0,2025-09-18
2025091805000552,SAHAS,11,29,100.0,583.0,58300.0,2025-09-18
2025091805000551,SHIVM,19,42,50.0,529.2,26460.0,2025-09-18
2025091805000550,SHIVM,52,42,50.0,530.1,26505.0,2025-09-18
2025091801000357,CREST,38,35,10.0,1009.8,10098.0,2025-09-18
2025091804000498,RADHI,16,82,500.0,695.8,347900.0,2025-09-18
2025091804000497,SHEL,14,21,100.0,275.0,27500.0,2025-09-18
2025091801000356,GBIME,52,8,243.0,223.0,54189.0,2025-09-18
2025091804000496,RADHI,21,1,50.0,710.0,35500.0,2025-09-18
2025091801000355,SBL,17,43,10.0,350.9,3509.0,2025-09-18
2025091803000308,SAPDBL,55,50,40.0,732.0,29280.0,2025-09-18
2025091803000307,SAPDBL,51,50,80.0,732.0,58560.0,2025-09-18
2025091803000306,NADEP,35,59,48.0,751.0,36048.0,2025-09-18
2025091805000549,MEHL,97,59,68.0,395.0,26860.0,2025-09-18
2025091803000305,RLFL,97,14,60.0,436.2,26172.0,2025-09-18
2025091801000354,HBL,14,34,10.0,192.7,1927.0,2025-09-18
2025091801000353,TTL,35,41,80.0,710.0,56800.0,2025-09-18
2025091801000352,TTL,17,41,20.0,715.0,14300.0,2025-09-18
2025091801000351,HBL,14,32,10.0,192.7,1927.0,2025-09-18
2025091803000304,CBBL,54,44,10.0,970.0,9700.0,2025-09-18
2025091801000350,NWCL,16,22,50.0,809.2,40460.0,2025-09-18
2025091805000548,SAHAS,55,29,100.0,583.0,58300.0,2025-09-18
2025091805000547,SAHAS,11,29,10.0,583.0,5830.0,2025-09-18
2025091805000546,SAHAS,45,29,170.0,584.0,99280.0,2025-09-18
2025091803000303,MLBL,13,45,100.0,361.8,36180.0,2025-09-18
2025091805000545,SMATA,35,34,50.0,917.7,45885.0,2025-09-18
2025091805000544,RNLI,32,22,12.0,423.0,5076.0,2025-09-18
2025091801000349,HBL,14,49,10.0,192.7,1927.0,2025-09-18
2025091801000348,NIMB,8,62,160.0,193.3,30928.0,2025-09-18
2025091801000347,NIMB,54,62,500.0,193.3,96650.0,2025-09-18
2025091801000346,NIMB,71,62,490.0,193.3,94717.0,2025-09-18
2025091805000543,SHIVM,38,49,35.0,539.0,18865.0,2025-09-18
2025091804000495,MEN,29,34,85.0,578.3,49155.5,2025-09-18
2025091804000494,MEN,32,34,50.0,578.3,28915.0,2025-09-18
2025091804000493,MEN,57,34,100.0,578.3,57830.0,2025-09-18
2025091804000492,MEN,41,34,10.0,578.3,5783.0,2025-09-18
2025091801000345,JBLB,21,44,325.0,1365.0,443625.0,2025-09-18
2025091801000344,JBLB,21,58,10.0,1362.0,13620.0,2025-09-18
2025091801000343,JBLB,21,62,81.0,1360.0,110160.0,2025-09-18
2025091801000342,JBLB,21,47,80.0,1355.0,108400.0,2025-09-18
2025091801000341,GBIME,57,34,1000.0,225.0,225000.0,2025-09-18
2025091804000491,OHL,78,17,50.0,729.4,36470.0,2025-09-18
2025091805000542,SPL,80,25,30.0,888.5,26655.0,2025-09-18
2025091805000541,NIFRA,87,56,150.0,250.0,37500.0,2025-09-18
2025091805000540,NIFRA,39,56,20.0,250.0,5000.0,2025-09-18
2025091805000539,NIFRA,14,56,186.0,250.0,46500.0,2025-09-18
2025091801000340,HBL,14,22,10.0,192.7,1927.0,2025-09-18
2025091804000490,RADHI,13,45,500.0,708.6,354300.0,2025-09-18
2025091801000339,HBL,14,42,10.0,192.7,1927.0,2025-09-18
2025091805000538,SAHAS,45,58,30.0,584.0,17520.0,2025-09-18
2025091805000537,HIDCL,26,57,200.0,254.6,50920.0,2025-09-18
2025091805000536,HIDCL,62,57,2000.0,255.0,510000.0,2025-09-18
2025091805000535,NRN,17,16,766.0,1838.0,1407908.0,2025-09-18
2025091805000534,NTC,16,58,10.0,793.0,7930.0,2025-09-18
2025091803000302,HLI,48,6,150.0,371.0,55650.0,2025-09-18
2025091801000338,HBL,14,49,10.0,192.7,1927.0,2025-09-18
2025091801000337,NABIL,17,13,160.0,471.0,75360.0,2025-09-18
2025091801000336,NABIL,17,13,279.0,471.0,131409.0,2025-09-18
2025091801000335,NABIL,34,13,100.0,471.1,47110.0,2025-09-18
2025091801000334,NABIL,34,13,21.0,475.3,9981.3,2025-09-18
2025091801000333,NABIL,48,13,100.0,476.0,47600.0,2025-09-18
2025091804000489,UPCL,59,81,100.0,383.3,38330.0,2025-09-18
2025091804000488,UPCL,34,81,100.0,385.0,38500.0,2025-09-18
2025091804000487,UPCL,45,81,50.0,385.0,19250.0,2025-09-18
2025091804000486,UPCL,34,81,350.0,385.0,134750.0,2025-09-18
2025091805000533,SONA,4,49,100.0,416.5,41650.0,2025-09-18
2025091803000301,JBBL,17,49,500.0,313.6,156800.0,2025-09-18
2025091803000300,JBBL,21,49,50.0,314.0,15700.0,2025-09-18
2025091801000332,NABIL,39,34,10.0,480.0,4800.0,2025-09-18
2025091805000532,CIT,25,14,70.0,1820.9,127463.0,2025-09-18
2025091804000485,UPCL,26,3,180.0,386.0,69480.0,2025-09-18
2025091801000331,HBL,14,7,10.0,192.7,1927.0,2025-09-18
2025091804000484,SHPC,42,38,550.0,500.0,275000.0,2025-09-18
2025091804000483,SHPC,8,38,100.0,500.0,50000.0,2025-09-18
2025091804000482,SHPC,39,38,150.0,500.1,75015.0,2025-09-18
2025091803000299,KSBBL,48,29,500.0,484.0,242000.0,2025-09-18
2025091804000481,NGPL,35,57,10.0,362.0,3620.0,2025-09-18
2025091804000480,UNHPL,58,43,110.0,431.1,47421.0,2025-09-18
2025091801000330,CYCL,32,42,10.0,1564.4,15644.0,2025-09-18
2025091805000531,CHDC,50,14,27.0,2335.0,63045.0,2025-09-18
2025091805000530,CHDC,59,14,10.0,2335.0,23350.0,2025-09-18
2025091805000529,CHDC,62,14,10.0,2336.0,23360.0,2025-09-18
2025091805000528,CHDC,39,14,280.0,2336.0,654080.0,2025-09-18
2025091805000527,CHDC,33,14,73.0,2336.0,170528.0,2025-09-18
2025091803000298,GUFL,70,19,406.0,480.0,194880.0,2025-09-18
2025091803000297,GUFL,38,19,100.0,481.0,48100.0,2025-09-18
2025091805000526,HDL,34,42,12.0,1303.0,15636.0,2025-09-18
2025091801000329,HBL,14,38,10.0,192.7,1927.0,2025-09-18
2025091801000328,HBL,14,49,20.0,192.7,3854.0,2025-09-18
2025091805000525,HIDCL,53,35,1000.0,255.1,255100.0,2025-09-18
2025091804000479,GLH,57,41,50.0,242.0,12100.0,2025-09-18
2025091804000478,AHPC,58,14,50.0,261.0,13050.0,2025-09-18
2025091805000524,SAHAS,45,36,800.0,584.0,467200.0,2025-09-18
2025091804000477,UMHL,38,49,18.0,535.0,9630.0,2025-09-18
2025091804000476,RURU,21,42,10.0,668.4,6684.0,2025-09-18
2025091804000475,NGPL,35,22,400.0,362.0,144800.0,2025-09-18
2025091804000474,SHEL,45,21,500.0,275.0,137500.0,2025-09-18
2025091805000523,NIFRA,14,45,564.0,250.0,141000.0,2025-09-18
2025091805000522,NIFRA,74,45,436.0,250.2,109087.2,2025-09-18
2025091804000473,UPCL,26,48,220.0,386.0,84920.0,2025-09-18
2025091801000327,PRVU,4,45,10.0,197.3,1973.0,2025-09-18
2025091805000521,NIFRA,74,45,500.0,250.2,125100.0,2025-09-18
2025091805000520,HDL,34,90,30.0,1303.0,39090.0,2025-09-18
2025091805000519,NIFRA,74,6,10.0,250.2,2502.0,2025-09-18
2025091805000518,NRIC,36,33,10.0,1599.3,15993.0,2025-09-18
2025091801000326,MKCL,8,6,20.0,1467.1,29342.0,2025-09-18
2025091804000472,SHEL,32,21,200.0,275.0,55000.0,2025-09-18
2025091803000296,LBBL,43,58,200.0,491.0,98200.0,2025-09-18
2025091805000517,CHDC,33,1,27.0,2336.0,63072.0,2025-09-18
2025091805000516,MANDU,4,4,20.0,798.0,15960.0,2025-09-18
2025091804000471,UPPER,42,29,100.0,176.0,17600.0,2025-09-18
2025091803000295,MLBL,26,43,183.0,369.1,67545.3,2025-09-18
2025091803000294,SWBBL,45,34,100.0,792.0,79200.0,2025-09-18
2025091801000325,PRVU,39,45,200.0,197.3,39460.0,2025-09-18
2025091805000515,HIDCL,4,35,10.0,257.0,2570.0,2025-09-18
2025091805000514,HRL,25,42,22.0,878.0,19316.0,2025-09-18
2025091805000513,HRL,25,13,20.0,878.0,17560.0,2025-09-18
2025091805000512,HRL,25,41,20.0,878.0,17560.0,2025-09-18
2025091805000511,HRL,25,62,138.0,878.0,121164.0,2025-09-18
2025091805000510,MEHL,97,34,122.0,395.0,48190.0,2025-09-18
2025091804000470,NGPL,35,16,300.0,362.0,108600.0,2025-09-18
2025091804000469,NGPL,45,16,250.0,362.1,90525.0,2025-09-18
2025091804000468,NGPL,42,16,150.0,363.0,54450.0,2025-09-18
2025091801000324,NABIL,38,34,100.0,480.0,48000.0,2025-09-18
2025091804000467,UPPER,48,29,407.0,176.1,71672.7,2025-09-18
2025091803000293,USLB,14,44,20.0,1845.9,36918.0,2025-09-18
2025091805000509,CIT,25,45,30.0,1820.9,54627.0,2025-09-18
2025091805000508,CIT,59,45,10.0,1820.9,18209.0,2025-09-18
2025091805000507,CIT,58,45,10.0,1820.9,18209.0,2025-09-18
2025091804000466,MEN,41,90,490.0,578.3,283367.0,2025-09-18
2025091804000465,MEN,57,90,10.0,579.0,5790.0,2025-09-18
2025091805000506,NIFRA,74,38,54.0,250.2,13510.8,2025-09-18
2025091803000292,USLB,14,45,42.0,1845.9,77527.8,2025-09-18
2025091803000291,HLI,48,52,50.0,371.0,18550.0,2025-09-18
2025091803000290,LBBL,43,7,500.0,491.0,245500.0,2025-09-18
2025091801000323,HBL,14,28,10.0,192.7,1927.0,2025-09-18
2025091805000505,ILI,28,62,50.0,426.9,21345.0,2025-09-18
2025091803000289,MFIL,50,49,80.0,629.1,50328.0,2025-09-18
2025091803000288,MFIL,11,49,20.0,630.0,12600.0,2025-09-18
2025091804000464,UPCL,26,33,100.0,386.0,38600.0,2025-09-18
2025091805000504,SONA,41,34,100.0,416.5,41650.0,2025-09-18
2025091805000503,SONA,51,34,100.0,416.5,41650.0,2025-09-18
2025091805000502,SONA,65,34,280.0,416.5,116620.0,2025-09-18
2025091801000322,HBL,14,58,10.0,192.7,1927.0,2025-09-18
2025091803000287,MNBBL,60,49,70.0,416.1,29127.0,2025-09-18
2025091804000463,SHEL,58,4,20.0,274.9,5498.0,2025-09-18
2025091801000321,EBL,6,62,329.0,657.0,216153.0,2025-09-18
2025091801000320,EBL,17,62,171.0,661.1,113048.1,2025-09-18
2025091804000462,UNHPL,58,45,50.0,431.1,21555.0,2025-09-18
2025091804000461,UNHPL,48,45,150.0,431.1,64665.0,2025-09-18
2025091803000286,DDBL,5,32,25.0,828.0,20700.0,2025-09-18
2025091805000501,NIFRA,14,34,200.0,250.0,50000.0,2025-09-18
2025091805000500,NIFRA,38,34,200.0,250.1,50020.0,2025-09-18
2025091805000499,CLI,42,35,10.0,429.5,4295.0,2025-09-18
2025091803000285,SADBL,43,29,100.0,392.0,39200.0,2025-09-18
2025091803000284,SADBL,43,58,50.0,392.0,19600.0,2025-09-18
2025091804000460,RIDI,26,45,1000.0,217.2,217200.0,2025-09-18
2025091804000459,UNHPL,48,49,100.0,431.1,43110.0,2025-09-18
2025091805000498,BHL,18,57,41.0,173.5,7113.5,2025-09-18
2025091804000458,UPCL,19,81,1000.0,385.1,385100.0,2025-09-18
2025091803000283,MNBBL,54,8,10.0,420.0,4200.0,2025-09-18
2025091804000457,UNHPL,48,39,50.0,431.1,21555.0,2025-09-18
2025091801000319,HBL,14,29,10.0,192.7,1927.0,2025-09-18
2025091801000318,HBL,14,25,10.0,192.7,1927.0,2025-09-18
2025091803000282,KSBBL,48,42,157.0,484.0,75988.0,2025-09-18
2025091803000281,KSBBL,52,42,100.0,492.9,49290.0,2025-09-18
2025091803000280,KSBBL,3,42,10.0,492.9,4929.0,2025-09-18
2025091803000279,KSBBL,48,87,110.0,493.0,54230.0,2025-09-18
2025091805000497,SHIVM,19,42,654.0,529.2,346096.8,2025-09-18
2025091805000496,SHIVM,14,42,346.0,535.0,185110.0,2025-09-18
2025091804000456,NGPL,35,57,50.0,362.0,18100.0,2025-09-18
2025091804000455,RADHI,45,1,130.0,710.0,92300.0,2025-09-18
2025091801000317,NIMB,71,45,10.0,193.3,1933.0,2025-09-18
2025091801000316,TTL,35,47,10.0,710.0,7100.0,2025-09-18
2025091805000495,SONA,22,34,150.0,417.0,62550.0,2025-09-18
2025091805000494,BHL,18,38,100.0,176.9,17690.0,2025-09-18
2025091803000278,LBBL,58,60,10.0,490.0,4900.0,2025-09-18
2025091804000454,HPPL,53,33,450.0,448.0,201600.0,2025-09-18
2025091801000315,HBL,14,34,95.0,192.7,18306.5,2025-09-18
2025091805000493,SHIVM,14,59,73.0,534.0,38982.0,2025-09-18
2025091805000492,SHIVM,14,41,30.0,530.0,15900.0,2025-09-18
2025091805000491,SHIVM,14,57,51.0,530.0,27030.0,2025-09-18
2025091804000453,SHEL,58,8,200.0,274.9,54980.0,2025-09-18
2025091804000452,SHEL,39,8,100.0,274.9,27490.0,2025-09-18
2025091804000451,SHEL,32,8,200.0,274.9,54980.0,2025-09-18
2025091805000490,HRL,34,19,1.0,878.0,878.0,2025-09-18
2025091804000450,SSHL,99,51,10.0,165.0,1650.0,2025-09-18
2025091803000277,GMFBS,33,34,40.0,1560.0,62400.0,2025-09-18
2025091804000449,UNHPL,28,41,50.0,431.0,21550.0,2025-09-18
2025091801000314,EBL,17,45,329.0,661.0,217469.0,2025-09-18
2025091801000313,HBL,14,66,10.0,192.7,1927.0,2025-09-18
2025091804000448,UMHL,38,34,150.0,534.0,80100.0,2025-09-18
2025091803000276,LBBL,58,58,40.0,490.0,19600.0,2025-09-18
2025091803000275,NICLBSL,45,49,10.0,552.8,5528.0,2025-09-18
2025091801000312,EBL,51,45,471.0,661.0,311331.0,2025-09-18
2025091805000489,SAHAS,11,38,50.0,583.0,29150.0,2025-09-18
2025091805000488,SAHAS,39,38,50.0,584.0,29200.0,2025-09-18
2025091801000311,NICA,53,1,300.0,327.0,98100.0,2025-09-18
2025091803000274,MLBL,26,85,206.0,369.1,76034.6,2025-09-18
2025091805000487,CHDC,88,34,200.0,2336.0,467200.0,2025-09-18
2025091805000486,CHDC,88,49,80.0,2336.0,186880.0,2025-09-18
2025091804000447,SHPC,39,38,350.0,500.1,175035.0,2025-09-18
2025091804000446,UNHPL,28,55,50.0,431.0,21550.0,2025-09-18
2025091805000485,NRN,17,14,234.0,1838.0,430092.0,2025-09-18
2025091805000484,NRN,58,14,100.0,1838.0,183800.0,2025-09-18
2025091803000273,LBBL,58,34,460.0,490.0,225400.0,2025-09-18
2025091805000483,STC,39,39,10.0,4930.0,49300.0,2025-09-18
2025091805000482,SHIVM,7,57,100.0,530.0,53000.0,2025-09-18
2025091805000481,HDL,62,58,179.0,1302.0,233058.0,2025-09-18
2025091805000480,HIDCL,22,35,200.0,257.0,51400.0,2025-09-18
2025091805000479,SONA,65,21,100.0,416.5,41650.0,2025-09-18
2025091805000478,SHIVM,1,57,500.0,530.0,265000.0,2025-09-18
2025091805000477,RNLI,32,29,12.0,423.0,5076.0,2025-09-18
2025091804000445,AHPC,43,21,100.0,260.8,26080.0,2025-09-18
2025091804000444,AHPC,35,21,500.0,261.0,130500.0,2025-09-18
2025091805000476,HATHY,10,21,50.0,961.4,48070.0,2025-09-18
2025091805000475,NRN,58,58,100.0,1875.0,187500.0,2025-09-18
2025091805000474,SHIVM,43,58,50.0,530.0,26500.0,2025-09-18
2025091805000473,HRL,101,62,46.0,878.0,40388.0,2025-09-18
2025091805000472,HRL,101,90,154.0,878.0,135212.0,2025-09-18
2025091805000471,GVL,58,34,961.0,481.0,462241.0,2025-09-18
2025091805000470,GVL,58,34,10.0,490.0,4900.0,2025-09-18
2025091805000469,HRL,41,90,10.0,878.0,8780.0,2025-09-18
2025091803000272,SADBL,48,49,95.0,392.0,37240.0,2025-09-18
2025091805000468,NTC,16,19,40.0,793.0,31720.0,2025-09-18
2025091804000443,UNHPL,28,44,400.0,431.0,172400.0,2025-09-18
2025091801000310,HBL,14,62,10.0,192.7,1927.0,2025-09-18
2025091801000309,GBIME,14,16,200.0,226.7,45340.0,2025-09-18
2025091801000308,GBIME,34,16,10.0,226.7,2267.0,2025-09-18
2025091801000307,GBIME,41,16,50.0,226.7,11335.0,2025-09-18
2025091803000271,MNBBL,57,8,100.0,420.0,42000.0,2025-09-18
2025091804000442,LEC,25,42,312.0,202.6,63211.2,2025-09-18
2025091805000467,SHIVM,43,37,100.0,530.0,53000.0,2025-09-18
2025091804000441,HDHPC,57,25,100.0,171.5,17150.0,2025-09-18
2025091804000440,HDHPC,33,25,10.0,171.5,1715.0,2025-09-18
2025091804000439,NHPC,28,47,40.0,193.0,7720.0,2025-09-18
2025091801000306,HBL,14,41,10.0,192.7,1927.0,2025-09-18
2025091805000466,HRL,101,90,200.0,878.0,175600.0,2025-09-18
2025091804000438,NGPL,35,58,30.0,362.0,10860.0,2025-09-18
2025091804000437,HPPL,53,45,50.0,448.0,22400.0,2025-09-18
2025091803000270,MNBBL,57,8,100.0,420.0,42000.0,2025-09-18
2025091803000269,MNBBL,36,8,778.0,420.0,326760.0,2025-09-18
2025091804000436,UPPER,48,7,593.0,176.1,104427.3,2025-09-18
2025091805000465,MCHL,38,42,20.0,459.5,9190.0,2025-09-18
2025091801000305,CREST,38,58,10.0,1030.4,10304.0,2025-09-18
2025091804000435,UNHPL,28,19,700.0,431.0,301700.0,2025-09-18
2025091805000464,HRL,4,90,50.0,878.0,43900.0,2025-09-18
2025091804000434,UPCL,34,17,150.0,385.0,57750.0,2025-09-18
2025091804000433,UPCL,68,17,1000.0,390.0,390000.0,2025-09-18
2025091804000432,UPCL,57,17,1000.0,392.0,392000.0,2025-09-18
2025091804000431,UPCL,43,17,350.0,392.0,137200.0,2025-09-18
2025091801000304,HBL,14,4,10.0,192.7,1927.0,2025-09-18
2025091805000463,HHL,42,21,30.0,332.0,9960.0,2025-09-18
2025091805000462,CIT,38,52,78.0,1821.0,142038.0,2025-09-18
2025091805000461,CIT,57,52,20.0,1830.0,36600.0,2025-09-18
2025091805000460,SHIVM,43,41,350.0,530.0,185500.0,2025-09-18
2025091804000430,AKPL,36,45,1000.0,235.0,235000.0,2025-09-18
2025091804000429,SHEL,13,21,100.0,275.0,27500.0,2025-09-18
2025091804000428,SHEL,48,21,200.0,275.0,55000.0,2025-09-18
2025091801000303,KBL,49,55,300.0,180.0,54000.0,2025-09-18
2025091805000459,NIFRA,14,77,50.0,250.0,12500.0,2025-09-18
2025091804000427,GHL,6,21,100.0,208.0,20800.0,2025-09-18
2025091801000302,HBL,34,58,10.0,193.0,1930.0,2025-09-18
2025091801000301,HBL,34,58,10.0,193.0,1930.0,2025-09-18
2025091801000300,HBL,34,58,10.0,193.0,1930.0,2025-09-18
2025091801000299,HBL,34,1,10.0,193.0,1930.0,2025-09-18
2025091801000298,HBL,34,33,10.0,193.0,1930.0,2025-09-18
2025091805000458,SAHAS,11,42,40.0,583.0,23320.0,2025-09-18
2025091801000297,HBL,14,58,10.0,192.7,1927.0,2025-09-18
2025091804000426,GHL,45,58,30.0,205.0,6150.0,2025-09-18
2025091804000425,SHL,21,56,100.0,533.5,53350.0,2025-09-18
2025091803000268,MLBL,26,91,118.0,369.1,43553.8,2025-09-18
2025091803000267,MNBBL,36,47,800.0,420.0,336000.0,2025-09-18
2025091801000296,EBL,51,44,29.0,661.0,19169.0,2025-09-18
2025091801000295,EBL,51,44,50.0,661.0,33050.0,2025-09-18
2025091805000457,ILI,28,49,50.0,426.9,21345.0,2025-09-18
2025091801000294,JBLB,4,62,20.0,1361.0,27220.0,2025-09-18
2025091804000424,MEN,36,49,50.0,580.0,29000.0,2025-09-18
2025091803000266,BFC,7,14,50.0,447.0,22350.0,2025-09-18
2025091801000293,JBLB,57,58,50.0,1362.0,68100.0,2025-09-18
2025091805000456,TAMOR,33,80,100.0,476.3,47630.0,2025-09-18
2025091805000455,BHL,18,16,959.0,173.5,166386.5,2025-09-18
2025091805000454,BHL,33,16,20.0,173.5,3470.0,2025-09-18
2025091805000453,BHL,34,16,50.0,173.6,8680.0,2025-09-18
2025091805000452,BHL,49,16,200.0,176.9,35380.0,2025-09-18
2025091805000451,BHL,49,16,125.0,176.9,22112.5,2025-09-18
2025091803000265,USLB,63,45,10.0,1845.9,18459.0,2025-09-18
2025091805000450,HDL,62,26,10.0,1302.0,13020.0,2025-09-18
2025091805000449,BHL,49,1,40.0,176.9,7076.0,2025-09-18
2025091805000448,SHIVM,35,74,1900.0,525.0,997500.0,2025-09-18
2025091805000447,SHIVM,25,74,100.0,532.0,53200.0,2025-09-18
2025091803000264,MPFL,16,7,10.0,543.9,5439.0,2025-09-18
2025091804000423,API,55,55,65.0,275.0,17875.0,2025-09-18
2025091805000446,SHIVM,25,6,200.0,529.0,105800.0,2025-09-18
2025091801000292,NESDO,53,49,22.0,1428.0,31416.0,2025-09-18
2025091801000291,HBL,14,3,420.0,192.7,80934.0,2025-09-18
2025091801000290,HBL,21,3,80.0,192.7,15416.0,2025-09-18
2025091805000445,SONA,65,33,10.0,416.5,4165.0,2025-09-18
2025091804000422,UPCL,43,49,50.0,392.0,19600.0,2025-09-18
2025091801000289,GBIME,52,58,20.0,227.0,4540.0,2025-09-18
2025091805000444,BHL,49,40,30.0,176.9,5307.0,2025-09-18
2025091805000443,BHL,6,40,20.0,176.9,3538.0,2025-09-18
2025091805000442,BHL,49,40,100.0,176.9,17690.0,2025-09-18
2025091803000263,MNBBL,36,50,50.0,420.0,21000.0,2025-09-18
2025091803000262,MNBBL,43,50,450.0,421.0,189450.0,2025-09-18
2025091801000288,HBL,21,57,10.0,192.7,1927.0,2025-09-18
2025091805000441,NRN,25,58,20.0,1875.0,37500.0,2025-09-18
2025091801000287,NABIL,48,34,20.0,480.0,9600.0,2025-09-18
2025091805000440,MKHC,38,53,1000.0,378.5,378500.0,2025-09-18
2025091804000421,UNHPL,28,19,200.0,431.0,86200.0,2025-09-18
2025091805000439,SIKLES,34,62,10.0,676.8,6768.0,2025-09-18
2025091805000438,NIFRA,77,29,50.0,254.4,12720.0,2025-09-18
2025091801000286,NABIL,34,34,79.0,475.3,37548.7,2025-09-18
2025091804000420,CHCL,49,58,100.0,481.0,48100.0,2025-09-18
2025091805000437,HIDCL,59,49,100.0,258.0,25800.0,2025-09-18
2025091805000436,HDL,74,6,100.0,1301.0,130100.0,2025-09-18
2025091805000435,SAHAS,38,17,10.0,593.0,5930.0,2025-09-18
2025091805000434,SPL,80,48,75.0,888.5,66637.5,2025-09-18
2025091801000285,KBL,94,39,349.0,180.0,62820.0,2025-09-18
2025091804000419,UPCL,43,22,500.0,392.0,196000.0,2025-09-18
2025091801000284,HBL,21,58,10.0,192.7,1927.0,2025-09-18
2025091803000261,MNBBL,43,75,50.0,421.0,21050.0,2025-09-18
2025091801000283,EBL,51,29,50.0,660.0,33000.0,2025-09-18
2025091805000433,MKJC,59,58,10.0,564.7,5647.0,2025-09-18
2025091803000260,LBBL,58,53,300.0,490.0,147000.0,2025-09-18
2025091805000432,NIFRA,38,29,103.0,254.4,26203.2,2025-09-18
2025091801000282,NMIC,42,18,10.0,1140.0,11400.0,2025-09-18
2025091804000418,CGH,32,33,20.0,965.3,19306.0,2025-09-18
2025091804000417,UPPER,41,74,500.0,177.0,88500.0,2025-09-18
2025091804000416,UNHPL,41,6,500.0,430.0,215000.0,2025-09-18
2025091803000259,SJLIC,59,16,70.0,401.6,28112.0,2025-09-18
2025091801000281,SARBTM,52,55,10.0,857.5,8575.0,2025-09-18
2025091801000280,TTL,42,49,10.0,724.3,7243.0,2025-09-18
2025091803000258,RLFL,97,58,190.0,436.1,82859.0,2025-09-18
2025091804000415,HURJA,42,45,100.0,215.5,21550.0,2025-09-18
2025091804000414,UNHPL,41,38,400.0,430.0,172000.0,2025-09-18
2025091804000413,UNHPL,80,38,100.0,434.1,43410.0,2025-09-18
2025091805000431,NIFRA,38,58,97.0,254.4,24676.8,2025-09-18
2025091805000430,SAHAS,8,17,52.0,593.0,30836.0,2025-09-18
2025091801000279,HBL,48,35,10.0,192.7,1927.0,2025-09-18
2025091801000278,HBL,48,38,10.0,192.7,1927.0,2025-09-18
2025091803000257,MPFL,16,45,20.0,543.9,10878.0,2025-09-18
2025091804000412,NLG,91,49,50.0,758.3,37915.0,2025-09-18
2025091801000277,SANIMA,17,58,20.0,350.8,7016.0,2025-09-18
2025091801000276,ADBL,34,46,200.0,304.7,60940.0,2025-09-18
2025091804000411,RADHI,45,96,20.0,710.0,14200.0,2025-09-18
2025091805000429,HDL,74,54,20.0,1301.0,26020.0,2025-09-18
2025091801000275,HBL,48,35,10.0,192.7,1927.0,2025-09-18
2025091805000428,SONA,65,45,10.0,416.5,4165.0,2025-09-18
2025091803000256,LBBL,43,60,490.0,491.7,240933.0,2025-09-18
2025091803000255,CBBL,54,14,349.0,989.0,345161.0,2025-09-18
2025091805000427,SONA,65,49,100.0,416.5,41650.0,2025-09-18
2025091801000274,JBLB,19,44,25.0,1365.0,34125.0,2025-09-18
2025091804000410,LEC,25,49,188.0,202.6,38088.8,2025-09-18
2025091805000426,SONA,35,34,50.0,417.0,20850.0,2025-09-18
2025091805000425,BHL,48,42,10.0,177.0,1770.0,2025-09-18
2025091801000273,HBL,48,59,10.0,192.7,1927.0,2025-09-18
2025091801000272,NABIL,17,34,100.0,480.0,48000.0,2025-09-18
2025091803000254,PFL,33,48,200.0,385.2,77040.0,2025-09-18
2025091803000253,PFL,45,48,20.0,385.2,7704.0,2025-09-18
2025091803000252,PFL,38,48,20.0,386.0,7720.0,2025-09-18
2025091805000424,SHIVM,67,6,100.0,529.2,52920.0,2025-09-18
2025091805000423,SHIVM,42,6,500.0,530.0,265000.0,2025-09-18
2025091805000422,HDL,74,51,50.0,1301.0,65050.0,2025-09-18
2025091804000409,LEC,38,49,310.0,202.6,62806.0,2025-09-18
2025091804000408,LEC,38,42,310.0,202.6,62806.0,2025-09-18
2025091804000407,LEC,38,49,280.0,202.6,56728.0,2025-09-18
2025091803000251,HLI,68,21,200.0,370.6,74120.0,2025-09-18
2025091803000250,HLI,82,21,200.0,371.0,74200.0,2025-09-18
2025091801000271,GBIME,52,58,300.0,227.0,68100.0,2025-09-18
2025091805000421,NRN,25,34,80.0,1875.0,150000.0,2025-09-18
2025091805000420,NRN,58,34,100.0,1876.0,187600.0,2025-09-18
2025091803000249,SAPDBL,57,50,30.0,746.4,22392.0,2025-09-18
2025091801000270,EBL,26,29,50.0,660.0,33000.0,2025-09-18
2025091805000419,HRL,35,90,10.0,878.0,8780.0,2025-09-18
2025091805000418,SHIVM,39,1,100.0,530.0,53000.0,2025-09-18
2025091801000269,KBL,94,19,121.0,180.0,21780.0,2025-09-18
2025091801000268,KBL,45,19,50.0,180.1,9005.0,2025-09-18
2025091801000267,NMIC,42,77,10.0,1140.0,11400.0,2025-09-18
2025091801000266,NMIC,42,35,10.0,1140.0,11400.0,2025-09-18
2025091805000417,GVL,58,56,10.0,490.0,4900.0,2025-09-18
2025091805000416,PHCL,60,38,10.0,381.0,3810.0,2025-09-18
2025091805000415,CHDC,39,49,20.0,2336.0,46720.0,2025-09-18
2025091805000414,CHDC,39,19,92.0,2336.0,214912.0,2025-09-18
2025091801000265,HIMSTAR,64,44,10.0,473.5,4735.0,2025-09-18
2025091804000406,UNHPL,41,19,88.0,430.0,37840.0,2025-09-18
2025091804000405,UNHPL,28,19,1000.0,430.1,430100.0,2025-09-18
2025091804000404,UNHPL,68,19,1000.0,431.0,431000.0,2025-09-18
2025091804000403,UNHPL,38,19,500.0,431.0,215500.0,2025-09-18
2025091804000402,UNHPL,56,19,1212.0,434.0,526008.0,2025-09-18
2025091804000401,UNHPL,56,95,1000.0,434.0,434000.0,2025-09-18
2025091801000264,ADBL,35,46,500.0,304.7,152350.0,2025-09-18
2025091805000413,HDL,74,41,50.0,1301.0,65050.0,2025-09-18
2025091801000263,TTL,42,33,10.0,724.3,7243.0,2025-09-18
2025091804000400,AKJCL,13,56,100.0,185.0,18500.0,2025-09-18
2025091804000399,AKJCL,13,49,100.0,184.5,18450.0,2025-09-18
2025091803000248,SMPDA,62,53,10.0,890.2,8902.0,2025-09-18
2025091803000247,SHINE,22,33,25.0,398.5,9962.5,2025-09-18
2025091805000412,CIT,38,5,100.0,1821.0,182100.0,2025-09-18
2025091805000411,HRL,21,90,300.0,878.0,263400.0,2025-09-18
2025091803000246,FMDBL,41,29,100.0,792.0,79200.0,2025-09-18
2025091804000398,MEN,80,49,80.0,580.0,46400.0,2025-09-18
2025091805000410,BHPL,96,11,10.0,660.1,6601.0,2025-09-18
2025091801000262,EBL,17,29,500.0,660.0,330000.0,2025-09-18
2025091801000261,EBL,17,29,400.0,660.0,264000.0,2025-09-18
2025091805000409,SANVI,5,16,50.0,576.6,28830.0,2025-09-18
2025091804000397,MEN,80,21,40.0,580.0,23200.0,2025-09-18
2025091804000396,CHCL,49,34,700.0,481.0,336700.0,2025-09-18
2025091804000395,CHCL,39,34,200.0,482.0,96400.0,2025-09-18
2025091804000394,CHCL,29,34,100.0,482.0,48200.0,2025-09-18
2025091801000260,EBL,17,22,100.0,660.0,66000.0,2025-09-18
2025091804000393,NGPL,14,84,200.0,368.8,73760.0,2025-09-18
2025091804000392,NGPL,5,84,500.0,368.8,184400.0,2025-09-18
2025091804000391,NGPL,16,84,200.0,375.0,75000.0,2025-09-18
2025091805000408,HDL,49,32,180.0,1315.0,236700.0,2025-09-18
2025091805000407,HDL,49,25,20.0,1314.9,26298.0,2025-09-18
2025091803000245,SJLIC,59,19,30.0,401.6,12048.0,2025-09-18
2025091804000390,NGPL,34,48,262.0,375.6,98407.2,2025-09-18
2025091805000406,HRL,75,90,20.0,878.0,17560.0,2025-09-18
2025091805000405,HHL,14,5,100.0,331.8,33180.0,2025-09-18
2025091805000404,HHL,49,5,50.0,332.0,16600.0,2025-09-18
2025091801000259,HBL,48,19,10.0,192.7,1927.0,2025-09-18
2025091805000403,CHDC,39,19,20.0,2336.0,46720.0,2025-09-18
2025091804000389,NGPL,34,28,2000.0,375.6,751200.0,2025-09-18
2025091805000402,NRN,54,98,118.0,1900.0,224200.0,2025-09-18
2025091801000258,KBL,3,56,10.0,182.0,1820.0,2025-09-18
2025091805000401,MEHL,97,55,60.0,395.0,23700.0,2025-09-18
2025091804000388,UMHL,91,42,10.0,541.0,5410.0,2025-09-18
2025091803000244,RSDC,38,28,200.0,650.0,130000.0,2025-09-18
2025091803000243,MNBBL,43,59,200.0,420.6,84120.0,2025-09-18
2025091804000387,CHCL,29,19,350.0,482.0,168700.0,2025-09-18
2025091803000242,LBBL,43,46,400.0,491.7,196680.0,2025-09-18
2025091805000400,NRN,54,56,32.0,1900.0,60800.0,2025-09-18
2025091805000399,DORDI,35,16,100.0,227.7,22770.0,2025-09-18
2025091805000398,SAHAS,4,34,70.0,593.9,41573.0,2025-09-18
2025091801000257,NABIL,17,8,900.0,485.0,436500.0,2025-09-18
2025091803000241,CORBL,14,29,100.0,1763.9,176390.0,2025-09-18
2025091805000397,SHIVM,43,59,50.0,534.2,26710.0,2025-09-18
2025091805000396,SHIVM,1,59,457.0,534.2,244129.4,2025-09-18
2025091805000395,SHIVM,1,59,20.0,534.4,10688.0,2025-09-18
2025091804000386,UPCL,43,38,100.0,392.0,39200.0,2025-09-18
2025091805000394,CHDC,39,19,110.0,2336.0,256960.0,2025-09-18
2025091805000393,HDL,74,34,10.0,1301.0,13010.0,2025-09-18
2025091801000256,HIDCLP,21,48,100.0,187.1,18710.0,2025-09-18
2025091804000385,HPPL,21,25,100.0,448.0,44800.0,2025-09-18
2025091801000255,SHLB,33,57,10.0,1780.0,17800.0,2025-09-18
2025091804000384,UNHPL,56,81,590.0,434.0,256060.0,2025-09-18
2025091804000383,UNHPL,45,81,500.0,435.0,217500.0,2025-09-18
2025091804000382,UNHPL,45,81,500.0,436.0,218000.0,2025-09-18
2025091804000381,AKPL,71,45,950.0,235.2,223440.0,2025-09-18
2025091805000392,SHIVM,1,42,43.0,534.2,22970.6,2025-09-18
2025091805000391,SHIVM,81,42,34.0,534.3,18166.2,2025-09-18
2025091804000380,AKJCL,13,56,300.0,185.0,55500.0,2025-09-18
2025091805000390,CHDC,39,34,90.0,2336.0,210240.0,2025-09-18
2025091805000389,CHDC,1,34,10.0,2336.0,23360.0,2025-09-18
2025091803000240,MNBBL,36,91,78.0,420.0,32760.0,2025-09-18
2025091804000379,AKJCL,13,8,50.0,185.0,9250.0,2025-09-18
2025091805000388,HDL,16,38,40.0,1300.0,52000.0,2025-09-18
2025091801000254,HIMSTAR,64,42,10.0,473.5,4735.0,2025-09-18
2025091804000378,RIDI,26,1,10.0,221.6,2216.0,2025-09-18
2025091803000239,SADBL,26,49,100.0,392.0,39200.0,2025-09-18
2025091803000238,SADBL,25,49,105.0,392.0,41160.0,2025-09-18
2025091805000387,HDL,16,83,28.0,1300.0,36400.0,2025-09-18
2025091804000377,AKPL,71,45,50.0,235.2,11760.0,2025-09-18
2025091804000376,AKPL,42,45,50.0,235.3,11765.0,2025-09-18
2025091804000375,AKPL,7,45,300.0,235.3,70590.0,2025-09-18
2025091804000374,AKPL,13,45,300.0,235.3,70590.0,2025-09-18
2025091805000386,HRL,32,90,11.0,878.0,9658.0,2025-09-18
2025091801000253,KBL,94,36,20.0,180.0,3600.0,2025-09-18
2025091804000373,KPCL,58,63,10.0,522.0,5220.0,2025-09-18
2025091804000372,UPPER,34,59,855.0,179.6,153558.0,2025-09-18
2025091804000371,BPCL,48,8,10.0,768.7,7687.0,2025-09-18
2025091803000237,PFL,22,37,20.0,388.0,7760.0,2025-09-18
2025091805000385,CIT,38,6,22.0,1821.0,40062.0,2025-09-18
2025091803000236,HLI,94,74,500.0,379.0,189500.0,2025-09-18
2025091801000252,NICA,58,1,50.0,327.0,16350.0,2025-09-18
2025091805000384,BHL,34,42,50.0,177.0,8850.0,2025-09-18
2025091804000370,OHL,78,5,100.0,744.2,74420.0,2025-09-18
2025091801000251,SRLI,77,38,25.0,378.0,9450.0,2025-09-18
2025091803000235,KSBBL,48,34,190.0,493.0,93670.0,2025-09-18
2025091803000234,KSBBL,39,34,10.0,500.0,5000.0,2025-09-18
2025091805000383,NTC,13,45,40.0,809.1,32364.0,2025-09-18
2025091805000382,SHIVM,81,22,116.0,534.3,61978.8,2025-09-18
2025091801000250,NMIC,42,58,10.0,1129.5,11295.0,2025-09-18
2025091801000249,CREST,21,50,10.0,1051.4,10514.0,2025-09-18
2025091803000233,GUFL,38,40,100.0,489.7,48970.0,2025-09-18
2025091805000381,MANDU,42,52,30.0,814.1,24423.0,2025-09-18
2025091804000369,NGPL,34,48,1000.0,375.6,375600.0,2025-09-18
2025091803000232,MNBBL,36,58,210.0,420.0,88200.0,2025-09-18
2025091803000231,MNBBL,36,57,84.0,419.9,35271.6,2025-09-18
2025091804000368,AKPL,53,62,65.0,238.2,15483.0,2025-09-18
2025091804000367,AKPL,53,41,235.0,238.0,55930.0,2025-09-18
2025091804000366,AKPL,53,57,200.0,238.0,47600.0,2025-09-18
2025091805000380,HRL,6,90,100.0,878.0,87800.0,2025-09-18
2025091803000230,PROFL,5,21,50.0,467.0,23350.0,2025-09-18
2025091803000229,LBBL,43,7,100.0,491.7,49170.0,2025-09-18
2025091803000228,LBBL,17,7,500.0,491.8,245900.0,2025-09-18
2025091801000248,LSL,25,58,100.0,217.1,21710.0,2025-09-18
2025091801000247,KBL,49,56,300.0,182.0,54600.0,2025-09-18
2025091804000365,NGPL,34,45,1000.0,375.6,375600.0,2025-09-18
2025091801000246,TTL,21,43,10.0,725.0,7250.0,2025-09-18
2025091801000245,HBL,34,58,10.0,192.7,1927.0,2025-09-18
2025091803000227,SADBL,25,29,95.0,392.0,37240.0,2025-09-18
2025091805000379,HDL,39,32,30.0,1315.0,39450.0,2025-09-18
2025091803000226,MLBL,26,87,250.0,369.1,92275.0,2025-09-18
2025091803000225,LBBL,17,34,500.0,491.8,245900.0,2025-09-18
2025091803000224,LBBL,47,34,1000.0,492.0,492000.0,2025-09-18
2025091805000378,SPL,38,45,100.0,889.0,88900.0,2025-09-18
2025091805000377,TPC,35,45,100.0,316.0,31600.0,2025-09-18
2025091805000376,STC,39,39,10.0,5030.0,50300.0,2025-09-18
2025091801000244,EBL,6,28,500.0,670.0,335000.0,2025-09-18
2025091801000243,EBL,62,28,450.0,670.0,301500.0,2025-09-18
2025091801000242,EBL,17,28,500.0,671.0,335500.0,2025-09-18
2025091801000241,EBL,55,28,100.0,672.0,67200.0,2025-09-18
2025091801000240,EBL,34,28,200.0,672.1,134420.0,2025-09-18
2025091801000239,EBL,33,28,100.0,672.1,67210.0,2025-09-18
2025091801000238,EBL,7,28,10.0,673.0,6730.0,2025-09-18
2025091804000364,NGPL,34,57,673.0,375.6,252778.8,2025-09-18
2025091804000363,NGPL,45,57,250.0,375.7,93925.0,2025-09-18
2025091804000362,NGPL,69,57,1077.0,376.0,404952.0,2025-09-18
2025091804000361,MEN,80,22,80.0,580.0,46400.0,2025-09-18
2025091804000360,AKPL,38,57,800.0,238.2,190560.0,2025-09-18
2025091805000375,NIFRA,39,56,100.0,254.5,25450.0,2025-09-18
2025091804000359,MEN,36,52,35.0,590.0,20650.0,2025-09-18
2025091803000223,ACLBSL,1,58,10.0,997.0,9970.0,2025-09-18
2025091805000374,SAHAS,11,95,100.0,594.0,59400.0,2025-09-18
2025091803000222,SKBBL,34,49,10.0,848.0,8480.0,2025-09-18
2025091804000358,UPCL,59,48,10.0,391.1,3911.0,2025-09-18
2025091805000373,HDL,16,43,250.0,1300.0,325000.0,2025-09-18
2025091803000221,FOWAD,34,13,10.0,1050.0,10500.0,2025-09-18
2025091804000357,SHEL,32,49,200.0,280.5,56100.0,2025-09-18
2025091803000220,HLI,82,57,300.0,371.0,111300.0,2025-09-18
2025091804000356,AKPL,58,38,50.0,239.0,11950.0,2025-09-18
2025091804000355,SHEL,41,49,10.0,280.5,2805.0,2025-09-18
2025091804000354,UPPER,34,52,500.0,179.6,89800.0,2025-09-18
2025091805000372,HRL,19,90,20.0,878.0,17560.0,2025-09-18
2025091803000219,ACLBSL,1,34,10.0,997.0,9970.0,2025-09-18
2025091803000218,ACLBSL,29,34,10.0,997.0,9970.0,2025-09-18
2025091803000217,SLBBL,50,34,50.0,892.2,44610.0,2025-09-18
2025091805000371,NRN,33,44,20.0,1913.2,38264.0,2025-09-18
2025091803000216,GILB,25,56,100.0,1200.5,120050.0,2025-09-18
2025091805000370,HRL,88,90,1000.0,878.0,878000.0,2025-09-18
2025091801000237,UNL,11,34,10.0,47043.1,470431.0,2025-09-18
2025091804000353,UNHPL,56,32,1000.0,434.0,434000.0,2025-09-18
2025091804000352,AKJCL,41,8,20.0,184.3,3686.0,2025-09-18
2025091805000369,GVL,58,34,10.0,494.9,4949.0,2025-09-18
2025091804000351,NGPL,69,49,423.0,376.0,159048.0,2025-09-18
2025091804000350,NGPL,1,49,77.0,376.3,28975.1,2025-09-18
2025091804000349,UAIL,58,21,100.0,482.2,48220.0,2025-09-18
2025091803000215,FMDBL,58,29,10.0,792.0,7920.0,2025-09-18
2025091801000236,NABIL,32,34,200.0,485.0,97000.0,2025-09-18
2025091801000235,NABIL,57,34,10.0,485.0,4850.0,2025-09-18
2025091804000348,UNHPL,32,101,10.0,437.0,4370.0,2025-09-18
2025091804000347,UNHPL,32,58,50.0,436.8,21840.0,2025-09-18
2025091804000346,UNHPL,32,8,80.0,436.0,34880.0,2025-09-18
2025091804000345,UNHPL,32,48,60.0,435.0,26100.0,2025-09-18
2025091805000368,NRN,58,16,880.0,1914.0,1684320.0,2025-09-18
2025091801000234,JBLB,32,49,30.0,1365.0,40950.0,2025-09-18
2025091804000344,UMHL,3,17,1000.0,541.9,541900.0,2025-09-18
2025091804000343,AHPC,59,58,200.0,266.1,53220.0,2025-09-18
2025091804000342,AHPC,43,58,100.0,266.1,26610.0,2025-09-18
2025091805000367,SHIVM,42,42,56.0,540.0,30240.0,2025-09-18
2025091804000341,AKPL,38,49,200.0,238.2,47640.0,2025-09-18
2025091804000340,UPCL,21,40,100.0,391.1,39110.0,2025-09-18
2025091804000339,UPCL,17,40,100.0,391.1,39110.0,2025-09-18
2025091804000338,UPCL,26,40,100.0,391.2,39120.0,2025-09-18
2025091805000366,MKJC,74,68,85.0,575.7,48934.5,2025-09-18
2025091805000365,SHIVM,42,71,44.0,540.0,23760.0,2025-09-18
2025091805000364,SHIVM,36,71,206.0,540.0,111240.0,2025-09-18
2025091801000233,SANIMA,17,7,80.0,350.8,28064.0,2025-09-18
2025091801000232,SANIMA,55,7,20.0,350.8,7016.0,2025-09-18
2025091804000337,CHCL,29,25,50.0,482.0,24100.0,2025-09-18
2025091805000363,NIFRA,52,56,20.0,254.5,5090.0,2025-09-18
2025091801000231,KBL,1,56,100.0,182.0,18200.0,2025-09-18
2025091803000214,MNBBL,49,57,16.0,419.9,6718.4,2025-09-18
2025091804000336,UNHPL,56,55,60.0,434.0,26040.0,2025-09-18
2025091805000362,HDL,16,18,57.0,1300.0,74100.0,2025-09-18
2025091805000361,SHIVM,36,16,50.0,540.0,27000.0,2025-09-18
2025091803000213,NMFBS,35,44,396.0,1293.0,512028.0,2025-09-18
2025091805000360,CHDC,39,58,88.0,2382.0,209616.0,2025-09-18
2025091804000335,RURU,57,21,70.0,682.0,47740.0,2025-09-18
2025091805000359,HRL,42,90,10.0,878.0,8780.0,2025-09-18
2025091805000358,HRL,58,90,95.0,878.0,83410.0,2025-09-18
2025091803000212,MNBBL,46,58,10.0,420.0,4200.0,2025-09-18
2025091801000230,JBLB,32,21,170.0,1365.0,232050.0,2025-09-18
2025091801000229,NBL,57,57,300.0,243.5,73050.0,2025-09-18
2025091804000334,SHPC,39,34,400.0,510.0,204000.0,2025-09-18
2025091805000357,HRL,16,90,20.0,878.0,17560.0,2025-09-18
2025091805000356,HRL,16,13,50.0,878.0,43900.0,2025-09-18
2025091805000355,HRL,16,58,30.0,878.0,26340.0,2025-09-18
2025091803000211,SINDU,8,77,50.0,673.0,33650.0,2025-09-18
2025091805000354,NTC,13,4,10.0,809.1,8091.0,2025-09-18
2025091801000228,SRLI,28,34,55.0,378.0,20790.0,2025-09-18
2025091805000353,SHIVM,36,41,100.0,540.0,54000.0,2025-09-18
2025091805000352,SHIVM,14,26,500.0,545.0,272500.0,2025-09-18
2025091801000227,NABIL,38,34,100.0,492.9,49290.0,2025-09-18
2025091804000333,UPPER,34,34,145.0,179.6,26042.0,2025-09-18
2025091804000332,NGPL,1,98,865.0,376.3,325499.5,2025-09-18
2025091804000331,SPDL,19,40,40.0,387.1,15484.0,2025-09-18
2025091804000330,UNHPL,56,49,860.0,434.0,373240.0,2025-09-18
2025091804000329,UNHPL,56,8,278.0,434.0,120652.0,2025-09-18
2025091805000351,NRN,58,43,20.0,1914.0,38280.0,2025-09-18
2025091805000350,HDL,45,57,40.0,1290.0,51600.0,2025-09-18
2025091805000349,HRL,65,39,93.0,878.0,81654.0,2025-09-18
2025091805000348,CHDC,39,47,12.0,2382.0,28584.0,2025-09-18
2025091805000347,SONA,42,7,100.0,416.5,41650.0,2025-09-18
2025091805000346,SONA,32,7,100.0,416.5,41650.0,2025-09-18
2025091805000345,SONA,32,7,100.0,424.2,42420.0,2025-09-18
2025091801000226,HIMSTAR,64,42,10.0,473.5,4735.0,2025-09-18
2025091805000344,MBJC,34,47,40.0,290.0,11600.0,2025-09-18
2025091805000343,NRN,58,29,100.0,1914.0,191400.0,2025-09-18
2025091805000342,NRN,58,29,100.0,1915.0,191500.0,2025-09-18
2025091805000341,BHL,34,16,150.0,177.0,26550.0,2025-09-18
2025091805000340,BHL,52,16,10.0,177.0,1770.0,2025-09-18
2025091805000339,BHL,48,16,140.0,177.0,24780.0,2025-09-18
2025091804000328,UNHPL,32,8,222.0,434.0,96348.0,2025-09-18
2025091805000338,HRL,48,39,200.0,878.0,175600.0,2025-09-18
2025091804000327,NGPL,1,3,58.0,376.3,21825.4,2025-09-18
2025091805000337,BHL,48,43,50.0,177.0,8850.0,2025-09-18
2025091801000225,HIMSTAR,64,17,10.0,473.5,4735.0,2025-09-18
2025091803000210,SADBL,44,29,100.0,392.0,39200.0,2025-09-18
2025091804000326,API,58,8,34.0,279.0,9486.0,2025-09-18
2025091803000209,USLB,63,19,10.0,1883.5,18835.0,2025-09-18
2025091804000325,AKPL,42,41,105.0,240.0,25200.0,2025-09-18
2025091805000336,CHDC,39,39,100.0,2382.6,238260.0,2025-09-18
2025091805000335,NIFRA,13,56,11.0,255.0,2805.0,2025-09-18
2025091805000334,HRL,57,39,500.0,878.0,439000.0,2025-09-18
2025091805000333,SHIVM,36,34,62.0,540.0,33480.0,2025-09-18
2025091804000324,UNHPL,41,45,50.0,430.0,21500.0,2025-09-18
2025091805000332,BHL,48,53,100.0,177.0,17700.0,2025-09-18
2025091805000331,MKJC,74,49,15.0,575.7,8635.5,2025-09-18
2025091803000208,MNBBL,36,58,20.0,420.0,8400.0,2025-09-18
2025091805000330,NTC,13,51,220.0,809.1,178002.0,2025-09-18
2025091805000329,NTC,38,51,50.0,810.0,40500.0,2025-09-18
2025091804000323,UAIL,58,35,10.0,483.0,4830.0,2025-09-18
2025091803000207,SADBL,21,29,100.0,392.0,39200.0,2025-09-18
2025091805000328,SHIVM,36,48,82.0,540.0,44280.0,2025-09-18
2025091804000322,UMHL,38,17,1705.0,541.8,923769.0,2025-09-18
2025091804000321,UMHL,74,17,40.0,542.0,21680.0,2025-09-18
2025091801000224,CREST,21,16,10.0,1072.8,10728.0,2025-09-18
2025091805000327,MBJC,34,28,10.0,290.0,2900.0,2025-09-18
2025091805000326,MBJC,34,39,200.0,295.9,59180.0,2025-09-18
2025091805000325,RNLI,44,65,94.0,431.0,40514.0,2025-09-18
2025091805000324,RNLI,68,65,15.0,435.0,6525.0,2025-09-18
2025091803000206,NFS,42,35,10.0,628.0,6280.0,2025-09-18
2025091804000320,SHPC,8,34,100.0,510.0,51000.0,2025-09-18
2025091804000319,NGPL,34,42,65.0,375.6,24414.0,2025-09-18
2025091804000318,UNHPL,71,14,500.0,429.3,214650.0,2025-09-18
2025091805000323,GVL,58,34,10.0,505.0,5050.0,2025-09-18
2025091803000205,SINDU,8,42,50.0,673.0,33650.0,2025-09-18
2025091803000204,FMDBL,58,29,10.0,807.3,8073.0,2025-09-18
2025091804000317,HDHPC,59,49,150.0,175.0,26250.0,2025-09-18
2025091801000223,EBL,62,21,40.0,670.0,26800.0,2025-09-18
2025091804000316,UNHPL,28,51,60.0,429.1,25746.0,2025-09-18
2025091801000222,EBL,62,28,510.0,670.0,341700.0,2025-09-18
2025091801000221,EBL,17,28,490.0,671.0,328790.0,2025-09-18
2025091804000315,AKPL,42,58,95.0,240.0,22800.0,2025-09-18
2025091804000314,AKPL,42,1,150.0,240.0,36000.0,2025-09-18
2025091805000322,HRL,26,39,100.0,878.0,87800.0,2025-09-18
2025091805000321,HDL,99,1,300.0,1300.0,390000.0,2025-09-18
2025091805000320,HDL,99,50,200.0,1300.0,260000.0,2025-09-18
2025091805000319,HRL,58,39,107.0,878.0,93946.0,2025-09-18
2025091805000318,HRL,58,28,100.0,878.0,87800.0,2025-09-18
2025091805000317,HRL,58,4,50.0,878.0,43900.0,2025-09-18
2025091805000316,HRL,58,34,43.0,878.0,37754.0,2025-09-18
2025091805000315,NIFRA,13,80,100.0,255.0,25500.0,2025-09-18
2025091801000220,NIMB,39,52,254.0,197.2,50088.8,2025-09-18
2025091801000219,NIMB,1,52,100.0,197.2,19720.0,2025-09-18
2025091801000218,SBL,50,17,100.0,357.7,35770.0,2025-09-18
2025091803000203,SAPDBL,57,62,20.0,746.4,14928.0,2025-09-18
2025091805000314,BHL,6,52,123.0,180.5,22201.5,2025-09-18
2025091805000313,BHL,6,52,77.0,180.5,13898.5,2025-09-18
2025091803000202,LBBL,99,58,757.0,501.0,379257.0,2025-09-18
2025091804000313,AKPL,53,1,850.0,240.0,204000.0,2025-09-18
2025091805000312,NRN,99,94,50.0,1952.2,97610.0,2025-09-18
2025091804000312,GHL,16,14,10.0,208.7,2087.0,2025-09-18
2025091804000311,UMHL,38,59,295.0,541.8,159831.0,2025-09-18
2025091804000310,UMHL,77,59,100.0,542.0,54200.0,2025-09-18
2025091804000309,UMHL,13,59,100.0,542.0,54200.0,2025-09-18
2025091804000308,AHPC,22,42,20.0,271.5,5430.0,2025-09-18
2025091804000307,AHPC,28,42,105.0,271.5,28507.5,2025-09-18
2025091801000217,CREST,57,16,50.0,1072.8,53640.0,2025-09-18
2025091804000306,AHPC,28,34,395.0,271.5,107242.5,2025-09-18
2025091804000305,AHPC,59,34,100.0,271.5,27150.0,2025-09-18
2025091804000304,AHPC,50,34,100.0,272.0,27200.0,2025-09-18
2025091801000216,KBL,94,17,10.0,183.0,1830.0,2025-09-18
2025091803000201,SAPDBL,10,62,10.0,746.4,7464.0,2025-09-18
2025091804000303,UAIL,42,38,100.0,490.0,49000.0,2025-09-18
2025091801000215,NMIC,42,50,231.0,1152.5,266227.5,2025-09-18
2025091805000311,MMF1,45,6,100.0,8.75,875.0,2025-09-18
2025091805000310,DOLTI,58,34,20.0,522.4,10448.0,2025-09-18
2025091803000200,MNBBL,41,58,60.0,420.6,25236.0,2025-09-18
2025091804000302,UNHPL,72,8,500.0,434.0,217000.0,2025-09-18
2025091804000301,AHPC,50,54,400.0,272.0,108800.0,2025-09-18
2025091804000300,SHEL,32,47,170.0,286.2,48654.0,2025-09-18
2025091805000309,SIKLES,54,66,700.0,690.6,483420.0,2025-09-18
2025091801000214,GBIME,7,17,100.0,231.3,23130.0,2025-09-18
2025091805000308,SONA,13,49,400.0,425.0,170000.0,2025-09-18
2025091805000307,SONA,51,49,235.0,425.6,100016.0,2025-09-18
2025091804000299,UPPER,32,21,552.0,179.6,99139.2,2025-09-18
2025091805000306,HRL,81,34,500.0,878.0,439000.0,2025-09-18
2025091804000298,AKPL,53,65,150.0,240.0,36000.0,2025-09-18
2025091803000199,LICN,22,36,10.0,819.1,8191.0,2025-09-18
2025091805000305,BHPL,96,57,20.0,660.1,13202.0,2025-09-18
2025091804000297,SSHL,49,49,300.0,168.0,50400.0,2025-09-18
2025091805000304,HRL,35,34,100.0,878.0,87800.0,2025-09-18
2025091801000213,NMIC,42,16,10.0,1152.5,11525.0,2025-09-18
2025091805000303,RHGCL,50,58,80.0,256.0,20480.0,2025-09-18
2025091801000212,NABIL,48,34,100.0,492.9,49290.0,2025-09-18
2025091803000198,GFCL,62,16,40.0,586.5,23460.0,2025-09-18
2025091803000197,GFCL,62,58,85.0,586.5,49852.5,2025-09-18
2025091803000196,GFCL,62,39,25.0,586.5,14662.5,2025-09-18
2025091803000195,NLIC,47,58,50.0,739.9,36995.0,2025-09-18
2025091804000296,MEN,80,34,200.0,590.1,118020.0,2025-09-18
2025091805000302,HRL,32,34,10.0,878.0,8780.0,2025-09-18
2025091803000194,LBBL,99,49,43.0,501.0,21543.0,2025-09-18
2025091804000295,SHEL,32,62,30.0,286.2,8586.0,2025-09-18
2025091805000301,SONA,13,26,100.0,425.0,42500.0,2025-09-18
2025091805000300,SONA,35,26,100.0,425.5,42550.0,2025-09-18
2025091803000193,JFL,57,34,11.0,436.0,4796.0,2025-09-18
2025091801000211,TTL,42,48,10.0,739.0,7390.0,2025-09-18
2025091801000210,KBL,49,17,200.0,183.0,36600.0,2025-09-18
2025091804000294,UNHPL,56,56,500.0,429.0,214500.0,2025-09-18
2025091804000293,AHPC,59,13,100.0,271.5,27150.0,2025-09-18
2025091803000192,SADBL,21,55,40.0,400.0,16000.0,2025-09-18
2025091805000299,DORDI,41,21,20.0,232.1,4642.0,2025-09-18
2025091804000292,SHPC,42,34,20.0,509.6,10192.0,2025-09-18
2025091804000291,SHPC,42,34,280.0,516.6,144648.0,2025-09-18
2025091805000298,NIFRA,41,6,100.0,254.4,25440.0,2025-09-18
2025091805000297,HIDCL,58,58,33.0,259.7,8570.1,2025-09-18
2025091801000209,SCB,74,19,50.0,607.0,30350.0,2025-09-18
2025091805000296,SHIVM,65,26,15.0,545.1,8176.5,2025-09-18
2025091805000295,SHIVM,81,26,1360.0,545.1,741336.0,2025-09-18
2025091803000191,LBBL,99,58,200.0,501.0,100200.0,2025-09-18
2025091805000294,HHL,62,25,20.0,338.0,6760.0,2025-09-18
2025091805000293,SHIVM,81,22,140.0,545.1,76314.0,2025-09-18
2025091804000290,HURJA,96,34,18.0,219.8,3956.4,2025-09-18
2025091804000289,AKPL,10,62,200.0,243.0,48600.0,2025-09-18
2025091805000292,SAHAS,8,58,50.0,606.0,30300.0,2025-09-18
2025091804000288,UNHPL,56,57,100.0,429.0,42900.0,2025-09-18
2025091803000190,SJLIC,59,34,100.0,409.7,40970.0,2025-09-18
2025091804000287,HURJA,96,22,100.0,219.8,21980.0,2025-09-18
2025091805000291,ULHC,42,87,112.0,445.0,49840.0,2025-09-18
2025091805000290,HRL,5,34,300.0,878.0,263400.0,2025-09-18
2025091804000286,MEN,41,34,10.0,590.1,5901.0,2025-09-18
2025091803000189,MNBBL,41,22,140.0,420.6,58884.0,2025-09-18
2025091805000289,RNLI,68,17,77.0,435.0,33495.0,2025-09-18
2025091805000288,SONA,35,41,100.0,425.5,42550.0,2025-09-18
2025091804000285,CGH,35,81,50.0,984.9,49245.0,2025-09-18
2025091801000208,NMIC,42,42,40.0,1152.5,46100.0,2025-09-18
2025091804000284,SHPC,55,39,75.0,520.0,39000.0,2025-09-18
2025091805000287,RNLI,68,35,23.0,435.0,10005.0,2025-09-18
2025091801000207,GBIME,7,17,100.0,231.3,23130.0,2025-09-18
2025091801000206,NABIL,35,34,10.0,492.9,4929.0,2025-09-18
2025091805000286,HDL,99,32,1000.0,1315.9,1315900.0,2025-09-18
2025091805000285,HDL,34,32,10.0,1316.0,13160.0,2025-09-18
2025091805000284,HDL,25,32,30.0,1316.0,39480.0,2025-09-18
2025091805000283,HDL,77,32,300.0,1316.1,394830.0,2025-09-18
2025091805000282,HDL,29,32,10.0,1320.0,13200.0,2025-09-18
2025091804000283,AKPL,71,62,485.0,243.0,117855.0,2025-09-18
2025091803000188,MNBBL,37,18,50.0,421.0,21050.0,2025-09-18
2025091805000281,HDL,16,14,274.0,1331.0,364694.0,2025-09-18
2025091805000280,BHL,42,52,323.0,180.5,58301.5,2025-09-18
2025091805000279,BHL,42,40,117.0,180.5,21118.5,2025-09-18
2025091805000278,BHL,42,22,150.0,180.4,27060.0,2025-09-18
2025091805000277,BHL,42,42,910.0,180.0,163800.0,2025-09-18
2025091805000276,MAKAR,43,17,1000.0,549.5,549500.0,2025-09-18
2025091805000275,SHIVM,81,60,500.0,545.1,272550.0,2025-09-18
2025091804000282,RURU,57,98,130.0,682.0,88660.0,2025-09-18
2025091805000274,HDL,16,37,50.0,1331.0,66550.0,2025-09-18
2025091805000273,HDL,16,57,100.0,1331.0,133100.0,2025-09-18
2025091801000205,NMIC,42,58,10.0,1152.5,11525.0,2025-09-18
2025091803000187,RSDC,19,57,10.0,659.0,6590.0,2025-09-18
2025091803000186,NABBC,42,20,65.0,675.7,43920.5,2025-09-18
2025091801000204,HIMSTAR,64,47,10.0,473.5,4735.0,2025-09-18
2025091805000272,HDL,16,49,31.0,1331.0,41261.0,2025-09-18
2025091804000281,AKPL,71,49,515.0,243.0,125145.0,2025-09-18
2025091804000280,AKPL,58,49,110.0,243.0,26730.0,2025-09-18
2025091804000279,UNHPL,32,17,2520.0,428.3,1079316.0,2025-09-18
2025091804000278,UNHPL,67,17,480.0,429.0,205920.0,2025-09-18
2025091805000271,CHDC,1,39,10.0,2382.6,23826.0,2025-09-18
2025091804000277,UMHL,91,54,10.0,552.0,5520.0,2025-09-18
2025091805000270,SMJC,41,13,90.0,526.5,47385.0,2025-09-18
2025091805000269,CHDC,50,39,10.0,2382.6,23826.0,2025-09-18
2025091803000185,LBBL,43,17,10.0,491.7,4917.0,2025-09-18
2025091805000268,VLUCL,74,28,185.0,527.6,97606.0,2025-09-18
2025091805000267,HRL,32,50,10.0,882.0,8820.0,2025-09-18
2025091804000276,UNHPL,32,52,100.0,428.3,42830.0,2025-09-18
2025091801000203,NABIL,48,21,50.0,500.0,25000.0,2025-09-18
2025091803000184,MFIL,50,48,500.0,641.9,320950.0,2025-09-18
2025091805000266,SHIVM,81,28,1000.0,545.1,545100.0,2025-09-18
2025091803000183,NMFBS,35,44,604.0,1293.0,780972.0,2025-09-18
2025091803000182,NMFBS,35,33,100.0,1293.0,129300.0,2025-09-18
2025091803000181,NMFBS,35,25,20.0,1293.0,25860.0,2025-09-18
2025091803000180,NMFBS,35,11,74.0,1270.0,93980.0,2025-09-18
2025091803000179,NMFBS,35,58,62.0,1267.8,78603.6,2025-09-18
2025091803000178,NMFBS,35,21,40.0,1267.0,50680.0,2025-09-18
2025091803000177,NMFBS,35,59,100.0,1243.0,124300.0,2025-09-18
2025091801000202,NABIL,45,58,15.0,502.0,7530.0,2025-09-18
2025091805000265,NRN,58,65,20.0,1952.2,39044.0,2025-09-18
2025091804000275,NHPC,58,58,255.0,194.0,49470.0,2025-09-18
2025091805000264,NIFRA,41,43,100.0,259.5,25950.0,2025-09-18
2025091804000274,UMHL,45,54,10.0,552.8,5528.0,2025-09-18
2025091801000201,NESDO,57,57,15.0,1456.8,21852.0,2025-09-18
2025091801000200,NESDO,49,57,10.0,1470.0,14700.0,2025-09-18
2025091805000263,CHDC,50,39,25.0,2382.6,59565.0,2025-09-18
2025091805000262,CHDC,50,42,75.0,2382.6,178695.0,2025-09-18
2025091803000176,LLBS,41,14,10.0,971.0,9710.0,2025-09-18
2025091805000261,NRN,58,42,80.0,1952.2,156176.0,2025-09-18
2025091801000199,EBL,17,17,10.0,683.5,6835.0,2025-09-18
2025091801000198,HIDCLP,32,4,170.0,190.9,32453.0,2025-09-18
2025091803000175,MNBBL,16,18,50.0,421.0,21050.0,2025-09-18
2025091805000260,NRN,39,42,20.0,1952.2,39044.0,2025-09-18
2025091804000273,BARUN,8,55,340.0,310.0,105400.0,2025-09-18
2025091805000259,HDL,25,44,100.0,1340.0,134000.0,2025-09-18
2025091805000258,HHL,62,25,60.0,338.4,20304.0,2025-09-18
2025091805000257,HHL,21,25,20.0,338.5,6770.0,2025-09-18
2025091805000256,HDL,16,1,45.0,1331.0,59895.0,2025-09-18
2025091801000197,GBIME,55,17,20.0,236.0,4720.0,2025-09-18
2025091804000272,UPPER,32,13,279.0,179.6,50108.4,2025-09-18
2025091805000255,CLI,42,8,10.0,438.0,4380.0,2025-09-18
2025091801000196,HIDCLP,32,49,5830.0,190.9,1112947.0,2025-09-18
2025091801000195,HIDCLP,59,49,170.0,191.0,32470.0,2025-09-18
2025091804000271,UPCL,95,3,500.0,399.0,199500.0,2025-09-18
2025091804000270,UNHPL,32,34,1000.0,428.3,428300.0,2025-09-18
2025091804000269,UNHPL,56,34,2000.0,429.0,858000.0,2025-09-18
2025091804000268,UPPER,32,48,169.0,179.6,30352.4,2025-09-18
2025091804000267,UPPER,16,48,550.0,179.6,98780.0,2025-09-18
2025091804000266,UPPER,25,48,220.0,179.6,39512.0,2025-09-18
2025091804000265,UPPER,7,48,520.0,179.6,93392.0,2025-09-18
2025091804000264,UPPER,1,48,100.0,179.6,17960.0,2025-09-18
2025091804000263,UPPER,13,48,1000.0,179.6,179600.0,2025-09-18
2025091804000262,UPPER,10,48,200.0,179.6,35920.0,2025-09-18
2025091804000261,UPPER,54,48,50.0,179.6,8980.0,2025-09-18
2025091804000260,UPPER,22,48,73.0,180.0,13140.0,2025-09-18
2025091801000194,NMIC,42,58,209.0,1152.5,240872.5,2025-09-18
2025091803000174,MLBL,26,42,10.0,376.6,3766.0,2025-09-18
2025091805000254,HATHY,42,21,46.0,981.0,45126.0,2025-09-18
2025091804000259,NGPL,5,58,450.0,383.2,172440.0,2025-09-18
2025091805000253,HRL,32,57,10.0,899.9,8999.0,2025-09-18
2025091804000258,JOSHI,42,48,370.0,272.0,100640.0,2025-09-18
2025091801000193,SRLI,38,58,50.0,384.0,19200.0,2025-09-18
2025091805000252,RNLI,52,17,23.0,439.5,10108.5,2025-09-18
2025091804000257,UAIL,50,45,100.0,492.0,49200.0,2025-09-18
2025091805000251,SHIVM,57,43,90.0,556.2,50058.0,2025-09-18
2025091805000250,SHIVM,1,43,20.0,556.2,11124.0,2025-09-18
2025091805000249,SHIVM,81,43,150.0,556.3,83445.0,2025-09-18
2025091803000173,GUFL,19,58,340.0,499.6,169864.0,2025-09-18
2025091804000256,BARUN,8,34,20.0,310.0,6200.0,2025-09-18
2025091805000248,NIFRA,38,48,100.0,259.5,25950.0,2025-09-18
2025091801000192,KBL,49,71,200.0,186.7,37340.0,2025-09-18
2025091805000247,TPC,42,13,10.0,321.2,3212.0,2025-09-18
2025091801000191,HIDCLP,32,48,100.0,192.0,19200.0,2025-09-18
2025091803000172,KSBBL,48,48,200.0,502.9,100580.0,2025-09-18
2025091805000246,HATHY,42,14,15.0,981.0,14715.0,2025-09-18
2025091805000245,HATHY,42,58,39.0,981.0,38259.0,2025-09-18
2025091804000255,GLH,19,45,460.0,246.0,113160.0,2025-09-18
2025091804000254,GLH,58,45,168.0,246.1,41344.8,2025-09-18
2025091805000244,HHL,48,1,100.0,340.0,34000.0,2025-09-18
2025091805000243,HHL,29,1,100.0,340.0,34000.0,2025-09-18
2025091804000253,UAIL,35,45,100.0,492.0,49200.0,2025-09-18
2025091804000252,UMHL,91,22,10.0,553.0,5530.0,2025-09-18
2025091804000251,AHPC,50,45,178.0,277.0,49306.0,2025-09-18
2025091804000250,AHPC,50,57,232.0,277.0,64264.0,2025-09-18
2025091804000249,AHPC,50,51,90.0,276.0,24840.0,2025-09-18
2025091804000248,UPPER,57,7,27.0,182.5,4927.5,2025-09-18
2025091801000190,HIMSTAR,48,25,10.0,465.7,4657.0,2025-09-18
2025091804000247,UPPER,22,29,182.0,180.0,32760.0,2025-09-18
2025091804000246,UPPER,1,29,818.0,180.2,147403.6,2025-09-18
2025091804000245,UPPER,1,45,182.0,180.2,32796.4,2025-09-18
2025091804000244,UPPER,38,45,18.0,181.0,3258.0,2025-09-18
2025091803000171,MNBBL,4,94,5000.0,428.9,2144500.0,2025-09-18
2025091803000170,MNBBL,17,94,100.0,428.9,42890.0,2025-09-18
2025091803000169,MNBBL,8,94,25.0,429.0,10725.0,2025-09-18
2025091803000168,MNBBL,17,94,100.0,429.0,42900.0,2025-09-18
2025091804000243,HURJA,96,3,200.0,219.8,43960.0,2025-09-18
2025091801000189,HIMSTAR,48,38,10.0,456.6,4566.0,2025-09-18
2025091804000242,RADHI,25,57,500.0,723.0,361500.0,2025-09-18
2025091804000241,SHPC,39,44,400.0,520.0,208000.0,2025-09-18
2025091805000242,MHL,41,32,25.0,470.2,11755.0,2025-09-18
2025091804000240,NGPL,5,13,50.0,383.2,19160.0,2025-09-18
2025091804000239,UMHL,13,22,100.0,553.0,55300.0,2025-09-18
2025091804000238,AKJCL,6,42,100.0,188.0,18800.0,2025-09-18
2025091805000241,VLUCL,74,1,40.0,527.6,21104.0,2025-09-18
2025091805000240,HRL,32,53,10.0,918.2,9182.0,2025-09-18
2025091805000239,HRL,5,53,97.0,920.0,89240.0,2025-09-18
2025091805000238,HRL,5,55,43.0,920.0,39560.0,2025-09-18
2025091805000237,ULHC,42,14,50.0,441.4,22070.0,2025-09-18
2025091805000236,ULHC,22,14,60.0,441.5,26490.0,2025-09-18
2025091805000235,ULHC,1,14,70.0,442.0,30940.0,2025-09-18
2025091805000234,HRL,5,46,10.0,920.0,9200.0,2025-09-18
2025091803000167,MLBBL,8,62,10.0,1446.3,14463.0,2025-09-18
2025091804000237,AKPL,58,52,150.0,243.0,36450.0,2025-09-18
2025091805000233,HRL,5,34,50.0,918.2,45910.0,2025-09-18
2025091804000236,AHPC,38,51,30.0,276.6,8298.0,2025-09-18
2025091804000235,AHPC,57,51,10.0,276.6,2766.0,2025-09-18
2025091804000234,AHPC,43,51,40.0,276.6,11064.0,2025-09-18
2025091804000233,UNHPL,56,5,1000.0,437.0,437000.0,2025-09-18
2025091805000232,SIKLES,49,45,30.0,691.0,20730.0,2025-09-18
2025091803000166,HLI,68,58,500.0,378.1,189050.0,2025-09-18
2025091804000232,MEN,36,34,100.0,602.1,60210.0,2025-09-18
2025091804000231,AKPL,58,50,690.0,243.0,167670.0,2025-09-18
2025091801000188,LSL,14,32,250.0,221.5,55375.0,2025-09-18
2025091803000165,GBLBS,5,58,20.0,738.9,14778.0,2025-09-18
2025091805000231,SMATA,48,48,10.0,936.4,9364.0,2025-09-18
2025091804000230,SHEL,41,47,10.0,292.0,2920.0,2025-09-18
2025091804000229,SHEL,6,47,20.0,296.1,5922.0,2025-09-18
2025091804000228,SHEL,57,47,100.0,296.1,29610.0,2025-09-18
2025091805000230,SONA,51,57,230.0,432.8,99544.0,2025-09-18
2025091804000227,AKPL,58,41,50.0,242.8,12140.0,2025-09-18
2025091804000226,BARUN,8,48,1640.0,310.0,508400.0,2025-09-18
2025091804000225,SHEL,13,91,100.0,296.5,29650.0,2025-09-18
2025091805000229,AHL,34,56,10.0,629.0,6290.0,2025-09-18
2025091801000187,HIDCLP,41,49,1000.0,192.2,192200.0,2025-09-18
2025091805000228,MSHL,1,57,390.0,895.0,349050.0,2025-09-18
2025091804000224,GLH,19,8,150.0,246.0,36900.0,2025-09-18
2025091805000227,SAHAS,55,34,75.0,608.4,45630.0,2025-09-18
2025091804000223,AHPC,43,58,10.0,276.6,2766.0,2025-09-18
2025091805000226,SANVI,41,42,450.0,588.0,264600.0,2025-09-18
2025091803000164,LBBL,58,49,794.0,501.7,398349.8,2025-09-18
2025091804000222,UPPER,32,7,50.0,182.5,9125.0,2025-09-18
2025091804000221,GLH,19,35,490.0,246.0,120540.0,2025-09-18
2025091804000220,GLH,54,35,10.0,246.0,2460.0,2025-09-18
2025091804000219,BARUN,94,55,400.0,309.4,123760.0,2025-09-18
2025091805000225,NTC,17,21,10.0,810.0,8100.0,2025-09-18
2025091805000224,NTC,57,21,100.0,810.0,81000.0,2025-09-18
2025091805000223,NTC,58,21,10.0,810.0,8100.0,2025-09-18
2025091805000222,NTC,6,21,270.0,810.0,218700.0,2025-09-18
2025091805000221,NTC,17,21,10.0,814.0,8140.0,2025-09-18
2025091805000220,NTC,45,21,100.0,818.0,81800.0,2025-09-18
2025091803000163,GUFL,19,80,60.0,499.6,29976.0,2025-09-18
2025091803000162,LICN,52,58,500.0,819.1,409550.0,2025-09-18
2025091803000161,SADBL,21,38,60.0,407.9,24474.0,2025-09-18
2025091804000218,AKPL,57,41,50.0,242.8,12140.0,2025-09-18
2025091804000217,UNHPL,80,101,10.0,445.7,4457.0,2025-09-18
2025091804000216,JOSHI,42,58,100.0,272.0,27200.0,2025-09-18
2025091803000160,MNBBL,82,13,100.0,429.1,42910.0,2025-09-18
2025091805000219,SANVI,41,55,50.0,588.0,29400.0,2025-09-18
2025091804000215,UPPER,32,11,200.0,182.5,36500.0,2025-09-18
2025091804000214,UPPER,49,11,200.0,182.7,36540.0,2025-09-18
2025091805000218,HRL,32,87,10.0,936.9,9369.0,2025-09-18
2025091804000213,SHPC,50,25,40.0,527.1,21084.0,2025-09-18
2025091805000217,RNLI,52,58,60.0,439.5,26370.0,2025-09-18
2025091804000212,UPCL,58,28,100.0,404.6,40460.0,2025-09-18
2025091804000211,UPCL,57,28,100.0,404.6,40460.0,2025-09-18
2025091804000210,UPCL,82,28,1240.0,404.7,501828.0,2025-09-18
2025091804000209,HURJA,96,49,200.0,219.8,43960.0,2025-09-18
2025091804000208,IGI,42,32,40.0,510.5,20420.0,2025-09-18
2025091804000207,IGI,21,32,112.0,512.2,57366.4,2025-09-18
2025091805000216,MHL,41,13,75.0,470.2,35265.0,2025-09-18
2025091805000215,MHL,8,13,25.0,470.2,11755.0,2025-09-18
2025091804000206,UPCL,82,14,1250.0,404.7,505875.0,2025-09-18
2025091804000205,HDHPC,32,44,200.0,177.9,35580.0,2025-09-18
2025091804000204,HPPL,42,55,500.0,457.0,228500.0,2025-09-18
2025091804000203,HPPL,8,55,10.0,458.1,4581.0,2025-09-18
2025091804000202,SHPC,50,58,150.0,527.1,79065.0,2025-09-18
2025091805000214,HATHY,58,58,11.0,981.0,10791.0,2025-09-18
2025091801000186,HIMSTAR,10,58,10.0,447.7,4477.0,2025-09-18
2025091804000201,SHEL,87,58,50.0,297.0,14850.0,2025-09-18
2025091804000200,HURJA,96,58,65.0,219.8,14287.0,2025-09-18
2025091805000213,MAKAR,50,58,250.0,550.0,137500.0,2025-09-18
2025091803000159,SINDU,58,49,150.0,686.0,102900.0,2025-09-18
2025091803000158,SINDU,58,19,115.0,686.0,78890.0,2025-09-18
2025091804000199,UPCL,82,58,10.0,404.7,4047.0,2025-09-18
2025091805000212,NRN,71,41,600.0,1992.0,1195200.0,2025-09-18
2025091805000211,NRN,71,33,400.0,1992.0,796800.0,2025-09-18
2025091805000210,BHDC,98,48,200.0,550.9,110180.0,2025-09-18
2025091805000209,CIT,55,1,10.0,1858.0,18580.0,2025-09-18
2025091805000208,SONA,58,57,262.0,432.8,113393.6,2025-09-18
2025091805000207,SONA,58,21,10.0,432.8,4328.0,2025-09-18
2025091805000206,SONA,58,21,10.0,432.8,4328.0,2025-09-18
2025091805000205,SONA,58,6,83.0,432.8,35922.4,2025-09-18
2025091805000204,CIT,6,13,50.0,1858.0,92900.0,2025-09-18
2025091805000203,SONA,6,6,150.0,432.8,64920.0,2025-09-18
2025091805000202,SONA,6,6,1000.0,432.8,432800.0,2025-09-18
2025091805000201,SONA,6,6,1000.0,432.8,432800.0,2025-09-18
2025091805000200,SONA,6,6,350.0,432.8,151480.0,2025-09-18
2025091805000199,CIT,14,13,250.0,1858.0,464500.0,2025-09-18
2025091805000198,SBCF,17,38,200.0,9.0,1800.0,2025-09-18
2025091805000197,HIDCL,21,41,200.0,264.9,52980.0,2025-09-18
2025091805000196,MKJC,17,75,1500.0,587.4,881100.0,2025-09-18
2025091805000195,CLI,22,6,16.0,446.0,7136.0,2025-09-18
2025091805000194,CLI,22,56,13.0,446.0,5798.0,2025-09-18
2025091805000193,CLI,22,38,71.0,446.0,31666.0,2025-09-18
2025091805000192,CIT,29,13,10.0,1858.0,18580.0,2025-09-18
2025091805000191,CIT,22,13,100.0,1858.0,185800.0,2025-09-18
2025091805000190,SONA,35,6,100.0,432.8,43280.0,2025-09-18
2025091805000189,CIT,42,13,30.0,1858.0,55740.0,2025-09-18
2025091805000188,HIDCL,38,41,50.0,264.9,13245.0,2025-09-18
2025091805000187,NIFRA,38,28,10.0,264.7,2647.0,2025-09-18
2025091805000186,NIFRA,38,28,10.0,264.7,2647.0,2025-09-18
2025091805000185,HIDCL,38,41,50.0,264.9,13245.0,2025-09-18
2025091805000184,NIFRA,38,28,10.0,264.7,2647.0,2025-09-18
2025091805000183,SONA,58,6,220.0,432.8,95216.0,2025-09-18
2025091805000182,SONA,49,6,40.0,432.8,17312.0,2025-09-18
2025091805000181,ILI,49,56,12.0,435.6,5227.2,2025-09-18
2025091805000180,ILI,49,63,42.0,435.6,18295.2,2025-09-18
2025091805000179,NIFRA,71,28,446.0,264.7,118056.2,2025-09-18
2025091805000178,NIFRA,71,21,54.0,264.7,14293.8,2025-09-18
2025091805000177,MSHL,1,6,10.0,884.0,8840.0,2025-09-18
2025091805000176,MSHL,1,41,10.0,883.8,8838.0,2025-09-18
2025091805000175,MSHL,1,41,50.0,883.8,44190.0,2025-09-18
2025091805000174,MSHL,1,19,40.0,883.8,35352.0,2025-09-18
2025091805000173,NTC,6,42,10.0,820.0,8200.0,2025-09-18
2025091805000172,HRL,6,47,1000.0,956.0,956000.0,2025-09-18
2025091805000171,HIDCL,11,41,100.0,264.9,26490.0,2025-09-18
2025091805000170,HRL,29,47,26.0,956.0,24856.0,2025-09-18
2025091805000169,NTC,33,42,100.0,820.0,82000.0,2025-09-18
2025091805000168,CIT,41,13,10.0,1858.0,18580.0,2025-09-18
2025091805000167,SONA,35,6,50.0,432.8,21640.0,2025-09-18
2025091805000166,HRL,36,47,20.0,956.0,19120.0,2025-09-18
2025091805000165,CIT,45,13,100.0,1858.0,185800.0,2025-09-18
2025091805000164,SONA,51,6,100.0,432.8,43280.0,2025-09-18
2025091805000163,NMB50,51,43,1000.0,9.92,9920.0,2025-09-18
2025091805000162,NIFRA,38,21,10.0,264.7,2647.0,2025-09-18
2025091805000161,NIFRA,38,56,10.0,264.7,2647.0,2025-09-18
2025091805000160,NIFRA,38,56,40.0,264.7,10588.0,2025-09-18
2025091805000159,HIDCL,38,41,50.0,264.9,13245.0,2025-09-18
2025091805000158,NIFRA,38,56,10.0,264.7,2647.0,2025-09-18
2025091805000157,HIDCL,38,41,50.0,264.9,13245.0,2025-09-18
2025091805000156,HIDCL,38,41,50.0,264.9,13245.0,2025-09-18
2025091805000155,HRL,52,47,291.0,956.0,278196.0,2025-09-18
2025091805000154,NTC,38,57,50.0,812.0,40600.0,2025-09-18
2025091805000153,ILI,49,63,20.0,435.6,8712.0,2025-09-18
2025091805000152,NIFRA,38,56,51.0,264.7,13499.7,2025-09-18
2025091805000151,NIFRA,38,47,300.0,264.7,79410.0,2025-09-18
2025091805000150,NIFRA,38,42,49.0,264.7,12970.3,2025-09-18
2025091805000149,MBJC,96,40,500.0,295.9,147950.0,2025-09-18
2025091805000148,NIFRA,68,42,500.0,264.7,132350.0,2025-09-18
2025091801000185,SANIMA,42,34,1805.0,357.9,646009.5,2025-09-18
2025091801000184,SANIMA,42,17,195.0,357.9,69790.5,2025-09-18
2025091801000183,BHCL,80,58,30.0,449.8,13494.0,2025-09-18
2025091801000182,BHCL,80,34,30.0,449.8,13494.0,2025-09-18
2025091801000181,GBIME,58,17,100.0,240.1,24010.0,2025-09-18
2025091801000180,EBL,66,50,14.0,697.4,9763.6,2025-09-18
2025091801000179,NIMB,58,17,50.0,201.2,10060.0,2025-09-18
2025091801000178,PRVU,68,17,150.0,201.3,30195.0,2025-09-18
2025091801000177,NABIL,4,98,75.0,502.9,37717.5,2025-09-18
2025091801000176,NBL,6,57,341.0,244.0,83204.0,2025-09-18
2025091801000175,NBL,6,4,45.0,242.0,10890.0,2025-09-18
2025091801000174,NBL,6,13,114.0,242.0,27588.0,2025-09-18
2025091801000173,SRLI,1,22,59.0,384.1,22661.9,2025-09-18
2025091801000172,HBL,6,38,500.0,196.6,98300.0,2025-09-18
2025091801000171,HBL,22,38,50.0,196.6,9830.0,2025-09-18
2025091801000170,BHCL,33,34,70.0,449.8,31486.0,2025-09-18
2025091801000169,BHCL,33,58,30.0,449.8,13494.0,2025-09-18
2025091801000168,PRVU,34,17,1231.0,201.3,247800.3,2025-09-18
2025091801000167,PRVU,34,38,219.0,201.3,44084.7,2025-09-18
2025091801000166,PRVU,34,42,1000.0,201.3,201300.0,2025-09-18
2025091801000165,NIMB,34,17,29.0,201.2,5834.8,2025-09-18
2025091801000164,NIMB,34,34,971.0,201.2,195365.2,2025-09-18
2025091801000163,NBL,35,13,100.0,242.0,24200.0,2025-09-18
2025091801000162,NICA,42,17,60.0,333.0,19980.0,2025-09-18
2025091801000161,SCB,57,34,100.0,619.1,61910.0,2025-09-18
2025091801000160,JBLB,38,6,10.0,1388.6,13886.0,2025-09-18
2025091801000159,JBLB,38,6,10.0,1388.6,13886.0,2025-09-18
2025091801000158,UNLB,42,34,86.0,1950.2,167717.2,2025-09-18
2025091801000157,HBL,49,38,100.0,196.6,19660.0,2025-09-18
2025091801000156,NABIL,38,98,10.0,502.9,5029.0,2025-09-18
2025091801000155,NABIL,38,98,10.0,502.9,5029.0,2025-09-18
2025091801000154,HBL,49,38,35.0,196.6,6881.0,2025-09-18
2025091801000153,HBL,49,38,30.0,196.6,5898.0,2025-09-18
2025091801000152,NABIL,58,98,10.0,502.9,5029.0,2025-09-18
2025091801000151,CZBIL,68,52,419.0,200.5,84009.5,2025-09-18
2025091801000150,CZBIL,68,8,105.0,200.5,21052.5,2025-09-18
2025091801000149,CZBIL,68,38,292.0,200.5,58546.0,2025-09-18
2025091801000148,NIMB,6,34,141.0,201.2,28369.2,2025-09-18
2025091801000147,PRVU,8,42,50.0,201.3,10065.0,2025-09-18
2025091801000146,HBL,8,38,50.0,196.6,9830.0,2025-09-18
2025091801000145,HBL,21,38,100.0,196.6,19660.0,2025-09-18
2025091801000144,NMIC,21,58,10.0,1176.0,11760.0,2025-09-18
2025091801000143,NMIC,21,34,36.0,1176.0,42336.0,2025-09-18
2025091801000142,LVF2,22,17,3000.0,9.0,27000.0,2025-09-18
2025091801000141,NABIL,22,98,50.0,502.9,25145.0,2025-09-18
2025091801000140,ADBL,41,17,250.0,310.9,77725.0,2025-09-18
2025091801000139,PRVU,42,42,100.0,201.3,20130.0,2025-09-18
2025091801000138,NIMB,42,34,80.0,201.2,16096.0,2025-09-18
2025091801000137,KBL,42,17,150.0,190.5,28575.0,2025-09-18
2025091801000136,SRLI,42,22,80.0,384.1,30728.0,2025-09-18
2025091801000135,CZBIL,57,38,20.0,200.5,4010.0,2025-09-18
2025091801000134,CZBIL,57,38,180.0,200.5,36090.0,2025-09-18
2025091801000133,NABIL,38,98,67.0,502.9,33694.3,2025-09-18
2025091801000132,NABIL,38,49,33.0,502.9,16595.7,2025-09-18
2025091801000131,PRVU,45,42,200.0,201.3,40260.0,2025-09-18
2025091801000130,SRLI,43,22,190.0,384.1,72979.0,2025-09-18
2025091801000129,NIMB,50,34,1000.0,201.2,201200.0,2025-09-18
2025091801000128,SANIMA,52,17,775.0,357.9,277372.5,2025-09-18
2025091801000127,NABIL,38,49,10.0,502.9,5029.0,2025-09-18
2025091801000126,LVF2,49,17,4000.0,9.0,36000.0,2025-09-18
2025091801000125,PCBL,49,50,50.0,243.7,12185.0,2025-09-18
2025091805000147,SANVI,35,48,10.0,590.0,5900.0,2025-09-18
2025091805000146,SANVI,41,48,451.0,590.0,266090.0,2025-09-18
2025091805000145,SANVI,41,49,30.0,590.0,17700.0,2025-09-18
2025091805000144,SANVI,41,45,100.0,590.0,59000.0,2025-09-18
2025091805000143,SANVI,41,49,209.0,590.0,123310.0,2025-09-18
2025091805000142,SANVI,41,34,10.0,590.0,5900.0,2025-09-18
2025091805000141,HRL,34,47,100.0,965.0,96500.0,2025-09-18
2025091805000140,HRL,44,47,1975.0,965.0,1905875.0,2025-09-18
2025091805000139,HRL,44,74,22.0,965.0,21230.0,2025-09-18
2025091805000138,HRL,99,74,10.0,965.0,9650.0,2025-09-18
2025091805000137,HRL,34,74,10.0,965.0,9650.0,2025-09-18
2025091805000136,VLUCL,74,21,10.0,527.6,5276.0,2025-09-18
2025091805000135,VLUCL,74,47,65.0,527.6,34294.0,2025-09-18
2025091805000134,SONA,57,6,50.0,432.8,21640.0,2025-09-18
2025091805000133,SONA,13,6,90.0,432.8,38952.0,2025-09-18
2025091805000132,SONA,13,13,10.0,432.8,4328.0,2025-09-18
2025091805000131,SONA,29,13,130.0,432.8,56264.0,2025-09-18
2025091805000130,HATHY,57,38,20.0,981.2,19624.0,2025-09-18
2025091805000129,HATHY,49,38,30.0,981.2,29436.0,2025-09-18
2025091805000128,HATHY,49,38,20.0,981.2,19624.0,2025-09-18
2025091805000127,MANDU,96,52,10.0,830.1,8301.0,2025-09-18
2025091805000126,CLI,56,38,47.0,447.0,21009.0,2025-09-18
2025091805000125,CLI,56,56,3.0,447.0,1341.0,2025-09-18
2025091805000124,CLI,99,56,10.0,447.0,4470.0,2025-09-18
2025091805000123,ULHC,1,45,15.0,441.4,6621.0,2025-09-18
2025091801000124,HIMSTAR,36,49,10.0,439.0,4390.0,2025-09-18
2025091801000123,HIMSTAR,36,1,10.0,439.0,4390.0,2025-09-18
2025091801000122,HIMSTAR,36,52,10.0,439.0,4390.0,2025-09-18
2025091801000121,HIMSTAR,36,13,10.0,439.0,4390.0,2025-09-18
2025091801000120,HIMSTAR,36,56,10.0,439.0,4390.0,2025-09-18
2025091805000122,MEHL,28,40,10.0,403.0,4030.0,2025-09-18
2025091805000121,MEHL,51,40,30.0,403.0,12090.0,2025-09-18
2025091805000120,MEHL,51,39,10.0,403.0,4030.0,2025-09-18
2025091805000119,MEHL,51,41,10.0,403.0,4030.0,2025-09-18
2025091801000119,BHCL,26,7,500.0,449.8,224900.0,2025-09-18
2025091805000118,RNLI,52,62,64.0,439.5,28128.0,2025-09-18
2025091805000117,RNLI,52,38,12.0,439.5,5274.0,2025-09-18
2025091805000116,RNLI,52,56,129.0,439.5,56695.5,2025-09-18
2025091805000115,RNLI,52,51,12.0,439.5,5274.0,2025-09-18
2025091805000114,RNLI,52,36,20.0,439.5,8790.0,2025-09-18
2025091805000113,RNLI,52,41,12.0,439.5,5274.0,2025-09-18
2025091805000112,RNLI,52,36,168.0,439.5,73836.0,2025-09-18
2025091801000118,TTL,13,48,200.0,754.0,150800.0,2025-09-18
2025091801000117,PURE,46,56,10.0,770.0,7700.0,2025-09-18
2025091801000116,PURE,46,5,30.0,770.0,23100.0,2025-09-18
2025091801000115,PURE,46,56,10.0,770.0,7700.0,2025-09-18
2025091805000111,GCIL,32,57,50.0,467.1,23355.0,2025-09-18
2025091805000110,GCIL,41,19,100.0,467.1,46710.0,2025-09-18
2025091805000109,ILI,56,63,8.0,435.8,3486.4,2025-09-18
2025091805000108,ILI,56,56,12.0,435.8,5229.6,2025-09-18
2025091801000114,CREST,51,53,50.0,1094.6,54730.0,2025-09-18
2025091801000113,CREST,49,53,10.0,1094.6,10946.0,2025-09-18
2025091801000112,CREST,34,53,10.0,1094.6,10946.0,2025-09-18
2025091805000107,NRM,91,49,300.0,438.0,131400.0,2025-09-18
2025091801000111,CREST,33,53,10.0,1094.6,10946.0,2025-09-18
2025091805000106,NRM,91,16,200.0,438.0,87600.0,2025-09-18
2025091803000157,NLIC,7,17,339.0,755.0,255945.0,2025-09-18
2025091803000156,NLIC,7,49,161.0,755.0,121555.0,2025-09-18
2025091803000155,HLI,58,36,26.0,385.8,10030.8,2025-09-18
2025091805000105,RAWA,32,86,10.0,748.4,7484.0,2025-09-18
2025091803000154,SJLIC,35,38,300.0,418.0,125400.0,2025-09-18
2025091801000110,NMIC,96,34,10.0,1180.1,11801.0,2025-09-18
2025091803000153,SMFBS,42,41,30.0,1646.4,49392.0,2025-09-18
2025091803000152,DDBL,98,45,100.0,844.1,84410.0,2025-09-18
2025091803000151,NLIC,42,49,339.0,755.0,255945.0,2025-09-18
2025091803000150,NLIC,42,17,500.0,755.0,377500.0,2025-09-18
2025091803000149,NLIC,42,11,419.0,755.0,316345.0,2025-09-18
2025091803000148,NLIC,42,45,500.0,754.0,377000.0,2025-09-18
2025091803000147,NLIC,42,55,22.0,753.8,16583.6,2025-09-18
2025091803000146,NLIC,42,1,220.0,753.8,165836.0,2025-09-18
2025091803000145,NADEP,48,32,68.0,766.2,52101.6,2025-09-18
2025091803000144,DDBL,80,45,100.0,844.1,84410.0,2025-09-18
2025091803000143,SJLIC,22,38,35.0,418.0,14630.0,2025-09-18
2025091803000142,SJLIC,22,58,10.0,417.8,4178.0,2025-09-18
2025091803000141,SJLIC,22,51,10.0,417.8,4178.0,2025-09-18
2025091803000140,SJLIC,22,41,10.0,417.8,4178.0,2025-09-18
2025091803000139,NLIC,32,6,200.0,753.8,150760.0,2025-09-18
2025091803000138,NLIC,32,20,70.0,753.8,52766.0,2025-09-18
2025091803000137,MATRI,35,49,12.0,990.0,11880.0,2025-09-18
2025091803000136,MATRI,35,42,80.0,977.0,78160.0,2025-09-18
2025091804000198,UMHL,57,22,100.0,564.0,56400.0,2025-09-18
2025091803000135,SJLIC,42,19,50.0,417.8,20890.0,2025-09-18
2025091803000134,SHINE,45,13,200.0,406.5,81300.0,2025-09-18
2025091804000197,SHEL,81,38,170.0,298.0,50660.0,2025-09-18
2025091803000133,GBBL,45,1,200.0,418.0,83600.0,2025-09-18
2025091804000196,SHEL,81,58,830.0,298.0,247340.0,2025-09-18
2025091803000132,SKBBL,52,17,182.0,864.3,157302.6,2025-09-18
2025091803000131,SKBBL,52,98,100.0,864.3,86430.0,2025-09-18
2025091804000195,SPIL,80,96,248.0,792.0,196416.0,2025-09-18
2025091803000130,SKBBL,52,99,40.0,864.3,34572.0,2025-09-18
2025091804000194,SPIL,80,34,200.0,792.0,158400.0,2025-09-18
2025091803000129,GBBL,52,1,53.0,418.0,22154.0,2025-09-18
2025091803000128,GBBL,52,42,500.0,418.0,209000.0,2025-09-18
2025091804000193,SPIL,80,45,40.0,792.0,31680.0,2025-09-18
2025091803000127,GBBL,52,47,111.0,418.0,46398.0,2025-09-18
2025091804000192,UPCL,57,84,300.0,405.0,121500.0,2025-09-18
2025091803000126,BFC,49,45,20.0,455.8,9116.0,2025-09-18
2025091804000191,NLG,70,60,50.0,773.7,38685.0,2025-09-18
2025091803000125,NLIC,51,20,20.0,753.8,15076.0,2025-09-18
2025091804000190,AKJCL,68,42,365.0,188.0,68620.0,2025-09-18
2025091804000189,AKJCL,68,42,135.0,188.0,25380.0,2025-09-18
2025091804000188,CHCL,4,26,20.0,490.0,9800.0,2025-09-18
2025091804000187,CHCL,8,26,30.0,490.0,14700.0,2025-09-18
2025091804000186,UPPER,13,14,500.0,182.0,91000.0,2025-09-18
2025091803000124,HLI,45,36,12.0,385.8,4629.6,2025-09-18
2025091804000185,UPPER,38,14,50.0,182.0,9100.0,2025-09-18
2025091803000123,HLI,45,42,12.0,385.8,4629.6,2025-09-18
2025091803000122,HLI,45,51,79.0,385.8,30478.2,2025-09-18
2025091804000184,UPPER,38,25,32.0,181.0,5792.0,2025-09-18
2025091803000121,HLI,45,25,12.0,385.8,4629.6,2025-09-18
2025091803000120,HLI,45,7,100.0,385.8,38580.0,2025-09-18
2025091804000183,SICL,38,17,10.0,712.2,7122.0,2025-09-18
2025091803000119,HLI,45,34,13.0,385.8,5015.4,2025-09-18
2025091803000118,HLI,45,45,148.0,385.8,57098.4,2025-09-18
2025091803000117,HLI,45,22,106.0,385.8,40894.8,2025-09-18
2025091804000182,NICL,44,41,40.0,571.6,22864.0,2025-09-18
2025091803000116,NLICL,42,49,80.0,568.2,45456.0,2025-09-18
2025091804000181,UPPER,43,25,368.0,181.0,66608.0,2025-09-18
2025091804000180,UPPER,43,55,132.0,180.0,23760.0,2025-09-18
2025091803000115,MNBBL,58,74,100.0,430.0,43000.0,2025-09-18
2025091803000114,GBBL,45,47,63.0,418.0,26334.0,2025-09-18
2025091804000179,CHCL,6,16,100.0,488.0,48800.0,2025-09-18
2025091803000113,GBBL,45,47,50.0,418.0,20900.0,2025-09-18
2025091804000178,CHCL,6,1,200.0,487.5,97500.0,2025-09-18
2025091804000177,CHCL,6,49,120.0,487.5,58500.0,2025-09-18
2025091803000112,GBBL,45,29,307.0,418.0,128326.0,2025-09-18
2025091803000111,GBBL,45,58,80.0,418.0,33440.0,2025-09-18
2025091803000110,ALICL,45,14,20.0,462.8,9256.0,2025-09-18
2025091804000176,OHL,29,5,20.0,759.3,15186.0,2025-09-18
2025091803000109,ALICL,45,39,80.0,462.8,37024.0,2025-09-18
2025091803000108,NLIC,38,20,10.0,753.8,7538.0,2025-09-18
2025091804000175,CHCL,34,49,50.0,487.5,24375.0,2025-09-18
2025091804000174,TRH,35,56,50.0,897.2,44860.0,2025-09-18
2025091804000173,UPPER,64,55,178.0,180.0,32040.0,2025-09-18
2025091803000107,NLIC,38,56,10.0,753.8,7538.0,2025-09-18
2025091804000172,UPPER,64,47,700.0,180.0,126000.0,2025-09-18
2025091804000171,UPPER,64,17,200.0,180.0,36000.0,2025-09-18
2025091804000170,UPPER,64,49,922.0,180.0,165960.0,2025-09-18
2025091803000106,SADBL,49,52,500.0,407.9,203950.0,2025-09-18
2025091804000169,UPPER,57,49,100.0,180.0,18000.0,2025-09-18
2025091805000104,IHL,59,36,150.0,540.23,81034.5,2025-09-18
2025091804000168,UAIL,57,26,30.0,501.9,15057.0,2025-09-18
2025091803000105,BFC,49,45,20.0,455.8,9116.0,2025-09-18
2025091804000167,SICL,38,17,10.0,712.2,7122.0,2025-09-18
2025091804000166,UNHPL,43,43,732.0,454.7,332840.4,2025-09-18
2025091804000165,UNHPL,43,99,198.0,454.7,90030.6,2025-09-18
2025091804000164,UNHPL,43,35,620.0,454.7,281914.0,2025-09-18
2025091804000163,NLG,42,60,100.0,773.7,77370.0,2025-09-18
2025091804000162,OHL,49,5,10.0,759.3,7593.0,2025-09-18
2025091804000161,SGIC,34,13,277.0,535.5,148333.5,2025-09-18
2025091804000160,GHL,48,49,200.0,212.9,42580.0,2025-09-18
2025091804000159,GHL,48,28,1000.0,212.9,212900.0,2025-09-18
2025091804000158,GHL,48,42,150.0,212.9,31935.0,2025-09-18
2025091804000157,SHPC,98,86,75.0,527.5,39562.5,2025-09-18
2025091804000156,HURJA,96,42,317.0,217.6,68979.2,2025-09-18
2025091801000109,SARBTM,42,7,10.0,875.0,8750.0,2025-09-18
2025091805000103,BEDC,94,8,500.0,611.2,305600.0,2025-09-18
2025091805000102,BEDC,52,8,70.0,611.2,42784.0,2025-09-18
2025091801000108,NWCL,13,22,50.0,825.7,41285.0,2025-09-18
2025091805000101,MAKAR,49,36,20.0,555.0,11100.0,2025-09-18
2025091805000100,MAKAR,41,36,100.0,555.0,55500.0,2025-09-18
2025091805000099,MAKAR,41,36,400.0,555.0,222000.0,2025-09-18
2025091805000098,SMJC,41,51,10.0,526.5,5265.0,2025-09-18
2025091801000107,SNLI,6,56,14.0,445.0,6230.0,2025-09-18
2025091805000097,TAMOR,50,35,350.0,486.0,170100.0,2025-09-18
2025091805000096,TAMOR,50,13,150.0,486.0,72900.0,2025-09-18
2025091805000095,TAMOR,49,13,50.0,486.0,24300.0,2025-09-18
2025091805000094,AHL,34,6,10.0,617.0,6170.0,2025-09-18
2025091805000093,SPL,80,6,50.0,888.5,44425.0,2025-09-18
2025091805000092,SPL,80,57,30.0,888.5,26655.0,2025-09-18
2025091801000106,AVYAN,34,47,10.0,1013.3,10133.0,2025-09-18
2025091801000105,HIDCLP,59,6,20.0,191.0,3820.0,2025-09-18
2025091801000104,HIDCLP,59,57,490.0,191.0,93590.0,2025-09-18
2025091801000103,HIDCLP,59,54,1000.0,191.0,191000.0,2025-09-18
2025091801000102,HIDCLP,59,45,1000.0,191.0,191000.0,2025-09-18
2025091801000101,HIDCLP,59,58,2320.0,191.0,443120.0,2025-09-18
2025091801000100,HIDCLP,63,58,30.0,191.0,5730.0,2025-09-18
2025091801000099,HIDCLP,49,58,50.0,191.0,9550.0,2025-09-18
2025091804000155,RURU,59,98,20.0,695.9,13918.0,2025-09-18
2025091804000154,RURU,58,98,100.0,695.9,69590.0,2025-09-18
2025091804000153,SHEL,44,58,300.0,302.1,90630.0,2025-09-18
2025091804000152,SHEL,44,44,200.0,302.1,60420.0,2025-09-18
2025091804000151,SHEL,1,44,50.0,302.1,15105.0,2025-09-18
2025091804000150,SHEL,1,39,450.0,302.1,135945.0,2025-09-18
2025091804000149,SHEL,1,17,400.0,302.1,120840.0,2025-09-18
2025091804000148,SHEL,1,48,50.0,302.1,15105.0,2025-09-18
2025091804000147,SHEL,1,56,50.0,302.1,15105.0,2025-09-18
2025091805000091,RHGCL,50,36,1070.0,254.0,271780.0,2025-09-18
2025091805000090,RHGCL,50,25,100.0,254.0,25400.0,2025-09-18
2025091805000089,RHGCL,50,13,500.0,254.0,127000.0,2025-09-18
2025091805000088,RHGCL,50,7,250.0,254.0,63500.0,2025-09-18
2025091803000104,PMLI,6,40,30.0,481.2,14436.0,2025-09-18
2025091803000103,PMLI,29,40,150.0,481.2,72180.0,2025-09-18
2025091803000102,PMLI,41,40,10.0,481.2,4812.0,2025-09-18
2025091803000101,NICLBSL,29,41,100.0,564.0,56400.0,2025-09-18
2025091801000098,CYCL,33,66,27.0,1596.3,43100.1,2025-09-18
2025091804000146,CGH,44,1,98.0,1005.0,98490.0,2025-09-18
2025091801000097,CYCL,33,11,13.0,1596.3,20751.9,2025-09-18
2025091804000145,CGH,44,43,150.0,1005.0,150750.0,2025-09-18
2025091804000144,CGH,44,54,100.0,1005.0,100500.0,2025-09-18
2025091804000143,CGH,44,42,200.0,1005.0,201000.0,2025-09-18
2025091804000142,CGH,44,95,100.0,1005.0,100500.0,2025-09-18
2025091804000141,CGH,44,60,310.0,1005.0,311550.0,2025-09-18
2025091804000140,CGH,44,32,100.0,1005.0,100500.0,2025-09-18
2025091803000100,SAPDBL,33,48,15.0,761.6,11424.0,2025-09-18
2025091803000099,SAPDBL,33,29,200.0,761.6,152320.0,2025-09-18
2025091803000098,SAPDBL,33,13,30.0,761.6,22848.0,2025-09-18
2025091803000097,SAPDBL,33,45,185.0,761.6,140896.0,2025-09-18
2025091803000096,SAPDBL,33,45,20.0,761.6,15232.0,2025-09-18
2025091804000139,UMRH,58,16,100.0,587.7,58770.0,2025-09-18
2025091805000087,MHL,56,39,40.0,479.7,19188.0,2025-09-18
2025091805000086,MHL,56,58,10.0,479.7,4797.0,2025-09-18
2025091804000138,MEN,34,34,10.0,602.1,6021.0,2025-09-18
2025091804000137,MEN,57,34,10.0,602.1,6021.0,2025-09-18
2025091804000136,MEN,58,34,100.0,602.1,60210.0,2025-09-18
2025091803000095,GLBSL,58,84,10.0,2018.0,20180.0,2025-09-18
2025091804000135,SGIC,7,13,10.0,535.5,5355.0,2025-09-18
2025091805000085,HHL,41,45,15.0,338.4,5076.0,2025-09-18
2025091805000084,HHL,62,45,35.0,338.4,11844.0,2025-09-18
2025091805000083,HHL,62,33,15.0,338.4,5076.0,2025-09-18
2025091805000082,HHL,49,33,15.0,338.4,5076.0,2025-09-18
2025091805000081,HHL,62,33,50.0,338.4,16920.0,2025-09-18
2025091804000134,SSHL,43,42,380.0,170.5,64790.0,2025-09-18
2025091804000133,SSHL,6,42,50.0,170.5,8525.0,2025-09-18
2025091804000132,SSHL,59,42,40.0,170.5,6820.0,2025-09-18
2025091804000131,SSHL,63,42,30.0,170.5,5115.0,2025-09-18
2025091804000130,SSHL,54,42,500.0,170.5,85250.0,2025-09-18
2025091804000129,SSHL,54,42,50.0,170.5,8525.0,2025-09-18
2025091804000128,SSHL,54,52,200.0,170.5,34100.0,2025-09-18
2025091803000094,SLBSL,56,1,10.0,1470.0,14700.0,2025-09-18
2025091804000127,LEC,34,42,500.0,206.7,103350.0,2025-09-18
2025091804000126,LEC,49,42,20.0,206.7,4134.0,2025-09-18
2025091804000125,LEC,14,42,200.0,206.7,41340.0,2025-09-18
2025091803000093,ACLBSL,29,13,50.0,996.4,49820.0,2025-09-18
2025091804000124,HDHPC,1,17,150.0,178.0,26700.0,2025-09-18
2025091804000123,HDHPC,1,58,350.0,178.0,62300.0,2025-09-18
2025091801000096,SRLI,6,22,19.0,384.1,7297.9,2025-09-18
2025091801000095,SRLI,66,22,41.0,384.1,15748.1,2025-09-18
2025091804000122,HDHPC,48,58,50.0,178.0,8900.0,2025-09-18
2025091804000121,HDHPC,48,47,150.0,178.0,26700.0,2025-09-18
2025091801000094,SRLI,28,22,10.0,384.1,3841.0,2025-09-18
2025091804000120,HDHPC,41,47,360.0,178.0,64080.0,2025-09-18
2025091804000119,HDHPC,41,17,400.0,178.0,71200.0,2025-09-18
2025091804000118,HDHPC,41,38,240.0,178.0,42720.0,2025-09-18
2025091804000117,HDHPC,63,38,13.0,178.0,2314.0,2025-09-18
2025091804000116,HDHPC,14,38,20.0,178.0,3560.0,2025-09-18
2025091804000115,HDHPC,63,38,17.0,178.0,3026.0,2025-09-18
2025091804000114,HDHPC,39,38,10.0,178.0,1780.0,2025-09-18
2025091805000080,DORDI,41,58,20.0,232.1,4642.0,2025-09-18
2025091805000079,DORDI,41,50,60.0,232.1,13926.0,2025-09-18
2025091805000078,DORDI,26,50,10.0,232.1,2321.0,2025-09-18
2025091805000077,DORDI,42,50,30.0,232.1,6963.0,2025-09-18
2025091805000076,DORDI,42,42,20.0,232.1,4642.0,2025-09-18
2025091805000075,DORDI,42,16,100.0,232.1,23210.0,2025-09-18
2025091805000074,DORDI,42,33,50.0,232.1,11605.0,2025-09-18
2025091805000073,DORDI,45,33,150.0,232.1,34815.0,2025-09-18
2025091803000092,WNLB,42,34,46.0,1945.4,89488.4,2025-09-18
2025091803000091,WNLB,57,34,5.0,1945.4,9727.0,2025-09-18
2025091803000090,WNLB,57,57,5.0,1945.4,9727.0,2025-09-18
2025091803000089,WNLB,51,57,15.0,1945.4,29181.0,2025-09-18
2025091804000113,SJCL,13,40,500.0,283.4,141700.0,2025-09-18
2025091805000072,RFPL,49,16,20.0,340.0,6800.0,2025-09-18
2025091805000071,RFPL,34,16,45.0,340.0,15300.0,2025-09-18
2025091805000070,BHL,63,40,50.0,180.5,9025.0,2025-09-18
2025091805000069,BHL,6,40,33.0,180.5,5956.5,2025-09-18
2025091805000068,BHL,6,98,17.0,180.5,3068.5,2025-09-18
2025091805000067,BHL,57,98,483.0,180.5,87181.5,2025-09-18
2025091805000066,BHL,57,57,75.0,180.5,13537.5,2025-09-18
2025091805000065,BHL,57,45,1092.0,180.5,197106.0,2025-09-18
2025091801000093,JBLB,56,6,20.0,1390.0,27800.0,2025-09-18
2025091805000064,BHL,56,45,100.0,180.5,18050.0,2025-09-18
2025091805000063,BHL,45,45,100.0,180.5,18050.0,2025-09-18
2025091805000062,BHL,49,45,208.0,180.5,37544.0,2025-09-18
2025091805000061,BHL,49,38,197.0,180.5,35558.5,2025-09-18
2025091805000060,BHL,49,38,40.0,180.5,7220.0,2025-09-18
2025091805000059,BHL,83,38,23.0,180.5,4151.5,2025-09-18
2025091805000058,BHL,39,38,10.0,180.5,1805.0,2025-09-18
2025091804000112,UNHPL,13,35,380.0,454.7,172786.0,2025-09-18
2025091804000111,UNHPL,13,5,590.0,454.7,268273.0,2025-09-18
2025091804000110,UNHPL,13,58,30.0,454.7,13641.0,2025-09-18
2025091804000109,UNHPL,99,58,10.0,454.7,4547.0,2025-09-18
2025091803000088,FOWAD,57,34,20.0,1067.7,21354.0,2025-09-18
2025091805000057,GVL,52,97,500.0,515.3,257650.0,2025-09-18
2025091803000087,RSDC,19,17,40.0,658.3,26332.0,2025-09-18
2025091804000108,HURJA,49,42,100.0,217.6,21760.0,2025-09-18
2025091804000107,HURJA,13,42,30.0,217.6,6528.0,2025-09-18
2025091804000106,HURJA,49,42,18.0,217.6,3916.8,2025-09-18
2025091804000105,HURJA,29,42,295.0,217.6,64192.0,2025-09-18
2025091804000104,HURJA,29,69,10.0,217.6,2176.0,2025-09-18
2025091803000086,GRDBL,34,34,10.0,990.0,9900.0,2025-09-18
2025091803000085,GRDBL,34,34,10.0,990.0,9900.0,2025-09-18
2025091803000084,GRDBL,58,34,15.0,990.0,14850.0,2025-09-18
2025091804000103,MHNL,58,39,15.0,245.0,3675.0,2025-09-18
2025091804000102,MHNL,35,39,10.0,245.0,2450.0,2025-09-18
2025091805000056,BNHC,80,84,600.0,469.9,281940.0,2025-09-18
2025091805000055,BNHC,80,84,100.0,469.9,46990.0,2025-09-18
2025091805000054,BNHC,80,84,10.0,469.9,4699.0,2025-09-18
2025091805000053,BNHC,80,34,90.0,469.9,42291.0,2025-09-18
2025091803000083,GILB,49,34,20.0,1225.0,24500.0,2025-09-18
2025091804000101,UPCL,62,84,80.0,405.0,32400.0,2025-09-18
2025091804000100,UPCL,17,84,100.0,405.0,40500.0,2025-09-18
2025091804000099,UPCL,58,84,40.0,405.0,16200.0,2025-09-18
2025091804000098,UPCL,7,84,18.0,405.0,7290.0,2025-09-18
2025091804000097,UPCL,48,84,6223.0,405.0,2520315.0,2025-09-18
2025091804000096,UPCL,48,35,20.0,405.0,8100.0,2025-09-18
2025091804000095,UPCL,48,6,20.0,405.0,8100.0,2025-09-18
2025091804000094,UPCL,48,40,200.0,405.0,81000.0,2025-09-18
2025091804000093,UPCL,48,34,537.0,405.0,217485.0,2025-09-18
2025091804000092,UPCL,19,34,12.0,405.0,4860.0,2025-09-18
2025091804000091,UPCL,19,34,12.0,405.0,4860.0,2025-09-18
2025091804000090,UPCL,42,34,800.0,405.0,324000.0,2025-09-18
2025091804000089,UPCL,54,34,20.0,405.0,8100.0,2025-09-18
2025091804000088,UPCL,43,34,200.0,405.0,81000.0,2025-09-18
2025091804000087,UPCL,34,34,100.0,405.0,40500.0,2025-09-18
2025091804000086,UPCL,74,34,319.0,405.0,129195.0,2025-09-18
2025091804000085,UPCL,74,99,181.0,405.0,73305.0,2025-09-18
2025091804000084,UPCL,48,99,20.0,405.0,8100.0,2025-09-18
2025091804000083,UPCL,58,99,206.0,405.0,83430.0,2025-09-18
2025091804000082,UPCL,58,99,30.0,405.0,12150.0,2025-09-18
2025091804000081,UPCL,41,99,50.0,405.0,20250.0,2025-09-18
2025091804000080,GHL,16,42,50.0,212.9,10645.0,2025-09-18
2025091804000079,GHL,32,42,200.0,212.9,42580.0,2025-09-18
2025091803000082,HLBSL,41,38,10.0,937.0,9370.0,2025-09-18
2025091804000078,UPPER,45,49,108.0,180.0,19440.0,2025-09-18
2025091804000077,UPPER,38,49,50.0,180.0,9000.0,2025-09-18
2025091804000076,UPPER,38,47,500.0,180.0,90000.0,2025-09-18
2025091804000075,UPPER,43,13,600.0,180.0,108000.0,2025-09-18
2025091804000074,UPPER,43,52,400.0,180.0,72000.0,2025-09-18
2025091804000073,UPPER,56,34,50.0,180.0,9000.0,2025-09-18
2025091804000072,UPPER,22,34,136.0,180.0,24480.0,2025-09-18
2025091804000071,UPPER,99,34,10.0,180.0,1800.0,2025-09-18
2025091803000081,MLBBL,8,41,30.0,1439.7,43191.0,2025-09-18
2025091803000080,KMCDB,4,34,37.0,1020.7,37765.9,2025-09-18
2025091803000079,KMCDB,4,7,13.0,1020.7,13269.1,2025-09-18
2025091804000070,AKJCL,48,42,200.0,188.0,37600.0,2025-09-18
2025091804000069,AKJCL,13,42,50.0,188.0,9400.0,2025-09-18
2025091804000068,AKJCL,41,42,115.0,188.0,21620.0,2025-09-18
2025091804000067,AKJCL,41,39,1000.0,188.0,188000.0,2025-09-18
2025091804000066,AKJCL,41,25,125.0,188.0,23500.0,2025-09-18
2025091804000065,AKJCL,41,34,500.0,188.0,94000.0,2025-09-18
2025091804000064,AKJCL,41,40,250.0,188.0,47000.0,2025-09-18
2025091804000063,AKJCL,41,69,10.0,188.0,1880.0,2025-09-18
2025091803000078,RLFL,54,38,20.0,445.0,8900.0,2025-09-18
2025091804000062,KPCL,94,14,100.0,532.0,53200.0,2025-09-18
2025091805000052,SAHAS,82,34,211.0,608.5,128393.5,2025-09-18
2025091805000051,SAHAS,82,40,50.0,608.5,30425.0,2025-09-18
2025091805000050,SAHAS,82,56,10.0,608.5,6085.0,2025-09-18
2025091805000049,SAHAS,82,17,250.0,608.5,152125.0,2025-09-18
2025091803000077,SKBBL,57,99,10.0,864.3,8643.0,2025-09-18
2025091805000048,SAHAS,82,34,100.0,608.5,60850.0,2025-09-18
2025091805000047,SAHAS,82,41,1879.0,608.5,1143371.5,2025-09-18
2025091803000076,SKBBL,32,99,100.0,864.3,86430.0,2025-09-18
2025091805000046,SAHAS,57,41,11.0,608.5,6693.5,2025-09-18
2025091805000045,SAHAS,51,41,100.0,608.5,60850.0,2025-09-18
2025091803000075,SKBBL,32,99,50.0,864.3,43215.0,2025-09-18
2025091805000044,SAHAS,99,41,10.0,608.5,6085.0,2025-09-18
2025091804000061,RADHI,52,97,500.0,737.1,368550.0,2025-09-18
2025091804000060,RADHI,34,97,10.0,737.1,7371.0,2025-09-18
2025091803000074,SINDU,7,5,20.0,690.0,13800.0,2025-09-18
2025091803000073,SINDU,7,37,20.0,690.0,13800.0,2025-09-18
2025091805000043,MKJC,71,75,100.0,587.4,58740.0,2025-09-18
2025091804000059,HPPL,8,39,100.0,456.7,45670.0,2025-09-18
2025091803000072,MFIL,8,1,100.0,655.0,65500.0,2025-09-18
2025091804000058,CHL,49,52,50.0,242.0,12100.0,2025-09-18
2025091804000057,CHL,58,52,80.0,242.0,19360.0,2025-09-18
2025091804000056,CHL,35,52,10.0,242.0,2420.0,2025-09-18
2025091804000055,UMHL,41,22,10.0,565.0,5650.0,2025-09-18
2025091804000054,UMHL,91,22,500.0,565.0,282500.0,2025-09-18
2025091804000053,UMHL,71,22,745.0,565.0,420925.0,2025-09-18
2025091804000052,UMHL,71,32,400.0,565.0,226000.0,2025-09-18
2025091804000051,UMHL,71,58,55.0,565.0,31075.0,2025-09-18
2025091803000071,MNBBL,41,74,100.0,430.0,43000.0,2025-09-18
2025091803000070,MNBBL,45,74,100.0,430.0,43000.0,2025-09-18
2025091803000069,MNBBL,29,74,150.0,430.0,64500.0,2025-09-18
2025091803000068,MNBBL,43,74,96.0,430.0,41280.0,2025-09-18
2025091803000067,MNBBL,43,45,4.0,430.0,1720.0,2025-09-18
2025091803000066,MNBBL,96,45,15.0,430.0,6450.0,2025-09-18
2025091803000065,MNBBL,34,45,164.0,430.0,70520.0,2025-09-18
2025091803000064,MNBBL,34,38,347.0,430.0,149210.0,2025-09-18
2025091803000063,MNBBL,58,38,40.0,430.0,17200.0,2025-09-18
2025091803000062,MNBBL,38,38,13.0,430.0,5590.0,2025-09-18
2025091803000061,MNBBL,38,11,37.0,430.0,15910.0,2025-09-18
2025091803000060,MNBBL,58,11,50.0,430.0,21500.0,2025-09-18
2025091803000059,MNBBL,10,11,37.0,430.0,15910.0,2025-09-18
2025091803000058,MNBBL,10,17,63.0,430.0,27090.0,2025-09-18
2025091803000057,MNBBL,32,17,37.0,430.0,15910.0,2025-09-18
2025091803000056,MNBBL,32,1,550.0,430.0,236500.0,2025-09-18
2025091803000055,MNBBL,32,49,88.0,430.0,37840.0,2025-09-18
2025091803000054,MNBBL,32,38,325.0,430.0,139750.0,2025-09-18
2025091803000053,MNBBL,1,38,25.0,430.0,10750.0,2025-09-18
2025091803000052,MNBBL,58,38,25.0,430.0,10750.0,2025-09-18
2025091803000051,MNBBL,58,38,15.0,430.0,6450.0,2025-09-18
2025091803000050,MNBBL,41,38,100.0,430.0,43000.0,2025-09-18
2025091803000049,MNBBL,99,38,10.0,430.0,4300.0,2025-09-18
2025091803000048,MNBBL,29,38,500.0,430.0,215000.0,2025-09-18
2025091804000050,SPDL,56,7,30.0,395.0,11850.0,2025-09-18
2025091804000049,SPDL,58,7,50.0,395.0,19750.0,2025-09-18
2025091804000048,SPDL,58,45,50.0,395.0,19750.0,2025-09-18
2025091803000047,SHINE,96,13,25.0,410.1,10252.5,2025-09-18
2025091803000046,SHINE,58,13,100.0,410.1,41010.0,2025-09-18
2025091805000042,CHDC,41,37,25.0,2431.2,60780.0,2025-09-18
2025091805000041,CHDC,8,37,10.0,2431.2,24312.0,2025-09-18
2025091805000040,CHDC,59,37,300.0,2431.2,729360.0,2025-09-18
2025091804000047,AKPL,10,41,200.0,247.7,49540.0,2025-09-18
2025091803000045,MPFL,5,13,50.0,555.0,27750.0,2025-09-18
2025091804000046,KKHC,19,56,70.0,230.0,16100.0,2025-09-18
2025091803000044,KSBBL,82,34,700.0,513.1,359170.0,2025-09-18
2025091804000045,KKHC,19,25,30.0,230.0,6900.0,2025-09-18
2025091803000043,KSBBL,82,38,1500.0,513.1,769650.0,2025-09-18
2025091803000042,KSBBL,82,28,300.0,513.1,153930.0,2025-09-18
2025091803000041,KSBBL,38,28,100.0,513.1,51310.0,2025-09-18
2025091803000040,KSBBL,38,28,100.0,513.1,51310.0,2025-09-18
2025091801000092,NBL,6,13,86.0,242.0,20812.0,2025-09-18
2025091801000091,NBL,6,34,500.0,242.0,121000.0,2025-09-18
2025091801000090,NBL,6,49,300.0,242.0,72600.0,2025-09-18
2025091801000089,NBL,6,17,500.0,242.0,121000.0,2025-09-18
2025091801000088,NBL,6,41,50.0,242.0,12100.0,2025-09-18
2025091801000087,NBL,6,42,103.0,242.0,24926.0,2025-09-18
2025091801000086,NBL,6,29,392.0,242.0,94864.0,2025-09-18
2025091801000085,NBL,6,17,69.0,242.0,16698.0,2025-09-18
2025091801000084,NBL,17,17,10.0,242.0,2420.0,2025-09-18
2025091801000083,NBL,58,17,144.0,242.0,34848.0,2025-09-18
2025091801000082,NBL,58,17,166.0,242.0,40172.0,2025-09-18
2025091801000081,NBL,22,17,101.0,242.0,24442.0,2025-09-18
2025091801000080,NBL,45,17,10.0,242.0,2420.0,2025-09-18
2025091804000044,NGPL,41,98,10.0,391.0,3910.0,2025-09-18
2025091803000039,JBBL,49,39,20.0,320.0,6400.0,2025-09-18
2025091805000039,NIFRA,8,42,50.0,264.7,13235.0,2025-09-18
2025091805000038,NIFRA,52,42,500.0,264.7,132350.0,2025-09-18
2025091805000037,NIFRA,6,42,401.0,264.7,106144.7,2025-09-18
2025091805000036,NIFRA,6,45,599.0,264.7,158555.3,2025-09-18
2025091805000035,NIFRA,77,45,100.0,264.7,26470.0,2025-09-18
2025091805000034,NIFRA,7,45,100.0,264.7,26470.0,2025-09-18
2025091801000079,ADBL,91,17,100.0,310.9,31090.0,2025-09-18
2025091801000078,ADBL,42,17,50.0,310.9,15545.0,2025-09-18
2025091804000043,API,14,53,200.0,281.6,56320.0,2025-09-18
2025091803000038,GBBL,58,58,20.0,418.0,8360.0,2025-09-18
2025091801000077,PCBL,74,50,200.0,244.0,48800.0,2025-09-18
2025091801000076,PCBL,74,50,200.0,244.0,48800.0,2025-09-18
2025091804000042,BARUN,94,16,200.0,309.4,61880.0,2025-09-18
2025091804000041,BARUN,94,7,400.0,309.4,123760.0,2025-09-18
2025091804000040,BARUN,19,7,40.0,309.4,12376.0,2025-09-18
2025091804000039,BARUN,41,7,10.0,309.4,3094.0,2025-09-18
2025091804000038,BARUN,49,7,50.0,309.4,15470.0,2025-09-18
2025091804000037,BARUN,19,7,100.0,309.4,30940.0,2025-09-18
2025091803000037,SJLIC,42,19,50.0,418.0,20900.0,2025-09-18
2025091801000075,CZBIL,41,38,100.0,200.5,20050.0,2025-09-18
2025091801000074,CZBIL,14,38,20.0,200.5,4010.0,2025-09-18
2025091805000033,NRN,59,33,300.0,1995.0,598500.0,2025-09-18
2025091805000032,NRN,59,33,200.0,1995.0,399000.0,2025-09-18
2025091803000036,NMLBBL,51,28,50.0,626.2,31310.0,2025-09-18
2025091803000035,NMLBBL,41,28,10.0,626.2,6262.0,2025-09-18
2025091804000036,SHPC,50,6,300.0,527.1,158130.0,2025-09-18
2025091804000035,SHPC,50,42,10.0,527.1,5271.0,2025-09-18
2025091804000034,SHPC,57,42,100.0,527.1,52710.0,2025-09-18
2025091801000073,GBIME,41,17,100.0,240.1,24010.0,2025-09-18
2025091801000072,GBIME,26,17,50.0,240.1,12005.0,2025-09-18
2025091801000071,GBIME,14,17,20.0,240.1,4802.0,2025-09-18
2025091803000034,HLI,14,22,135.0,385.8,52083.0,2025-09-18
2025091803000033,HLI,45,22,19.0,385.8,7330.2,2025-09-18
2025091801000070,GBIME,99,17,10.0,240.1,2401.0,2025-09-18
2025091803000032,HLI,6,22,15.0,385.8,5787.0,2025-09-18
2025091803000031,HLI,1,22,11.0,385.8,4243.8,2025-09-18
2025091803000030,HLI,29,22,10.0,385.8,3858.0,2025-09-18
2025091803000029,HLI,29,38,190.0,385.8,73302.0,2025-09-18
2025091803000028,HLI,49,38,25.0,385.8,9645.0,2025-09-18
2025091803000027,ALICL,6,39,20.0,462.8,9256.0,2025-09-18
2025091803000026,ALICL,45,39,100.0,462.8,46280.0,2025-09-18
2025091804000033,AHPC,41,57,367.0,277.0,101659.0,2025-09-18
2025091804000032,AHPC,41,16,150.0,277.0,41550.0,2025-09-18
2025091804000031,AHPC,41,38,33.0,277.0,9141.0,2025-09-18
2025091804000030,AHPC,1,38,18.0,277.0,4986.0,2025-09-18
2025091804000029,AHPC,1,46,300.0,277.0,83100.0,2025-09-18
2025091804000028,AHPC,1,58,182.0,277.0,50414.0,2025-09-18
2025091804000027,AHPC,50,58,638.0,277.0,176726.0,2025-09-18
2025091804000026,AHPC,50,29,222.0,277.0,61494.0,2025-09-18
2025091804000025,AHPC,50,39,140.0,277.0,38780.0,2025-09-18
2025091804000024,AHPC,54,39,50.0,277.0,13850.0,2025-09-18
2025091804000023,AHPC,56,39,10.0,277.0,2770.0,2025-09-18
2025091804000022,AHPC,56,26,40.0,277.0,11080.0,2025-09-18
2025091804000021,AHPC,38,26,10.0,277.0,2770.0,2025-09-18
2025091801000069,PRVU,32,42,300.0,201.3,60390.0,2025-09-18
2025091801000068,PRVU,48,42,100.0,201.3,20130.0,2025-09-18
2025091801000067,PRVU,48,42,200.0,201.3,40260.0,2025-09-18
2025091801000066,PRVU,29,42,50.0,201.3,10065.0,2025-09-18
2025091801000065,PRVU,29,42,50.0,201.3,10065.0,2025-09-18
2025091805000031,NMB50,58,43,2000.0,9.92,19840.0,2025-09-18
2025091801000064,NMB,36,4,5.0,248.0,1240.0,2025-09-18
2025091801000063,NMB,36,22,10.0,248.0,2480.0,2025-09-18
2025091803000025,LBBL,10,67,46.0,511.9,23547.4,2025-09-18
2025091803000024,LBBL,52,67,500.0,511.9,255950.0,2025-09-18
2025091803000023,LBBL,49,67,25.0,511.9,12797.5,2025-09-18
2025091803000022,LBBL,99,67,10.0,511.9,5119.0,2025-09-18
2025091804000020,IGI,34,58,10.0,524.7,5247.0,2025-09-18
2025091803000021,SWBBL,45,34,50.0,807.0,40350.0,2025-09-18
2025091801000062,SANIMA,63,17,30.0,361.0,10830.0,2025-09-18
2025091804000019,PRIN,57,33,35.0,737.9,25826.5,2025-09-18
2025091804000018,PRIN,26,33,200.0,737.9,147580.0,2025-09-18
2025091805000030,SHIVM,25,67,57.0,567.5,32347.5,2025-09-18
2025091805000029,SHIVM,16,67,50.0,567.5,28375.0,2025-09-18
2025091805000028,SHIVM,32,67,100.0,567.5,56750.0,2025-09-18
2025091805000027,SHIVM,58,67,20.0,567.5,11350.0,2025-09-18
2025091805000026,SHIVM,58,67,100.0,567.5,56750.0,2025-09-18
2025091805000025,SHIVM,58,67,100.0,567.5,56750.0,2025-09-18
2025091801000061,SBL,82,47,4000.0,365.0,1460000.0,2025-09-18
2025091803000020,JFL,57,62,20.0,436.0,8720.0,2025-09-18
2025091803000019,JFL,57,49,90.0,436.0,39240.0,2025-09-18
2025091803000018,JFL,49,49,20.0,436.0,8720.0,2025-09-18
2025091801000060,KBL,57,17,20.0,190.5,3810.0,2025-09-18
2025091801000059,KBL,38,17,95.0,190.5,18097.5,2025-09-18
2025091801000058,KBL,38,50,105.0,190.5,20002.5,2025-09-18
2025091801000057,KBL,16,50,50.0,190.5,9525.0,2025-09-18
2025091801000056,KBL,14,50,45.0,190.5,8572.5,2025-09-18
2025091801000055,KBL,14,52,5.0,190.5,952.5,2025-09-18
2025091801000054,KBL,14,52,95.0,190.5,18097.5,2025-09-18
2025091801000053,KBL,14,34,170.0,190.5,32385.0,2025-09-18
2025091803000017,CFCL,19,1,50.0,474.0,23700.0,2025-09-18
2025091801000052,KBL,22,34,500.0,190.5,95250.0,2025-09-18
2025091801000051,KBL,5,34,200.0,190.5,38100.0,2025-09-18
2025091801000050,KBL,49,34,100.0,190.5,19050.0,2025-09-18
2025091801000049,KBL,63,34,30.0,190.5,5715.0,2025-09-18
2025091801000048,KBL,8,39,200.0,190.5,38100.0,2025-09-18
2025091801000047,KBL,8,52,300.0,190.5,57150.0,2025-09-18
2025091805000024,SMATA,77,74,10.0,955.5,9555.0,2025-09-18
2025091804000017,UAIL,51,26,20.0,502.0,10040.0,2025-09-18
2025091801000046,LSL,11,20,100.0,226.0,22600.0,2025-09-18
2025091801000045,LSL,16,20,50.0,226.0,11300.0,2025-09-18
2025091801000044,LSL,26,20,50.0,226.0,11300.0,2025-09-18
2025091801000043,LSL,29,20,200.0,226.0,45200.0,2025-09-18
2025091805000023,HIDCL,58,41,100.0,265.0,26500.0,2025-09-18
2025091805000022,HIDCL,14,41,20.0,265.0,5300.0,2025-09-18
2025091805000021,HIDCL,29,41,200.0,265.0,53000.0,2025-09-18
2025091805000020,HIDCL,49,41,20.0,265.0,5300.0,2025-09-18
2025091805000019,HIDCL,41,41,10.0,265.0,2650.0,2025-09-18
2025091805000018,HIDCL,34,41,50.0,265.0,13250.0,2025-09-18
2025091804000016,HEI,49,17,20.0,560.0,11200.0,2025-09-18
2025091803000016,GFCL,29,39,100.0,586.5,58650.0,2025-09-18
2025091803000015,GFCL,49,39,25.0,586.5,14662.5,2025-09-18
2025091801000042,NICA,35,17,10.0,333.0,3330.0,2025-09-18
2025091801000041,NICA,57,17,50.0,333.0,16650.0,2025-09-18
2025091801000040,NICA,71,17,250.0,333.0,83250.0,2025-09-18
2025091801000039,NICA,6,17,500.0,333.0,166500.0,2025-09-18
2025091801000038,NICA,29,17,69.0,333.0,22977.0,2025-09-18
2025091801000037,NICA,29,17,80.0,333.0,26640.0,2025-09-18
2025091801000036,NICA,29,56,10.0,333.0,3330.0,2025-09-18
2025091801000035,NICA,99,56,10.0,333.0,3330.0,2025-09-18
2025091805000017,NTC,6,1,30.0,809.1,24273.0,2025-09-18
2025091805000016,NTC,96,1,10.0,809.1,8091.0,2025-09-18
2025091805000015,NTC,99,1,10.0,809.1,8091.0,2025-09-18
2025091804000015,NICL,49,41,20.0,578.0,11560.0,2025-09-18
2025091803000014,GUFL,19,39,100.0,499.6,49960.0,2025-09-18
2025091803000013,GUFL,1,39,100.0,499.6,49960.0,2025-09-18
2025091801000034,EBL,29,50,20.0,698.0,13960.0,2025-09-18
2025091801000033,EBL,29,17,100.0,698.0,69800.0,2025-09-18
2025091801000032,EBL,29,1,80.0,698.0,55840.0,2025-09-18
2025091801000031,EBL,45,1,100.0,698.0,69800.0,2025-09-18
2025091801000030,EBL,99,1,10.0,698.0,6980.0,2025-09-18
2025091801000029,EBL,34,1,10.0,698.0,6980.0,2025-09-18
2025091803000012,NFS,21,21,10.0,633.0,6330.0,2025-09-18
2025091804000014,CHCL,55,49,130.0,488.0,63440.0,2025-09-18
2025091804000013,CHCL,55,49,20.0,488.0,9760.0,2025-09-18
2025091804000012,CHCL,6,49,80.0,488.0,39040.0,2025-09-18
2025091804000011,CHCL,6,40,130.0,488.0,63440.0,2025-09-18
2025091804000010,CHCL,6,6,10.0,488.0,4880.0,2025-09-18
2025091804000009,CHCL,6,45,280.0,488.0,136640.0,2025-09-18
2025091804000008,CHCL,99,45,10.0,488.0,4880.0,2025-09-18
2025091804000007,CHCL,45,45,10.0,488.0,4880.0,2025-09-18
2025091805000014,HDL,49,56,50.0,1342.7,67135.0,2025-09-18
2025091805000013,HDL,51,56,50.0,1342.7,67135.0,2025-09-18
2025091805000012,HDL,34,56,40.0,1342.7,53708.0,2025-09-18
2025091805000011,HDL,41,56,69.0,1342.7,92646.3,2025-09-18
2025091805000010,HDL,41,48,31.0,1342.7,41623.7,2025-09-18
2025091803000011,LICN,94,67,70.0,820.0,57400.0,2025-09-18
2025091805000009,HDL,5,48,25.0,1342.7,33567.5,2025-09-18
2025091805000008,HDL,25,48,24.0,1342.7,32224.8,2025-09-18
2025091805000007,HDL,34,48,10.0,1342.7,13427.0,2025-09-18
2025091803000010,LICN,41,67,10.0,820.0,8200.0,2025-09-18
2025091805000006,HDL,99,48,10.0,1342.7,13427.0,2025-09-18
2025091804000006,BPCL,35,8,31.0,784.3,24313.3,2025-09-18
2025091804000005,BPCL,34,8,100.0,784.3,78430.0,2025-09-18
2025091804000004,BPCL,34,8,10.0,784.3,7843.0,2025-09-18
2025091801000028,HBL,11,38,100.0,196.6,19660.0,2025-09-18
2025091801000027,HBL,48,38,100.0,196.6,19660.0,2025-09-18
2025091801000026,HBL,14,38,10.0,196.6,1966.0,2025-09-18
2025091801000025,HBL,59,38,200.0,196.6,39320.0,2025-09-18
2025091801000024,HBL,50,38,57.0,196.6,11206.2,2025-09-18
2025091801000023,HBL,50,39,203.0,196.6,39909.8,2025-09-18
2025091801000022,HBL,59,39,97.0,196.6,19070.2,2025-09-18
2025091801000021,HBL,59,58,293.0,196.6,57603.8,2025-09-18
2025091801000020,HBL,59,58,19.0,196.6,3735.4,2025-09-18
2025091803000009,NLIC,38,56,21.0,753.8,15829.8,2025-09-18
2025091803000008,NLIC,38,56,29.0,753.8,21860.2,2025-09-18
2025091803000007,NLIC,94,56,50.0,753.8,37690.0,2025-09-18
2025091803000006,NLIC,50,56,250.0,753.8,188450.0,2025-09-18
2025091804000003,NHPC,48,34,200.0,195.0,39000.0,2025-09-18
2025091804000002,NHPC,56,34,50.0,195.0,9750.0,2025-09-18
2025091804000001,NHPC,29,47,300.0,195.0,58500.0,2025-09-18
2025091805000005,CIT,11,13,10.0,1858.0,18580.0,2025-09-18
2025091805000004,CIT,43,13,240.0,1858.0,445920.0,2025-09-18
2025091805000003,CIT,43,53,10.0,1858.0,18580.0,2025-09-18
2025091805000002,CIT,99,53,10.0,1858.0,18580.0,2025-09-18
2025091801000019,SCB,25,34,50.0,619.1,30955.0,2025-09-18
2025091801000018,SCB,25,34,50.0,619.1,30955.0,2025-09-18
2025091801000017,SCB,45,34,50.0,619.1,30955.0,2025-09-18
2025091803000005,NABBC,42,66,10.0,675.7,6757.0,2025-09-18
2025091803000004,NABBC,42,45,10.0,675.7,6757.0,2025-09-18
2025091801000016,NIMB,32,34,250.0,201.2,50300.0,2025-09-18
2025091801000015,NIMB,32,34,50.0,201.2,10060.0,2025-09-18
2025091801000014,NIMB,5,34,200.0,201.2,40240.0,2025-09-18
2025091801000013,NIMB,56,34,48.0,201.2,9657.6,2025-09-18
2025091801000012,NIMB,7,34,150.0,201.2,30180.0,2025-09-18
2025091801000011,NIMB,32,34,100.0,201.2,20120.0,2025-09-18
2025091801000010,NIMB,36,34,10.0,201.2,2012.0,2025-09-18
2025091803000003,CBBL,48,34,190.0,993.3,188727.0,2025-09-18
2025091803000002,CBBL,48,1,100.0,993.3,99330.0,2025-09-18
2025091803000001,CBBL,48,42,10.0,993.3,9933.0,2025-09-18
2025091801000009,NABIL,19,49,500.0,502.9,251450.0,2025-09-18
2025091801000008,NABIL,42,49,10.0,502.9,5029.0,2025-09-18
2025091801000007,NABIL,38,49,100.0,502.9,50290.0,2025-09-18
2025091801000006,NABIL,57,49,50.0,502.9,25145.0,2025-09-18
2025091801000005,NABIL,57,49,50.0,502.9,25145.0,2025-09-18
2025091801000004,NABIL,56,49,50.0,502.9,25145.0,2025-09-18
2025091801000003,NABIL,66,49,97.0,502.9,48781.3,2025-09-18
2025091801000002,NABIL,66,53,190.0,502.9,95551.0,2025-09-18
2025091801000001,NABIL,99,53,10.0,502.9,5029.0,2025-09-18
2025091805000001,STC,91,50,20.0,5123.0,102460.0,2025-09-18
